path,extension,top_area,flow_group,inferred_role,has_python_main_guard,mtime_utc,size_bytes
config/scheduler/AMZ_Price_List_Manager.xml,.xml,config,scheduler,scheduler_export,,2026-04-30T15:05:17Z,3260
run_30day_catchup.bat,.bat,run_30day_catchup.bat,entrypoint,batch_entrypoint,,2026-02-18T13:22:37Z,206
run_A_all.bat,.bat,run_A_all.bat,entrypoint,batch_entrypoint,,2026-04-28T16:41:39Z,1581
run_api_collection.py,.py,run_api_collection.py,,support,1,2026-04-05T21:36:58Z,49619
run_B_cycle.bat,.bat,run_B_cycle.bat,entrypoint,batch_entrypoint,,2026-04-28T16:41:39Z,1849
run_controlled_restart_controller.bat,.bat,run_controlled_restart_controller.bat,entrypoint,batch_entrypoint,,2026-04-30T15:43:46Z,2546
run_controlled_restart_postcheck.bat,.bat,run_controlled_restart_postcheck.bat,entrypoint,batch_entrypoint,,2026-03-13T08:23:47Z,628
run_DIFF_active_vs_scope.bat,.bat,run_DIFF_active_vs_scope.bat,entrypoint,batch_entrypoint,,2026-03-02T13:29:34Z,719
run_E_all.bat,.bat,run_E_all.bat,entrypoint,batch_entrypoint,,2026-02-18T13:22:20Z,441
run_F_price_list_manager_cycle.bat,.bat,run_F_price_list_manager_cycle.bat,entrypoint,batch_entrypoint,,2026-04-30T15:42:27Z,2609
run_F_shure_full_legacy_scan.bat,.bat,run_F_shure_full_legacy_scan.bat,entrypoint,batch_entrypoint,,2026-04-15T15:21:50Z,2169
run_F_shure_test_mode_scan_once.bat,.bat,run_F_shure_test_mode_scan_once.bat,entrypoint,batch_entrypoint,,2026-04-14T12:25:23Z,1748
run_F_supplier_full_legacy_scan.bat,.bat,run_F_supplier_full_legacy_scan.bat,entrypoint,batch_entrypoint,,2026-04-14T12:25:34Z,212
run_F_supplier_test_mode_scan_once.bat,.bat,run_F_supplier_test_mode_scan_once.bat,entrypoint,batch_entrypoint,,2026-04-14T12:25:42Z,215
run_H_clear_controlled_mode.bat,.bat,run_H_clear_controlled_mode.bat,entrypoint,batch_entrypoint,,2026-03-01T11:56:45Z,317
run_H_controlled_once.bat,.bat,run_H_controlled_once.bat,entrypoint,batch_entrypoint,,2026-03-01T11:56:55Z,556
run_H_cycle.bat,.bat,run_H_cycle.bat,entrypoint,batch_entrypoint,,2026-05-01T09:06:01Z,53592
run_H_isolation_failure.bat,.bat,run_H_isolation_failure.bat,entrypoint,batch_entrypoint,,2026-03-20T14:49:16Z,264
run_H_isolation_pause.bat,.bat,run_H_isolation_pause.bat,entrypoint,batch_entrypoint,,2026-03-20T14:49:08Z,258
run_H_isolation_resume.bat,.bat,run_H_isolation_resume.bat,entrypoint,batch_entrypoint,,2026-03-20T14:49:20Z,259
run_H_isolation_status.bat,.bat,run_H_isolation_status.bat,entrypoint,batch_entrypoint,,2026-03-20T14:49:05Z,259
run_H_isolation_success.bat,.bat,run_H_isolation_success.bat,entrypoint,batch_entrypoint,,2026-03-20T14:49:12Z,264
run_H_owner_audit_enable.bat,.bat,run_H_owner_audit_enable.bat,entrypoint,batch_entrypoint,,2026-03-20T19:09:40Z,260
run_H_owner_audit_revert.bat,.bat,run_H_owner_audit_revert.bat,entrypoint,batch_entrypoint,,2026-03-20T19:09:44Z,260
run_H_owner_audit_status.bat,.bat,run_H_owner_audit_status.bat,entrypoint,batch_entrypoint,,2026-03-20T19:09:37Z,260
run_H_set_controlled_mode.bat,.bat,run_H_set_controlled_mode.bat,entrypoint,batch_entrypoint,,2026-03-01T11:56:41Z,309
run_home_time_monitor.bat,.bat,run_home_time_monitor.bat,entrypoint,batch_entrypoint,,2026-04-02T21:52:52Z,1099
run_home_time_monitor_offline.bat,.bat,run_home_time_monitor_offline.bat,entrypoint,batch_entrypoint,,2026-03-16T07:27:16Z,1058
run_home_time_monitor_supervisor.bat,.bat,run_home_time_monitor_supervisor.bat,entrypoint,batch_entrypoint,,2026-04-03T12:40:21Z,884
run_O_operator_ui.bat,.bat,run_O_operator_ui.bat,entrypoint,batch_entrypoint,,2026-04-29T15:00:17Z,435
run_SellerOne_UI.bat,.bat,run_SellerOne_UI.bat,entrypoint,batch_entrypoint,,2026-05-01T08:17:29Z,438
scripts/__init__.py,.py,scripts,,support,0,2026-02-18T13:43:00Z,98
scripts/api/__init__.py,.py,scripts,external_api,api_integration,0,2026-02-18T13:43:00Z,46
scripts/api/amazon_listings_items.py,.py,scripts,external_api,api_integration,0,2026-05-01T12:16:38Z,13669
scripts/api/amazon_listings_restrictions.py,.py,scripts,external_api,api_integration,0,2026-05-01T12:49:28Z,4083
scripts/api/get_catalog_items.py,.py,scripts,external_api,api_integration,0,2026-02-18T13:43:00Z,2178
scripts/api/get_competitive_summary.py,.py,scripts,external_api,api_integration,0,2026-03-05T15:36:00Z,9113
scripts/api/get_financial_events.py,.py,scripts,external_api,api_integration,0,2026-02-18T13:43:00Z,3135
scripts/api/get_inventory_summaries.py,.py,scripts,external_api,api_integration,0,2026-02-18T13:43:00Z,3940
scripts/api/get_listing_item_price.py,.py,scripts,external_api,api_integration,0,2026-02-20T12:58:57Z,6275
scripts/api/get_marketplace_participations.py,.py,scripts,external_api,api_integration,0,2026-02-18T13:43:00Z,4175
scripts/api/get_merchant_listings_report.py,.py,scripts,external_api,api_integration,1,2026-02-18T13:43:00Z,10882
scripts/api/get_orders.py,.py,scripts,external_api,api_integration,0,2026-02-18T13:43:00Z,4489
scripts/api/get_pricing.py,.py,scripts,external_api,api_integration,0,2026-04-05T21:32:28Z,33738
scripts/api/get_restricted_data_token.py,.py,scripts,external_api,api_integration,0,2026-02-18T13:43:00Z,2198
scripts/api/spapi_owner.py,.py,scripts,external_api,api_integration,0,2026-05-01T10:42:05Z,23448
scripts/api/spapi_signed.py,.py,scripts,external_api,api_integration,0,2026-03-12T14:45:21Z,9595
scripts/core/__init__.py,.py,scripts,,support,0,2026-02-18T13:43:00Z,7
scripts/core/flow_health_gate.py,.py,scripts,,support,0,2026-04-01T08:48:45Z,1321
scripts/core/out_paths.py,.py,scripts,,support,0,2026-02-18T13:43:00Z,2842
scripts/core/run_manifest.py,.py,scripts,,support,0,2026-03-10T10:20:10Z,9503
scripts/core/runtime_owner_contract.py,.py,scripts,,support,0,2026-04-01T08:35:19Z,5626
scripts/core/runtime_stream.py,.py,scripts,,support,0,2026-04-01T22:01:14Z,2505
scripts/core/script_locator.py,.py,scripts,,support,0,2026-02-19T13:34:16Z,865
scripts/core/storage/__init__.py,.py,scripts,,support,0,2026-04-29T14:48:25Z,1284
scripts/core/storage/adapter.py,.py,scripts,,support,0,2026-04-28T12:40:16Z,5032
scripts/core/storage/config.py,.py,scripts,,support,0,2026-04-28T12:39:57Z,1489
scripts/core/storage/feeder_review.py,.py,scripts,,support,0,2026-04-29T14:48:20Z,9439
scripts/core/storage/pandas_bridge.py,.py,scripts,,support,0,2026-04-28T14:36:15Z,8295
scripts/core/verify_live_writer_paths.py,.py,scripts,,support,1,2026-02-18T13:43:00Z,6799
scripts/cycles/__init__.py,.py,scripts,cycle,cycle_runner,0,2026-02-18T13:43:00Z,7
scripts/cycles/run_30day_catchup.py,.py,scripts,cycle,cycle_runner,1,2026-02-18T13:43:00Z,2064
scripts/cycles/run_A_all.py,.py,scripts,cycle,cycle_runner,1,2026-04-30T12:23:13Z,74090
scripts/cycles/run_B_cycle.py,.py,scripts,cycle,cycle_runner,1,2026-04-20T16:27:00Z,84776
scripts/cycles/run_B_supervisor.py,.py,scripts,cycle,cycle_runner,1,2026-04-01T22:30:32Z,10032
scripts/cycles/run_C_cycle.py,.py,scripts,cycle,cycle_runner,1,2026-02-18T13:43:00Z,4129
scripts/cycles/run_E_cycle.py,.py,scripts,cycle,cycle_runner,1,2026-04-17T21:53:16Z,24680
scripts/cycles/run_H_pricing_cycle.py,.py,scripts,cycle,cycle_runner,1,2026-05-01T18:07:27Z,756941
scripts/cycles/run_H_pricing_cycle_guarded.py,.py,scripts,cycle,cycle_runner,1,2026-04-02T23:22:03Z,96573
scripts/cycles/run_O_cycle.py,.py,scripts,cycle,cycle_runner,1,2026-04-17T13:48:14Z,14081
scripts/flows/__init__.py,.py,scripts,__init__.py,flow_script,0,2026-02-18T13:43:00Z,7
scripts/flows/A/__init__.py,.py,scripts,A,flow_script,0,2026-02-18T13:43:00Z,7
scripts/flows/A/A001_run_listings_to_sheet.py,.py,scripts,A,flow_script,1,2026-04-28T14:22:31Z,16326
scripts/flows/A/A002_run_catalog_items_to_sheet.py,.py,scripts,A,flow_script,1,2026-04-28T14:22:41Z,31550
scripts/flows/A/A003_run_inventory_to_sheet.py,.py,scripts,A,flow_script,1,2026-04-30T13:18:38Z,55623
scripts/flows/A/A004_run_fees_to_sheet.py,.py,scripts,A,flow_script,1,2026-04-28T14:39:09Z,27202
scripts/flows/A/A005_run_inventory_adjustments_report.py,.py,scripts,A,flow_script,1,2026-04-28T14:10:35Z,19514
scripts/flows/A/A006_build_stock_events_raw.py,.py,scripts,A,flow_script,1,2026-04-28T13:03:29Z,4910
scripts/flows/A/A010_apply_researching_delta.py,.py,scripts,A,flow_script,1,2026-02-19T11:09:02Z,964
scripts/flows/A/A015_build_system_health_check.py,.py,scripts,A,flow_script,1,2026-04-29T14:57:32Z,317509
scripts/flows/A/A016_refresh_phase1_daily_intel.py,.py,scripts,A,flow_script,1,2026-04-29T14:56:58Z,73925
scripts/flows/A/A018_build_phase1_floor_table.py,.py,scripts,A,flow_script,1,2026-04-29T14:57:03Z,11703
scripts/flows/A/A020_run_daily_finance.py,.py,scripts,A,flow_script,1,2026-03-11T22:36:08Z,2318
scripts/flows/B/__init__.py,.py,scripts,B,flow_script,0,2026-02-18T13:43:00Z,7
scripts/flows/B/_finance_io.py,.py,scripts,B,flow_script,0,2026-04-29T16:47:48Z,3765
scripts/flows/B/B001_run_orders_to_sheet.py,.py,scripts,B,flow_script,1,2026-04-29T16:45:39Z,81106
scripts/flows/B/B002_run_pending_orders_to_sheet.py,.py,scripts,B,flow_script,1,2026-04-29T16:46:06Z,66671
scripts/flows/B/B003_run_financial_events_level3.py,.py,scripts,B,flow_script,1,2026-04-29T16:47:07Z,91016
scripts/flows/B/B004_build_order_master.py,.py,scripts,B,flow_script,1,2026-04-29T16:47:26Z,62278
scripts/flows/B/B005_run_financial_transactions_v2024.py,.py,scripts,B,flow_script,1,2026-02-18T13:43:00Z,11666
scripts/flows/B/B006_build_fx_ledgers.py,.py,scripts,B,flow_script,1,2026-04-28T13:49:38Z,12553
scripts/flows/B/B007_allocate_tokens_live.py,.py,scripts,B,flow_script,1,2026-04-29T16:48:09Z,42991
scripts/flows/B/B008_apply_refunds_to_tokens.py,.py,scripts,B,flow_script,1,2026-04-28T13:55:06Z,11767
scripts/flows/B/B009_apply_stock_adjustments_to_tokens.py,.py,scripts,B,flow_script,1,2026-04-28T13:59:36Z,28301
scripts/flows/B/B010_apply_researching_delta.py,.py,scripts,B,flow_script,1,2026-03-30T11:46:03Z,10133
scripts/flows/B/B010_build_token_ops_outputs.py,.py,scripts,B,flow_script,1,2026-04-28T13:01:54Z,9012
scripts/flows/B/B011_recover_l3_orphans.py,.py,scripts,B,flow_script,1,2026-03-10T15:55:01Z,13211
scripts/flows/B/B012_build_token_events_append.py,.py,scripts,B,flow_script,1,2026-04-28T13:30:43Z,10752
scripts/flows/B/B012_recover_orphan_order_items.py,.py,scripts,B,flow_script,1,2026-02-18T13:43:00Z,4798
scripts/flows/B/B013_build_token_weekly_drift.py,.py,scripts,B,flow_script,1,2026-03-30T15:57:47Z,6388
scripts/flows/B/B014_build_token_daily_checklist.py,.py,scripts,B,flow_script,1,2026-04-28T13:01:58Z,6629
scripts/flows/B/B016_export_token_ledger_snapshot.py,.py,scripts,B,flow_script,1,2026-02-18T13:43:00Z,1411
scripts/flows/B/B020_build_adjustment_partials_action.py,.py,scripts,B,flow_script,1,2026-03-09T11:26:00Z,4763
scripts/flows/B/B021_build_token_proof_pack.py,.py,scripts,B,flow_script,1,2026-03-30T15:58:32Z,5495
scripts/flows/B/B023_build_token_system_report.py,.py,scripts,B,flow_script,1,2026-03-09T11:26:00Z,9587
scripts/flows/B/B024_build_tokens_november_anchor.py,.py,scripts,B,flow_script,1,2026-04-29T16:47:55Z,15997
scripts/flows/B/B025_build_token_cogs_ledger.py,.py,scripts,B,flow_script,1,2026-04-28T12:50:01Z,8454
scripts/flows/B/B026_run_token_cycle.py,.py,scripts,B,flow_script,1,2026-02-18T13:43:00Z,2553
scripts/flows/B/B028_enrich_product_db_from_catalog.py,.py,scripts,B,flow_script,1,2026-02-18T13:43:00Z,5903
scripts/flows/B/B030_run_inbound_shipment_contents_report.py,.py,scripts,B,flow_script,1,2026-04-28T14:19:25Z,11462
scripts/flows/B/B030_sync_token_allocations_from_sheet.py,.py,scripts,B,flow_script,1,2026-03-10T15:55:01Z,3259
scripts/flows/B/B031_run_inbound_shipment_items.py,.py,scripts,B,flow_script,1,2026-04-28T14:19:36Z,6096
scripts/flows/B/B032_update_token_lot_rank_from_orders_sheet.py,.py,scripts,B,flow_script,1,2026-04-29T16:47:59Z,2918
scripts/flows/B/B033_reset_allocations_and_reallocate.py,.py,scripts,B,flow_script,1,2026-02-18T13:43:00Z,2967
scripts/flows/B/B036_run_vat_transaction_report.py,.py,scripts,B,flow_script,1,2026-02-18T13:43:00Z,7241
scripts/flows/C/__init__.py,.py,scripts,C,flow_script,0,2026-02-18T13:43:00Z,7
scripts/flows/C/C001_build_inbound_delivery_status.py,.py,scripts,C,flow_script,1,2026-02-18T13:43:00Z,3739
scripts/flows/C/C002_build_inbound_missing_units.py,.py,scripts,C,flow_script,1,2026-02-18T13:43:00Z,3010
scripts/flows/C/C002_import_manual_product_data.py,.py,scripts,C,flow_script,1,2026-02-18T13:43:00Z,3910
scripts/flows/C/C003_build_inbound_cost_events.py,.py,scripts,C,flow_script,1,2026-02-18T13:43:00Z,1310
scripts/flows/C/C004_build_inbound_cost_allocations.py,.py,scripts,C,flow_script,1,2026-02-18T13:43:00Z,3272
scripts/flows/C/C005_allocate_inbound_costs_to_sku.py,.py,scripts,C,flow_script,1,2026-02-18T13:43:00Z,6590
scripts/flows/C/C006_build_token_maturity_window.py,.py,scripts,C,flow_script,1,2026-02-18T13:43:00Z,3088
scripts/flows/C/C007_run_storage_fee_report.py,.py,scripts,C,flow_script,1,2026-02-18T13:43:00Z,8568
scripts/flows/C/C008_run_long_term_storage_fee_report.py,.py,scripts,C,flow_script,1,2026-02-18T13:43:00Z,8625
scripts/flows/C/C009_run_inbound_shipment_contents.py,.py,scripts,C,flow_script,1,2026-03-12T11:12:55Z,2601
scripts/flows/C/C010_publish_c_outputs.py,.py,scripts,C,flow_script,1,2026-02-18T13:43:00Z,2159
scripts/flows/C/C012_setup_c_workbook_tabs.py,.py,scripts,C,flow_script,1,2026-02-18T13:43:00Z,2208
scripts/flows/D/__init__.py,.py,scripts,D,flow_script,0,2026-02-18T13:43:00Z,7
scripts/flows/D/D001_build_pnl_daily.py,.py,scripts,D,flow_script,1,2026-03-30T15:58:51Z,38015
scripts/flows/D/D002_compare_settlement_to_pnl.py,.py,scripts,D,flow_script,1,2026-02-18T13:43:00Z,8455
scripts/flows/D/D003_build_transaction_ledger.py,.py,scripts,D,flow_script,1,2026-02-18T13:43:00Z,2355
scripts/flows/D/D004_allocate_transaction_expenses.py,.py,scripts,D,flow_script,1,2026-02-18T13:43:00Z,4934
scripts/flows/D/D004_build_order_master_audit.py,.py,scripts,D,flow_script,1,2026-02-18T13:43:00Z,5290
scripts/flows/D/D005_build_unallocated_expenses_ledger.py,.py,scripts,D,flow_script,1,2026-02-18T13:43:00Z,1546
scripts/flows/D/D006_build_transaction_expense_coverage.py,.py,scripts,D,flow_script,1,2026-02-18T13:43:00Z,2191
scripts/flows/D/D007_build_transaction_category_ledger.py,.py,scripts,D,flow_script,1,2026-02-18T13:43:00Z,5585
scripts/flows/D/D007_update_token_costs_from_orders_sheet.py,.py,scripts,D,flow_script,1,2026-02-18T13:43:00Z,2747
scripts/flows/D/D008_build_settlement_order_scope_report.py,.py,scripts,D,flow_script,1,2026-02-18T13:43:00Z,8351
scripts/flows/D/D009_backdate_tokens_all.py,.py,scripts,D,flow_script,1,2026-04-28T14:37:31Z,10560
scripts/flows/D/D009_build_settlement_scoped_pnl.py,.py,scripts,D,flow_script,1,2026-02-18T13:43:00Z,4133
scripts/flows/D/D010_build_pnl_day_breakdown.py,.py,scripts,D,flow_script,1,2026-02-18T13:43:00Z,17817
scripts/flows/D/D011_build_pnl_side_by_side.py,.py,scripts,D,flow_script,1,2026-02-18T13:43:00Z,13782
scripts/flows/D/D012_build_fee_vat_ledger.py,.py,scripts,D,flow_script,1,2026-02-18T13:43:00Z,2744
scripts/flows/D/D013_build_pnl_workbook.py,.py,scripts,D,flow_script,1,2026-02-18T13:43:00Z,15708
scripts/flows/D/D013_build_vat_report.py,.py,scripts,D,flow_script,1,2026-03-30T15:58:41Z,12764
scripts/flows/D/D014_build_fee_detail_ledger.py,.py,scripts,D,flow_script,1,2026-02-18T13:43:00Z,2890
scripts/flows/D/D015_enrich_fee_detail_ledger.py,.py,scripts,D,flow_script,1,2026-02-18T13:43:00Z,3509
scripts/flows/D/D016_build_fee_detail_ledger_api.py,.py,scripts,D,flow_script,1,2026-02-18T13:43:00Z,2588
scripts/flows/D/D017_audit_daily_guardrails.py,.py,scripts,D,flow_script,1,2026-02-18T13:43:00Z,6648
scripts/flows/D/D018_build_token_batch_report.py,.py,scripts,D,flow_script,0,2026-02-18T13:43:00Z,3044
scripts/flows/D/D018_update_manual_comparison_fx.py,.py,scripts,D,flow_script,1,2026-02-18T13:43:00Z,4487
scripts/flows/D/D019_build_missing_orders_vs_sellerboard.py,.py,scripts,D,flow_script,1,2026-02-18T13:43:00Z,2799
scripts/flows/E/__init__.py,.py,scripts,E,flow_script,0,2026-02-18T13:43:00Z,7
scripts/flows/E/E001_build_sales_velocity.py,.py,scripts,E,flow_script,1,2026-04-28T14:37:39Z,5497
scripts/flows/E/E002_build_roi_snapshot.py,.py,scripts,E,flow_script,1,2026-04-28T13:15:29Z,6679
scripts/flows/E/E003_build_restock_signals.py,.py,scripts,E,flow_script,1,2026-04-28T14:37:50Z,4588
scripts/flows/E/E004_build_performance_summary.py,.py,scripts,E,flow_script,1,2026-04-28T14:38:02Z,17443
scripts/flows/E/E005_build_study_report.py,.py,scripts,E,flow_script,1,2026-04-28T13:21:12Z,7218
scripts/flows/E/E006_build_sales_truth_reconciliation.py,.py,scripts,E,flow_script,1,2026-04-28T13:25:11Z,8166
scripts/flows/E/E007_build_sku_daily_sales_truth.py,.py,scripts,E,flow_script,1,2026-04-28T13:25:20Z,6593
scripts/flows/E/E010_publish_e_outputs.py,.py,scripts,E,flow_script,1,2026-04-17T22:05:59Z,2187
scripts/flows/E/e_sales_truth_common.py,.py,scripts,E,flow_script,0,2026-04-22T12:33:36Z,29048
scripts/flows/F/__init__.py,.py,scripts,F,flow_script,0,2026-04-07T14:30:05Z,582
scripts/flows/F/_contract_io.py,.py,scripts,F,flow_script,0,2026-04-29T15:09:36Z,2988
scripts/flows/F/_paths.py,.py,scripts,F,flow_script,0,2026-04-07T14:10:24Z,964
scripts/flows/F/_profit_model.py,.py,scripts,F,flow_script,0,2026-04-23T14:55:45Z,5036
scripts/flows/F/_schemas.py,.py,scripts,F,flow_script,0,2026-05-01T13:17:37Z,65290
scripts/flows/F/_source_contracts.py,.py,scripts,F,flow_script,0,2026-04-20T10:40:45Z,19732
scripts/flows/F/F005_build_supplier_price_list_universal.py,.py,scripts,F,flow_script,1,2026-04-29T15:13:04Z,17578
scripts/flows/F/F010_build_feeder_candidate_intake.py,.py,scripts,F,flow_script,1,2026-04-29T15:13:04Z,14173
scripts/flows/F/F020_build_feeder_candidate_classification.py,.py,scripts,F,flow_script,1,2026-04-29T15:13:04Z,21223
scripts/flows/F/F030_build_shared_feeder_pass_logic.py,.py,scripts,F,flow_script,1,2026-04-29T15:13:04Z,14237
scripts/flows/F/F040_build_feeder_candidate_approval_queue.py,.py,scripts,F,flow_script,1,2026-04-29T15:13:04Z,21835
scripts/flows/F/F050_build_feeder_po_handoff.py,.py,scripts,F,flow_script,1,2026-04-29T15:13:04Z,17441
scripts/flows/F/F060_build_legacy_sheet_review_pack.py,.py,scripts,F,flow_script,1,2026-04-29T15:13:04Z,18105
scripts/flows/F/F061_run_legacy_first_checks_local.py,.py,scripts,F,flow_script,1,2026-05-01T10:22:02Z,159855
scripts/flows/F/F062_reset_supplier_test_mode.py,.py,scripts,F,flow_script,1,2026-04-29T15:13:37Z,15588
scripts/flows/F/F070_build_backtest_policy_snapshot.py,.py,scripts,F,flow_script,1,2026-04-29T15:13:13Z,6026
scripts/flows/F/F071_build_backtest_input_view.py,.py,scripts,F,flow_script,1,2026-04-29T15:13:13Z,77332
scripts/flows/F/F072_run_backtest_replay.py,.py,scripts,F,flow_script,1,2026-04-29T15:13:13Z,32209
scripts/flows/F/F073_build_backtest_summary.py,.py,scripts,F,flow_script,1,2026-04-29T15:13:13Z,32706
scripts/flows/F/F074_build_backtest_health.py,.py,scripts,F,flow_script,1,2026-04-29T15:13:13Z,56067
scripts/flows/F/F075_apply_backtest_policy_updates.py,.py,scripts,F,flow_script,1,2026-04-29T15:13:13Z,9092
scripts/flows/F/F080_build_feedback_calibration_shadow.py,.py,scripts,F,flow_script,1,2026-04-17T17:50:23Z,9310
scripts/flows/F/F090_build_amazon_listing_intake.py,.py,scripts,F,flow_script,1,2026-05-01T13:18:16Z,28051
scripts/flows/F/F091_reserve_amazon_listing_skus.py,.py,scripts,F,flow_script,1,2026-05-01T10:27:54Z,11868
scripts/flows/F/F092_build_amazon_listing_drafts.py,.py,scripts,F,flow_script,1,2026-05-01T13:18:24Z,17534
scripts/flows/F/F093_run_amazon_listing_preview.py,.py,scripts,F,flow_script,1,2026-05-01T12:04:25Z,17702
scripts/flows/F/F094_submit_amazon_listing_drafts.py,.py,scripts,F,flow_script,1,2026-05-01T12:52:10Z,20236
scripts/flows/F/F095_check_amazon_listing_submission_status.py,.py,scripts,F,flow_script,1,2026-05-01T12:17:22Z,10035
scripts/flows/F/F096_reconcile_amazon_listing_submissions.py,.py,scripts,F,flow_script,1,2026-05-01T12:51:49Z,8051
scripts/flows/F/F097_check_amazon_listing_restrictions.py,.py,scripts,F,flow_script,1,2026-05-01T12:50:29Z,14711
scripts/flows/F/F098_build_brand_approval_queue.py,.py,scripts,F,flow_script,1,2026-05-01T12:54:08Z,19910
scripts/flows/F/f_scanner_timeout_policy.py,.py,scripts,F,flow_script,0,2026-05-01T10:17:14Z,24258
scripts/flows/F/legacy_scanner_2_1/amazonCatalogCall.py,.py,scripts,F,flow_script,0,2026-04-08T08:14:36Z,2697
scripts/flows/F/legacy_scanner_2_1/Chart_Test.py,.py,scripts,F,flow_script,1,2025-04-12T10:08:05Z,27378
scripts/flows/F/legacy_scanner_2_1/combine_csvs.py,.py,scripts,F,flow_script,0,2025-04-11T12:39:37Z,10761
scripts/flows/F/legacy_scanner_2_1/dropdownSelector.py,.py,scripts,F,flow_script,0,2026-04-15T15:06:11Z,17534
scripts/flows/F/legacy_scanner_2_1/feeCall.py,.py,scripts,F,flow_script,0,2026-04-08T17:23:34Z,3311
scripts/flows/F/legacy_scanner_2_1/firstCheck.py,.py,scripts,F,flow_script,1,2026-04-15T12:05:12Z,40794
scripts/flows/F/legacy_scanner_2_1/hazmatCall.py,.py,scripts,F,flow_script,1,2025-01-13T14:33:57Z,2334
scripts/flows/F/legacy_scanner_2_1/main_analysis.py,.py,scripts,F,flow_script,1,2026-04-15T12:05:21Z,19006
scripts/flows/F/legacy_scanner_2_1/newProductSourcing/manager.py,.py,scripts,F,flow_script,1,2025-06-05T14:11:50Z,2291
scripts/flows/F/legacy_scanner_2_1/newProductSourcing/newProductFirstCheck.py,.py,scripts,F,flow_script,1,2025-06-05T14:40:21Z,8259
scripts/flows/F/legacy_scanner_2_1/newProductSourcing/newProductSourcing.py,.py,scripts,F,flow_script,1,2025-06-05T09:26:11Z,10521
scripts/flows/F/legacy_scanner_2_1/newProductSourcing/run Manager.bat,.bat,scripts,F,flow_script,,2025-06-05T14:13:47Z,419
scripts/flows/F/legacy_scanner_2_1/newProductSourcing/test.py,.py,scripts,F,flow_script,0,2025-06-05T13:27:17Z,443
scripts/flows/F/legacy_scanner_2_1/pricingCall.py,.py,scripts,F,flow_script,0,2025-01-25T12:10:46Z,2716
scripts/flows/F/legacy_scanner_2_1/run_firstCheck.bat,.bat,scripts,F,flow_script,,2025-05-07T14:51:56Z,403
scripts/flows/F/legacy_scanner_2_1/test_new_asins.py,.py,scripts,F,flow_script,1,2025-04-11T13:31:26Z,1808
scripts/flows/F/legacy_scanner_2_1/tokenCall.py,.py,scripts,F,flow_script,1,2026-04-08T09:24:55Z,4824
scripts/flows/F/legacy_scanner_2_1/turnover_gate.py,.py,scripts,F,flow_script,0,2026-04-09T13:22:18Z,5295
scripts/flows/F/legacy_scanner_2_1/Webscrape.py,.py,scripts,F,flow_script,0,2026-04-30T08:25:37Z,150488
scripts/flows/F/legacy_scanner_2_1/WebscraperS2.py,.py,scripts,F,flow_script,0,2026-04-15T15:06:22Z,29730
scripts/flows/F/price_list_manager/__init__.py,.py,scripts,F,flow_script,0,2026-04-30T09:24:07Z,77
scripts/flows/F/price_list_manager/_io.py,.py,scripts,F,flow_script,0,2026-04-30T09:24:07Z,925
scripts/flows/F/price_list_manager/_paths.py,.py,scripts,F,flow_script,0,2026-04-30T09:24:07Z,908
scripts/flows/F/price_list_manager/_schemas.py,.py,scripts,F,flow_script,0,2026-05-01T08:38:58Z,10023
scripts/flows/F/price_list_manager/FPM001_build_test_fixtures.py,.py,scripts,F,flow_script,1,2026-04-30T09:31:47Z,10899
scripts/flows/F/price_list_manager/FPM010_check_acquisition_sources.py,.py,scripts,F,flow_script,1,2026-04-30T11:26:00Z,16767
scripts/flows/F/price_list_manager/FPM011_import_ready_sources.py,.py,scripts,F,flow_script,1,2026-05-01T10:44:24Z,19595
scripts/flows/F/price_list_manager/FPM012_enrich_batch_rows_for_f061.py,.py,scripts,F,flow_script,1,2026-05-01T10:46:25Z,12417
scripts/flows/F/price_list_manager/FPM013_download_ready_url_sources.py,.py,scripts,F,flow_script,1,2026-04-30T11:26:08Z,9229
scripts/flows/F/price_list_manager/FPM014_fetch_api_sources.py,.py,scripts,F,flow_script,1,2026-04-30T10:56:48Z,10901
scripts/flows/F/price_list_manager/FPM015_fetch_google_sheet_sources.py,.py,scripts,F,flow_script,1,2026-04-30T11:21:16Z,8538
scripts/flows/F/price_list_manager/FPM020_run_placeholder_scanner.py,.py,scripts,F,flow_script,1,2026-05-01T10:17:42Z,6575
scripts/flows/F/price_list_manager/FPM030_update_memory_from_results.py,.py,scripts,F,flow_script,1,2026-04-30T12:34:39Z,6714
scripts/flows/F/price_list_manager/FPM040_build_next_action.py,.py,scripts,F,flow_script,1,2026-05-01T10:42:18Z,12520
scripts/flows/F/price_list_manager/FPM050_build_next_action_report.py,.py,scripts,F,flow_script,1,2026-04-30T14:34:31Z,9627
scripts/flows/F/price_list_manager/FPM060_build_status_dashboard.py,.py,scripts,F,flow_script,1,2026-04-30T14:34:42Z,33759
scripts/flows/F/price_list_manager/FPM070_stage_f061_handoff.py,.py,scripts,F,flow_script,1,2026-04-30T14:34:36Z,15328
scripts/flows/F/price_list_manager/FPM080_set_queue_control.py,.py,scripts,F,flow_script,1,2026-04-30T11:47:18Z,4850
scripts/flows/F/price_list_manager/FPM090_set_f061_handoff_approval.py,.py,scripts,F,flow_script,1,2026-04-30T12:03:38Z,4702
scripts/flows/F/price_list_manager/FPM100_apply_f061_handoff.py,.py,scripts,F,flow_script,1,2026-04-30T12:22:04Z,12509
scripts/flows/F/price_list_manager/FPM110_run_test_mode_cycle.py,.py,scripts,F,flow_script,1,2026-04-30T12:44:49Z,19840
scripts/flows/F/price_list_manager/FPM120_build_f061_live_trial_samples.py,.py,scripts,F,flow_script,1,2026-04-30T12:53:22Z,10649
scripts/flows/F/price_list_manager/FPM121_apply_f061_live_trial_supplier.py,.py,scripts,F,flow_script,1,2026-04-30T12:54:11Z,10145
scripts/flows/F/price_list_manager/FPM125_import_f061_recovery_progress.py,.py,scripts,F,flow_script,1,2026-04-30T14:49:46Z,11582
scripts/flows/F/price_list_manager/FPM126_update_memory_from_f061_results.py,.py,scripts,F,flow_script,1,2026-05-01T11:57:16Z,14021
scripts/flows/F/price_list_manager/FPM130_run_live_cycle.py,.py,scripts,F,flow_script,1,2026-05-01T14:12:42Z,33454
scripts/flows/F/price_list_manager/FPM140_check_review_handoff_ready.py,.py,scripts,F,flow_script,1,2026-05-01T08:44:57Z,14986
scripts/flows/F/price_list_manager/FPM150_build_completed_review_pack.py,.py,scripts,F,flow_script,1,2026-05-01T08:45:06Z,9695
scripts/flows/F/price_list_manager/FPM160_f061_visible_login_maintenance.py,.py,scripts,F,flow_script,1,2026-05-01T14:06:39Z,11819
scripts/flows/F/price_list_manager/timeout_queue.py,.py,scripts,F,flow_script,0,2026-05-01T10:44:13Z,11889
scripts/flows/F/suppliers/__init__.py,.py,scripts,F,flow_script,0,2026-04-07T15:37:53Z,36
scripts/flows/F/suppliers/bliss_distribution.py,.py,scripts,F,flow_script,0,2026-04-30T10:09:43Z,6561
scripts/flows/F/suppliers/clf.py,.py,scripts,F,flow_script,0,2026-04-30T10:56:09Z,10210
scripts/flows/F/suppliers/dhb.py,.py,scripts,F,flow_script,0,2026-04-30T10:06:29Z,7426
scripts/flows/F/suppliers/entertainment_trading.py,.py,scripts,F,flow_script,0,2026-04-30T14:48:38Z,8181
scripts/flows/F/suppliers/heo.py,.py,scripts,F,flow_script,0,2026-04-30T10:51:24Z,10873
scripts/flows/F/suppliers/shure_cosmetics.py,.py,scripts,F,flow_script,0,2026-04-30T12:46:02Z,5505
scripts/flows/F/suppliers/stax.py,.py,scripts,F,flow_script,0,2026-04-30T10:40:41Z,6829
scripts/flows/F/suppliers/stocklist_supplier.py,.py,scripts,F,flow_script,0,2026-04-10T15:26:52Z,8915
scripts/flows/F/suppliers/td_synnex.py,.py,scripts,F,flow_script,0,2026-04-07T17:22:41Z,6933
scripts/flows/F/suppliers/we_stock_lots.py,.py,scripts,F,flow_script,0,2026-04-30T10:59:54Z,9590
scripts/flows/H/__init__.py,.py,scripts,H,flow_script,0,2026-02-18T13:43:00Z,7
scripts/flows/H/H001_capture_offer_snapshot.py,.py,scripts,H,flow_script,1,2026-02-18T13:43:00Z,377
scripts/flows/H/H002_build_phase1_seller_history.py,.py,scripts,H,flow_script,1,2026-03-09T11:31:50Z,13742
scripts/flows/H/H003_build_hos_guidelines_snapshot.py,.py,scripts,H,flow_script,1,2026-02-18T13:43:00Z,14233
scripts/flows/H/H004_build_daily_market_snapshot.py,.py,scripts,H,flow_script,1,2026-04-28T13:07:24Z,24687
scripts/flows/H/H005_build_daily_market_reports.py,.py,scripts,H,flow_script,1,2026-03-17T12:28:43Z,11642
scripts/flows/H/H006_seed_worker_probe_logs.py,.py,scripts,H,flow_script,1,2026-02-18T13:43:00Z,8193
scripts/flows/H/H007_run_safe_mode_pilot.py,.py,scripts,H,flow_script,1,2026-02-18T13:43:00Z,13145
scripts/flows/H/H110_run_phase1_h_pilot.py,.py,scripts,H,flow_script,1,2026-05-01T09:37:39Z,547025
scripts/flows/H/H130_build_phase1_observation_sheet.py,.py,scripts,H,flow_script,1,2026-05-01T16:30:17Z,114011
scripts/flows/O/__init__.py,.py,scripts,O,flow_script,0,2026-04-03T11:57:57Z,574
scripts/flows/O/_contract_io.py,.py,scripts,O,flow_script,0,2026-04-29T15:22:19Z,2473
scripts/flows/O/_pack_rules.py,.py,scripts,O,flow_script,0,2026-05-01T13:29:01Z,2844
scripts/flows/O/_paths.py,.py,scripts,O,flow_script,0,2026-04-03T11:58:05Z,964
scripts/flows/O/_schemas.py,.py,scripts,O,flow_script,0,2026-05-01T13:05:45Z,30745
scripts/flows/O/_source_contracts.py,.py,scripts,O,flow_script,0,2026-04-10T13:13:00Z,6511
scripts/flows/O/O001_build_restock_source_view.py,.py,scripts,O,flow_script,1,2026-04-29T15:20:10Z,35592
scripts/flows/O/O002_build_restock_recommendations.py,.py,scripts,O,flow_script,1,2026-04-29T15:17:31Z,22139
scripts/flows/O/O003_build_restock_review_queue.py,.py,scripts,O,flow_script,1,2026-04-29T15:17:31Z,7411
scripts/flows/O/O004_build_restock_diagnostics.py,.py,scripts,O,flow_script,1,2026-04-03T13:53:44Z,22188
scripts/flows/O/O005_build_supplier_cost_snapshot_test.py,.py,scripts,O,flow_script,1,2026-04-29T15:17:57Z,4980
scripts/flows/O/O006_build_ui_preview_samples.py,.py,scripts,O,flow_script,1,2026-04-29T15:17:57Z,9050
scripts/flows/O/O010_apply_restock_decisions.py,.py,scripts,O,flow_script,1,2026-04-29T15:18:20Z,11978
scripts/flows/O/O020_build_reorder_input_coverage_report.py,.py,scripts,O,flow_script,1,2026-04-29T15:17:31Z,22569
scripts/flows/O/O030_build_product_db_operator_view.py,.py,scripts,O,flow_script,1,2026-04-29T15:11:12Z,19634
scripts/flows/O/O100_build_purchase_orders.py,.py,scripts,O,flow_script,1,2026-04-29T15:18:38Z,21490
scripts/flows/O/O200_build_ordered_stock_state.py,.py,scripts,O,flow_script,1,2026-04-29T15:19:07Z,6434
scripts/flows/O/O210_apply_receiving_events.py,.py,scripts,O,flow_script,1,2026-04-29T15:19:24Z,11590
scripts/flows/O/O300_build_send_to_amazon_queue.py,.py,scripts,O,flow_script,1,2026-04-29T15:19:07Z,7456
scripts/flows/O/O310_close_send_to_amazon_handoff.py,.py,scripts,O,flow_script,1,2026-04-29T15:19:43Z,13097
scripts/flows/O/O400_operator_ui.py,.py,scripts,O,flow_script,1,2026-05-01T13:17:58Z,250749
scripts/flows/O/O410_product_database_ui.py,.py,scripts,O,flow_script,1,2026-04-29T15:11:03Z,15494
scripts/flows/O/O420_product_database_edit_ui.py,.py,scripts,O,flow_script,1,2026-05-01T13:29:25Z,17857
scripts/flows/O/O430_build_product_db_promotion_candidates.py,.py,scripts,O,flow_script,1,2026-05-01T13:29:35Z,16779
scripts/flows/O/O431_stage_product_db_create_events.py,.py,scripts,O,flow_script,1,2026-05-01T13:35:57Z,10331
scripts/h/__init__.py,.py,scripts,,support,0,2026-02-18T13:43:00Z,7
scripts/h/h_floor_policy.py,.py,scripts,,support,0,2026-02-18T13:43:56Z,2937
scripts/h/h_floor_truth.py,.py,scripts,,support,0,2026-03-09T11:28:11Z,20332
scripts/h/h_head_boundaries.py,.py,scripts,,support,0,2026-02-18T13:43:00Z,1608
scripts/h/h_lab_cohort.py,.py,scripts,,support,0,2026-02-18T13:43:00Z,1316
scripts/h/h_probe_logs.py,.py,scripts,,support,0,2026-02-18T13:43:00Z,9923
scripts/h/h_supervisor_tactical_rules.py,.py,scripts,,support,0,2026-02-18T13:43:00Z,1524
scripts/h/h_suppression_truth.py,.py,scripts,,support,0,2026-04-17T01:26:20Z,18629
scripts/one_off/__init__.py,.py,scripts,one_off,one_off,0,2026-04-10T13:37:09Z,49
scripts/one_off/BEF000_build_sales_truth_foundation.py,.py,scripts,one_off,one_off,1,2026-04-20T15:57:42Z,17946
scripts/one_off/BEF001_build_operational_feedback_seed.py,.py,scripts,one_off,one_off,1,2026-04-20T14:09:08Z,9078
scripts/one_off/BEF002_build_sales_feedback_actuals.py,.py,scripts,one_off,one_off,1,2026-04-21T09:34:06Z,22622
scripts/one_off/BEF003_build_sales_feedback_examples.py,.py,scripts,one_off,one_off,1,2026-04-20T14:58:12Z,9610
scripts/one_off/BEF004_run_sales_feedback_guarded_once.py,.py,scripts,one_off,one_off,1,2026-04-21T15:40:28Z,22176
scripts/one_off/BEF005_run_sold_truth_replay_capture_path.py,.py,scripts,one_off,one_off,1,2026-04-21T12:51:51Z,15320
scripts/one_off/BEF006_build_sold_decision_replay_bridge.py,.py,scripts,one_off,one_off,1,2026-04-21T15:45:17Z,22597
scripts/one_off/BEF007_build_sellerboard_window_alignment_audit.py,.py,scripts,one_off,one_off,1,2026-04-22T10:13:44Z,28653
scripts/one_off/F001_probe_variant_review_calculation.py,.py,scripts,one_off,one_off,1,2026-04-09T09:36:53Z,4945
scripts/one_off/F002_build_backtest_calibration_set.py,.py,scripts,one_off,one_off,1,2026-04-13T12:27:32Z,30354
scripts/one_off/F003_refresh_backtest_after_policy_change.py,.py,scripts,one_off,one_off,1,2026-04-10T15:14:01Z,1762
scripts/one_off/F004_build_bbp_sales_sample_audit.py,.py,scripts,one_off,one_off,1,2026-04-13T15:18:42Z,14666
scripts/one_off/F005_build_sales_history_validation_audit.py,.py,scripts,one_off,one_off,1,2026-04-20T11:54:09Z,24140
scripts/one_off/F006_build_live_asin_validation_pack.py,.py,scripts,one_off,one_off,1,2026-04-14T12:11:51Z,10354
scripts/one_off/F007_prepare_targeted_rescrape_subset.py,.py,scripts,one_off,one_off,1,2026-04-17T19:11:37Z,37525
scripts/one_off/F008_capture_full_bbp_evidence_pack.py,.py,scripts,one_off,one_off,1,2026-04-14T13:50:02Z,21878
scripts/one_off/F009_build_full_capture_consistency_audit.py,.py,scripts,one_off,one_off,1,2026-04-14T14:43:01Z,21900
scripts/one_off/F010_reset_webscrape_coverage_queue.py,.py,scripts,one_off,one_off,1,2026-04-23T15:16:05Z,35225
scripts/one_off/F011_build_sales_history_accuracy_pack.py,.py,scripts,one_off,one_off,1,2026-04-21T15:49:41Z,38892
scripts/one_off/F012_build_sales_history_learning_pack.py,.py,scripts,one_off,one_off,1,2026-04-21T08:48:24Z,34018
scripts/one_off/F013_build_live_test_readiness_pack.py,.py,scripts,one_off,one_off,1,2026-04-21T20:48:41Z,28450
scripts/one_off/F014_build_live_test_data_sufficiency_gate.py,.py,scripts,one_off,one_off,1,2026-04-21T20:51:04Z,27111
scripts/one_off/F015_build_commercial_validation_panel.py,.py,scripts,one_off,one_off,1,2026-04-21T15:25:49Z,13434
scripts/one_off/F016_build_stocked_sku_vetting_report.py,.py,scripts,one_off,one_off,1,2026-04-22T07:51:39Z,32510
scripts/one_off/F017_build_pass_gate_review_pack.py,.py,scripts,one_off,one_off,1,2026-04-22T13:41:42Z,23828
scripts/one_off/F018_build_live_price_file_launch_pack.py,.py,scripts,one_off,one_off,1,2026-04-22T14:32:29Z,21281
scripts/one_off/F019_build_live_price_file_near_miss_pack.py,.py,scripts,one_off,one_off,1,2026-05-01T08:38:53Z,104001
scripts/one_off/F020_check_review_event_contract.py,.py,scripts,one_off,one_off,1,2026-04-23T10:24:39Z,5288
scripts/one_off/F021_build_new_product_review_fail_triage.py,.py,scripts,one_off,one_off,1,2026-04-29T14:49:56Z,57086
scripts/one_off/F023_build_demand_range_bbp_conflict_audit.py,.py,scripts,one_off,one_off,1,2026-04-29T14:50:14Z,26190
scripts/one_off/F024_build_demand_range_review_sample_pack.py,.py,scripts,one_off,one_off,1,2026-04-23T12:57:09Z,11390
scripts/one_off/F025_build_history_risk_pass_conflict_audit.py,.py,scripts,one_off,one_off,1,2026-04-29T15:00:58Z,17409
scripts/one_off/F026_build_uk_review_signal_audit.py,.py,scripts,one_off,one_off,1,2026-04-29T15:01:04Z,12389
scripts/one_off/F027_build_profit_formula_conflict_audit.py,.py,scripts,one_off,one_off,1,2026-04-29T14:50:35Z,18690
scripts/one_off/F028_build_dashboard_yes_no_rescan_plan.py,.py,scripts,one_off,one_off,1,2026-04-29T14:50:43Z,23713
scripts/one_off/F029_build_history_borderline_near_miss_audit.py,.py,scripts,one_off,one_off,1,2026-04-29T15:01:09Z,33672
scripts/one_off/H001_set_health_alert_snooze.py,.py,scripts,one_off,one_off,1,2026-02-18T13:43:00Z,4079
scripts/one_off/H120_cpt_full_sku_scan.py,.py,scripts,one_off,one_off,1,2026-02-18T13:43:00Z,18535
scripts/one_off/H121_manual_price_drop_1p.py,.py,scripts,one_off,one_off,1,2026-02-18T13:43:00Z,7455
scripts/one_off/H130_build_phase1_observation_sheet.py,.py,scripts,one_off,one_off,1,2026-02-20T15:38:05Z,167
scripts/one_off/H140_publish_health_switchboard.py,.py,scripts,one_off,one_off,1,2026-02-21T13:23:20Z,18534
scripts/one_off/H150_classify_floor_above_compet.py,.py,scripts,one_off,one_off,1,2026-02-27T12:10:22Z,8498
scripts/one_off/H150_publish_pricing_dashboard.py,.py,scripts,one_off,one_off,1,2026-03-04T13:59:19Z,9511
scripts/one_off/H151_temp_trial_cyn20_6v.py,.py,scripts,one_off,one_off,1,2026-03-30T05:43:32Z,7432
scripts/one_off/H160_apply_strategy_monitor_exclusions.py,.py,scripts,one_off,one_off,1,2026-03-04T13:00:20Z,1865
scripts/one_off/H161_backfill_suppression_required_fields.py,.py,scripts,one_off,one_off,1,2026-04-16T09:18:26Z,5372
scripts/one_off/H162_rebuild_strategy_outcome_daily.py,.py,scripts,one_off,one_off,1,2026-04-16T22:05:20Z,19086
scripts/one_off/H163_reclassify_strategy_risk_gated_holds.py,.py,scripts,one_off,one_off,1,2026-04-16T17:37:27Z,5894
scripts/one_off/H164_reclassify_suppression_non_action_holds.py,.py,scripts,one_off,one_off,1,2026-04-16T17:37:42Z,6556
scripts/one_off/H165_build_h_signoff_proof_pack.py,.py,scripts,one_off,one_off,1,2026-04-17T14:35:30Z,34017
scripts/one_off/HB_safe_recover_background.py,.py,scripts,one_off,one_off,1,2026-04-03T13:05:23Z,48130
scripts/one_off/HF000_build_learning_foundation.py,.py,scripts,one_off,one_off,1,2026-04-18T08:01:07Z,37083
scripts/one_off/HF000_prep_freeze_learning_inputs.py,.py,scripts,one_off,one_off,1,2026-04-17T17:03:15Z,6673
scripts/one_off/HF001_build_learning_baseline.py,.py,scripts,one_off,one_off,1,2026-04-18T08:03:00Z,34985
scripts/one_off/HF002_build_learning_alignment.py,.py,scripts,one_off,one_off,1,2026-04-17T19:23:11Z,29244
scripts/one_off/HF003_build_learning_health_checks.py,.py,scripts,one_off,one_off,1,2026-04-18T08:03:36Z,13438
scripts/one_off/HF005_build_learning_operator_report.py,.py,scripts,one_off,one_off,1,2026-04-17T20:04:11Z,12400
scripts/one_off/HF006_build_alignment_missing_asin_pack.py,.py,scripts,one_off,one_off,1,2026-04-17T19:21:41Z,10055
scripts/one_off/HF007_run_alignment_coverage_recovery.py,.py,scripts,one_off,one_off,1,2026-04-17T20:27:49Z,15926
scripts/one_off/HF010_build_scope_expansion_candidates.py,.py,scripts,one_off,one_off,1,2026-04-18T19:43:14Z,16112
scripts/one_off/HF011_build_strategy_scorecard.py,.py,scripts,one_off,one_off,1,2026-04-18T19:46:19Z,21400
scripts/one_off/HF012_build_strategy_review_pack.py,.py,scripts,one_off,one_off,1,2026-04-18T19:48:23Z,11354
scripts/one_off/HF013_build_strategy_experiment_queue.py,.py,scripts,one_off,one_off,1,2026-04-18T19:50:01Z,9562
scripts/one_off/P001_create_plan_workspace.py,.py,scripts,one_off,one_off,1,2026-04-16T10:24:17Z,2324
scripts/one_off/P002_plan_forced_proof_window.py,.py,scripts,one_off,one_off,1,2026-04-17T08:47:02Z,15219
scripts/one_off/P003_build_sql_migration_backup_manifest.py,.py,scripts,one_off,one_off,1,2026-04-28T12:07:15Z,25926
scripts/one_off/P004_seed_sql_shadow_from_manifest.py,.py,scripts,one_off,one_off,1,2026-04-28T12:43:14Z,10137
scripts/one_off/P005_reconcile_sql_shadow.py,.py,scripts,one_off,one_off,1,2026-04-28T12:47:06Z,8757
scripts/one_off/P006_build_csv_dependency_map.py,.py,scripts,one_off,one_off,1,2026-04-29T16:48:48Z,21177
scripts/one_off/P007_validate_sql_rollback_exports.py,.py,scripts,one_off,one_off,1,2026-04-28T14:46:10Z,11790
scripts/one_off/T001_B011_build_token_tests_daily.py,.py,scripts,one_off,one_off,1,2026-04-28T14:38:10Z,10819
scripts/one_off/T002_B015_fix_duplicate_token_ids.py,.py,scripts,one_off,one_off,1,2026-04-28T14:30:23Z,5649
scripts/one_off/T003_B017_backfill_missing_tokens_from_orders_sheet.py,.py,scripts,one_off,one_off,1,2026-02-18T13:43:00Z,10415
scripts/one_off/T004_B018_add_placeholder_purchase_rows.py,.py,scripts,one_off,one_off,1,2026-02-18T13:43:00Z,3433
scripts/one_off/T005_B019_rebuild_tokens_for_top_mismatches.py,.py,scripts,one_off,one_off,1,2026-02-18T13:43:00Z,12465
scripts/one_off/T006_B022_rebuild_tokens_for_all_mismatches.py,.py,scripts,one_off,one_off,1,2026-02-18T13:43:00Z,11511
scripts/one_off/T007_B027_backfill_commission_bands.py,.py,scripts,one_off,one_off,1,2026-02-18T13:43:00Z,4508
scripts/one_off/T008_B029_backfill_fba_fee_bands.py,.py,scripts,one_off,one_off,1,2026-02-18T13:43:00Z,4447
scripts/one_off/T009_B031_backfill_tokens_from_orders_sheet.py,.py,scripts,one_off,one_off,1,2026-04-28T14:30:30Z,5941
scripts/one_off/T010_B034_full_rebuild_tokens_from_orders_sheet.py,.py,scripts,one_off,one_off,1,2026-04-28T14:30:39Z,5951
scripts/one_off/T011_B036_test_vat_transaction_report_sigv4.py,.py,scripts,one_off,one_off,1,2026-02-18T13:43:00Z,3904
scripts/one_off/T012_C001_seed_product_db.py,.py,scripts,one_off,one_off,1,2026-02-18T13:43:00Z,2807
scripts/one_off/T013_D002_backfill_all_markets.py,.py,scripts,one_off,one_off,1,2026-02-18T13:43:00Z,3030
scripts/one_off/T014_D005_seed_tokens_from_orders_sheet.py,.py,scripts,one_off,one_off,1,2026-02-18T13:43:00Z,6357
scripts/one_off/T015_D006_backfill_token_allocations.py,.py,scripts,one_off,one_off,1,2026-02-18T13:43:00Z,5202
scripts/one_off/T016_D008_rebuild_tokens_for_sku.py,.py,scripts,one_off,one_off,1,2026-02-18T13:43:00Z,6758
scripts/one_off/T017_D010_add_legacy_tokens.py,.py,scripts,one_off,one_off,1,2026-04-28T14:38:29Z,5799
scripts/one_off/T018_D014_fix_order_master_cogs_cancelled.py,.py,scripts,one_off,one_off,1,2026-02-18T13:43:00Z,2553
scripts/one_off/T019_D020_backfill_missing_orders_from_sellerboard.py,.py,scripts,one_off,one_off,1,2026-04-28T14:27:19Z,6051
scripts/one_off/T020_B002_run_financial_events_to_sheet.py,.py,scripts,one_off,one_off,1,2026-02-18T13:43:00Z,14332
scripts/one_off/T021_B003_estimate_financials_csv.py,.py,scripts,one_off,one_off,1,2026-02-18T13:43:00Z,23127
scripts/one_off/T022_B004_build_order_audit.py,.py,scripts,one_off,one_off,1,2026-02-18T13:43:00Z,8852
scripts/one_off/T023_rebuild_level1_from_archive.py,.py,scripts,one_off,one_off,1,2026-02-18T13:43:00Z,24123
scripts/one_off/T024_rebuild_level1_level2_from_archive.py,.py,scripts,one_off,one_off,1,2026-02-18T13:43:00Z,6086
scripts/one_off/T025_test_fee_api.py,.py,scripts,one_off,one_off,1,2026-02-18T13:43:00Z,1365
scripts/one_off/T026_test_financial_events_24h.py,.py,scripts,one_off,one_off,1,2026-02-18T13:43:00Z,7132
scripts/one_off/T027_test_financial_events_level3_window.py,.py,scripts,one_off,one_off,1,2026-02-18T13:43:00Z,570
scripts/one_off/T028_backdate_tokens_from_live_stock.py,.py,scripts,one_off,one_off,1,2026-04-22T12:00:07Z,26366
scripts/one_off/T029_build_order_value_discrepancies.py,.py,scripts,one_off,one_off,1,2026-02-18T13:43:00Z,12216
scripts/one_off/T029_cleanup_duplicate_receipt_tokens.py,.py,scripts,one_off,one_off,1,2026-04-22T13:52:37Z,5893
scripts/phase1/__init__.py,.py,scripts,,support,0,2026-02-18T13:43:00Z,7
scripts/phase1/daily_intel_required_skus.py,.py,scripts,,support,0,2026-03-12T11:44:51Z,7339
scripts/phase1/phase1_ceilings.py,.py,scripts,,support,0,2026-04-16T22:04:16Z,18841
scripts/phase1/phase1_dve.py,.py,scripts,,support,0,2026-02-18T13:43:00Z,3974
scripts/phase1/phase1_main_loop.py,.py,scripts,,support,1,2026-04-22T11:18:14Z,138408
scripts/phase1/phase1_market_snapshot_processor.py,.py,scripts,,support,0,2026-03-07T14:23:37Z,16303
scripts/phase1/phase1_oas.py,.py,scripts,,support,0,2026-03-07T13:52:10Z,5431
scripts/phase1/phase1_phase_engine.py,.py,scripts,,support,0,2026-03-06T17:29:32Z,23213
scripts/phase1/phase1_probe_engine.py,.py,scripts,,support,0,2026-04-17T14:49:15Z,29102
scripts/phase1/phase1_sku_scope.py,.py,scripts,,support,1,2026-04-28T14:59:44Z,14935
scripts/phase1/phase1_storage.py,.py,scripts,,support,0,2026-04-16T22:05:11Z,34496
scripts/phase1/phase1_target_universe.py,.py,scripts,,support,0,2026-02-20T11:11:46Z,9547
scripts/phase1/phase1_write_gate.py,.py,scripts,,support,0,2026-03-28T19:22:20Z,1688
scripts/phase1/phase1_write_verify.py,.py,scripts,,support,0,2026-03-29T16:26:46Z,9906
scripts/run_30day_catchup.py,.py,scripts,,support,1,2026-02-18T13:43:00Z,124
scripts/run_A_all.py,.py,scripts,,support,1,2026-04-28T16:25:21Z,1017
scripts/run_B_cycle.py,.py,scripts,,support,1,2026-04-01T08:53:42Z,192
scripts/run_C_cycle.py,.py,scripts,,support,1,2026-02-18T13:43:00Z,136
scripts/run_E_cycle.py,.py,scripts,,support,1,2026-04-01T08:53:49Z,192
scripts/run_H_pricing_cycle.py,.py,scripts,,support,1,2026-02-18T13:43:00Z,144
scripts/run_O_cycle.py,.py,scripts,,support,1,2026-04-03T16:03:49Z,192
scripts/tests/run_contracts.py,.py,scripts,,support,1,2026-03-04T10:06:53Z,499
scripts/tests/test_phase1_write_gate_contract.py,.py,scripts,,support,1,2026-03-28T19:22:25Z,4155
scripts/tests/test_phase1_write_verify.py,.py,scripts,,support,0,2026-03-29T16:26:54Z,2722
scripts/tools/__init__.py,.py,scripts,tooling,tool,0,2026-02-18T13:43:00Z,7
scripts/tools/archive_failed_H_run.py,.py,scripts,tooling,tool,1,2026-04-30T17:12:38Z,18592
scripts/tools/build_active_listings_csv.py,.py,scripts,tooling,tool,1,2026-03-02T13:29:27Z,4509
scripts/tools/controlled_restart_controller.py,.py,scripts,tooling,tool,1,2026-04-30T15:03:24Z,60035
scripts/tools/controlled_restart_gate.py,.py,scripts,tooling,tool,1,2026-04-30T16:12:27Z,39240
scripts/tools/data_blueprint_metrics.py,.py,scripts,tooling,tool,1,2026-03-16T12:04:50Z,3532
scripts/tools/data_blueprint_validator.py,.py,scripts,tooling,tool,1,2026-03-16T11:46:52Z,3971
scripts/tools/dedupe_product_db.py,.py,scripts,tooling,tool,1,2026-03-12T16:41:56Z,3158
scripts/tools/diff_active_vs_scope.py,.py,scripts,tooling,tool,1,2026-04-28T14:38:43Z,3868
scripts/tools/f_hide_scraper_windows.ps1,.ps1,scripts,tooling,tool,,2026-05-01T14:18:52Z,1361
scripts/tools/f_show_scraper_windows.ps1,.ps1,scripts,tooling,tool,,2026-05-01T14:18:19Z,1385
scripts/tools/f_training_set.py,.py,scripts,tooling,tool,0,2026-02-18T13:43:00Z,1331
scripts/tools/generate_progress_dashboard.py,.py,scripts,tooling,tool,1,2026-03-13T15:57:56Z,20792
scripts/tools/h_capture_process_exit.ps1,.ps1,scripts,tooling,tool,,2026-03-20T19:01:49Z,22567
scripts/tools/H_item_offers_lookup.py,.py,scripts,tooling,tool,1,2026-04-05T21:32:40Z,2673
scripts/tools/h_launcher_gate.ps1,.ps1,scripts,tooling,tool,,2026-03-10T12:18:54Z,15099
scripts/tools/h_lock_sleep.py,.py,scripts,tooling,tool,1,2026-02-26T14:04:22Z,1728
scripts/tools/H_own_offer_lookup.py,.py,scripts,tooling,tool,1,2026-03-01T11:13:31Z,1684
scripts/tools/h_owner_audit_readiness.ps1,.ps1,scripts,tooling,tool,,2026-03-20T19:11:01Z,20744
scripts/tools/h_proc_observer.py,.py,scripts,tooling,tool,1,2026-02-26T11:43:46Z,4266
scripts/tools/h_rotate_task_log.ps1,.ps1,scripts,tooling,tool,,2026-03-21T21:33:44Z,4169
scripts/tools/h_session_tally.py,.py,scripts,tooling,tool,1,2026-02-26T10:34:26Z,4010
scripts/tools/h_validation_isolation.ps1,.ps1,scripts,tooling,tool,,2026-04-22T10:40:24Z,42011
scripts/tools/home_time_artifact_retention.py,.py,scripts,tooling,tool,1,2026-03-21T17:53:16Z,649
scripts/tools/home_time_common.py,.py,scripts,tooling,tool,0,2026-04-01T14:14:29Z,26624
scripts/tools/home_time_monitor.py,.py,scripts,tooling,tool,1,2026-04-02T21:52:20Z,12778
scripts/tools/log_housekeeping.py,.py,scripts,tooling,tool,1,2026-04-07T09:07:24Z,24200
scripts/tools/network_resilience.py,.py,scripts,tooling,tool,0,2026-03-31T09:10:12Z,6923
scripts/tools/process_stock_receipts_sheet.py,.py,scripts,tooling,tool,1,2026-04-28T14:16:19Z,27583
scripts/tools/report_live_but_excluded.py,.py,scripts,tooling,tool,1,2026-03-02T13:36:41Z,5034
scripts/tools/show_health_row.py,.py,scripts,tooling,tool,1,2026-03-01T12:58:00Z,2156
scripts/tools/start_home_time_mode.py,.py,scripts,tooling,tool,1,2026-03-13T20:55:35Z,4040
scripts/tools/stop_home_time_mode.py,.py,scripts,tooling,tool,1,2026-03-10T15:54:40Z,4090
scripts/tools/sync_product_db_to_main_sheet.py,.py,scripts,tooling,tool,1,2026-03-12T16:42:03Z,2928
tests/test_a003_inventory_stale_token_floor.py,.py,tests,tests,test,1,2026-04-30T13:18:49Z,8521
tests/test_a004_fee_requeue.py,.py,tests,tests,test,1,2026-04-28T14:07:43Z,5156
tests/test_a005_inventory_adjustments_storage.py,.py,tests,tests,test,0,2026-04-28T14:10:47Z,2418
tests/test_a006_build_stock_events_raw.py,.py,tests,tests,test,0,2026-04-28T13:03:38Z,1779
tests/test_a015_health_check_runtime.py,.py,tests,tests,test,1,2026-04-22T13:26:48Z,61034
tests/test_a016_daily_intel_scheduler.py,.py,tests,tests,test,1,2026-02-18T13:43:00Z,4497
tests/test_a_maintenance_handoff.py,.py,tests,tests,test,1,2026-04-01T16:10:08Z,7648
tests/test_a_split_health_modes.py,.py,tests,tests,test,1,2026-04-30T12:23:17Z,3785
tests/test_amazon_listings_items.py,.py,tests,tests,test,0,2026-05-01T12:17:58Z,5129
tests/test_amazon_listings_restrictions.py,.py,tests,tests,test,0,2026-05-01T12:49:37Z,1576
tests/test_archive_failed_h_run.py,.py,tests,tests,test,0,2026-04-30T17:13:26Z,6927
tests/test_b003_run_financial_events_level3.py,.py,tests,tests,test,0,2026-04-28T14:02:05Z,2047
tests/test_b004_level_gate.py,.py,tests,tests,test,0,2026-04-28T13:44:02Z,14077
tests/test_b006_build_fx_ledgers.py,.py,tests,tests,test,0,2026-04-28T13:50:05Z,4869
tests/test_b007_allocate_tokens_live.py,.py,tests,tests,test,0,2026-04-28T08:40:13Z,8072
tests/test_b008_apply_refunds_to_tokens.py,.py,tests,tests,test,0,2026-04-28T13:56:05Z,6257
tests/test_b009_apply_stock_adjustments_to_tokens.py,.py,tests,tests,test,0,2026-04-28T13:59:42Z,5135
tests/test_b010_build_token_ops_outputs.py,.py,tests,tests,test,0,2026-04-28T12:52:09Z,2411
tests/test_b012_build_token_events_append.py,.py,tests,tests,test,0,2026-04-28T13:30:27Z,4284
tests/test_b014_build_token_daily_checklist.py,.py,tests,tests,test,0,2026-04-28T12:53:35Z,2085
tests/test_b025_build_token_cogs_ledger.py,.py,tests,tests,test,0,2026-04-28T12:50:11Z,5868
tests/test_b_cycle_signal_policy.py,.py,tests,tests,test,0,2026-04-01T15:46:43Z,2005
tests/test_b_finance_io_sql.py,.py,tests,tests,test,0,2026-04-29T16:49:09Z,1969
tests/test_b_orders_archive_storage.py,.py,tests,tests,test,0,2026-04-28T14:27:33Z,2373
tests/test_b_split_health_modes.py,.py,tests,tests,test,1,2026-02-18T13:43:00Z,3771
tests/test_b_supervisor.py,.py,tests,tests,test,1,2026-04-01T22:31:15Z,6525
tests/test_b_token_live_storage.py,.py,tests,tests,test,0,2026-04-28T14:31:06Z,2592
tests/test_bef000_build_sales_truth_foundation.py,.py,tests,tests,test,0,2026-04-20T15:58:01Z,9020
tests/test_bef001_build_operational_feedback_seed.py,.py,tests,tests,test,0,2026-04-20T14:08:46Z,4569
tests/test_bef002_build_sales_feedback_actuals.py,.py,tests,tests,test,0,2026-04-21T09:35:05Z,15669
tests/test_bef003_build_sales_feedback_examples.py,.py,tests,tests,test,0,2026-04-20T14:58:44Z,5512
tests/test_bef004_run_sales_feedback_guarded_once.py,.py,tests,tests,test,0,2026-04-21T15:41:59Z,21753
tests/test_bef005_run_sold_truth_replay_capture_path.py,.py,tests,tests,test,0,2026-04-21T12:52:29Z,6665
tests/test_bef006_build_sold_decision_replay_bridge.py,.py,tests,tests,test,0,2026-04-21T15:41:10Z,6535
tests/test_bef007_build_sellerboard_window_alignment_audit.py,.py,tests,tests,test,0,2026-04-22T10:16:20Z,9109
tests/test_bliss_supplier_converter.py,.py,tests,tests,test,0,2026-04-30T10:10:17Z,2705
tests/test_clf_supplier_converter.py,.py,tests,tests,test,0,2026-04-30T10:56:37Z,2518
tests/test_controlled_restart_gate.py,.py,tests,tests,test,0,2026-04-30T16:13:01Z,7777
tests/test_dhb_supplier_converter.py,.py,tests,tests,test,0,2026-04-30T10:07:07Z,3045
tests/test_e001_build_sales_velocity.py,.py,tests,tests,test,0,2026-04-28T13:05:25Z,1739
tests/test_e002_build_roi_snapshot.py,.py,tests,tests,test,0,2026-04-28T13:15:03Z,15215
tests/test_e003_build_restock_signals.py,.py,tests,tests,test,0,2026-04-28T13:21:20Z,1555
tests/test_e004_build_performance_summary.py,.py,tests,tests,test,0,2026-04-28T13:21:29Z,5663
tests/test_e005_build_study_report.py,.py,tests,tests,test,0,2026-04-28T13:21:38Z,8874
tests/test_e006_build_sales_truth_reconciliation.py,.py,tests,tests,test,0,2026-04-28T13:25:34Z,10603
tests/test_e007_build_sku_daily_sales_truth.py,.py,tests,tests,test,0,2026-04-28T13:25:53Z,19964
tests/test_e010_publish_e_outputs.py,.py,tests,tests,test,0,2026-04-17T22:06:05Z,844
tests/test_e_split_health_gate.py,.py,tests,tests,test,1,2026-04-17T21:53:23Z,10208
tests/test_entertainment_trading_supplier_converter.py,.py,tests,tests,test,0,2026-04-30T14:49:26Z,5058
tests/test_f000_paths_and_schemas.py,.py,tests,tests,test,0,2026-05-01T12:49:12Z,4615
tests/test_f000_source_contracts.py,.py,tests,tests,test,0,2026-04-13T09:22:33Z,4415
tests/test_f002_build_backtest_calibration_set.py,.py,tests,tests,test,0,2026-04-13T12:25:42Z,14446
tests/test_f004_build_bbp_sales_sample_audit.py,.py,tests,tests,test,0,2026-04-13T15:19:16Z,8434
tests/test_f005_build_sales_history_validation_audit.py,.py,tests,tests,test,0,2026-04-20T11:55:57Z,7950
tests/test_f005_build_supplier_price_list_universal.py,.py,tests,tests,test,0,2026-04-08T10:36:41Z,8175
tests/test_f006_build_live_asin_validation_pack.py,.py,tests,tests,test,0,2026-04-14T12:23:54Z,5153
tests/test_f007_prepare_targeted_rescrape_subset.py,.py,tests,tests,test,0,2026-04-17T19:12:10Z,20129
tests/test_f008_capture_full_bbp_evidence_pack.py,.py,tests,tests,test,0,2026-04-14T12:55:43Z,4671
tests/test_f009_build_full_capture_consistency_audit.py,.py,tests,tests,test,0,2026-04-14T12:56:14Z,5290
tests/test_f010_build_feeder_candidate_intake.py,.py,tests,tests,test,0,2026-04-07T14:13:23Z,3256
tests/test_f010_reset_webscrape_coverage_queue.py,.py,tests,tests,test,0,2026-04-23T15:16:52Z,18701
tests/test_f011_build_sales_history_accuracy_pack.py,.py,tests,tests,test,0,2026-04-21T15:41:37Z,10461
tests/test_f012_build_sales_history_learning_pack.py,.py,tests,tests,test,0,2026-04-21T08:48:41Z,14969
tests/test_f013_build_live_test_readiness_pack.py,.py,tests,tests,test,0,2026-04-21T20:49:05Z,9389
tests/test_f014_build_live_test_data_sufficiency_gate.py,.py,tests,tests,test,0,2026-04-21T20:51:29Z,13659
tests/test_f015_build_commercial_validation_panel.py,.py,tests,tests,test,0,2026-04-21T15:27:24Z,4923
tests/test_f016_build_stocked_sku_vetting_report.py,.py,tests,tests,test,0,2026-04-22T07:50:11Z,5982
tests/test_f017_build_pass_gate_review_pack.py,.py,tests,tests,test,0,2026-04-22T13:41:42Z,9329
tests/test_f018_build_live_price_file_launch_pack.py,.py,tests,tests,test,0,2026-04-22T14:31:56Z,6017
tests/test_f019_build_live_price_file_near_miss_pack.py,.py,tests,tests,test,0,2026-04-29T14:52:21Z,62709
tests/test_f020_build_feeder_candidate_classification.py,.py,tests,tests,test,0,2026-04-07T14:28:40Z,6457
tests/test_f020_check_review_event_contract.py,.py,tests,tests,test,0,2026-04-23T10:26:04Z,3488
tests/test_f021_build_new_product_review_fail_triage.py,.py,tests,tests,test,0,2026-04-29T13:02:04Z,21706
tests/test_f023_build_demand_range_bbp_conflict_audit.py,.py,tests,tests,test,0,2026-04-23T12:44:09Z,8737
tests/test_f024_build_demand_range_review_sample_pack.py,.py,tests,tests,test,0,2026-04-23T12:56:32Z,10709
tests/test_f025_build_history_risk_pass_conflict_audit.py,.py,tests,tests,test,0,2026-04-23T14:05:45Z,9340
tests/test_f026_build_uk_review_signal_audit.py,.py,tests,tests,test,0,2026-04-23T14:32:22Z,5823
tests/test_f027_build_profit_formula_conflict_audit.py,.py,tests,tests,test,0,2026-04-23T15:03:44Z,7646
tests/test_f028_build_dashboard_yes_no_rescan_plan.py,.py,tests,tests,test,0,2026-04-29T09:45:15Z,12063
tests/test_f029_build_history_borderline_near_miss_audit.py,.py,tests,tests,test,0,2026-04-29T14:06:03Z,14203
tests/test_f030_build_shared_feeder_pass_logic.py,.py,tests,tests,test,0,2026-04-07T16:10:52Z,5658
tests/test_f040_build_feeder_candidate_approval_queue.py,.py,tests,tests,test,0,2026-04-07T18:13:07Z,6674
tests/test_f050_build_feeder_po_handoff.py,.py,tests,tests,test,0,2026-04-07T18:22:12Z,7460
tests/test_f060_build_legacy_sheet_review_pack.py,.py,tests,tests,test,0,2026-04-07T18:40:39Z,6257
tests/test_f061_run_legacy_first_checks_local.py,.py,tests,tests,test,0,2026-05-01T10:22:22Z,71733
tests/test_f061_turnover_gate.py,.py,tests,tests,test,0,2026-04-09T13:24:31Z,1395
tests/test_f062_reset_supplier_test_mode.py,.py,tests,tests,test,0,2026-04-08T12:15:11Z,9331
tests/test_f070_build_backtest_policy_snapshot.py,.py,tests,tests,test,0,2026-04-14T10:40:35Z,2858
tests/test_f071_build_backtest_input_view.py,.py,tests,tests,test,0,2026-04-20T10:42:32Z,37290
tests/test_f072_run_backtest_replay.py,.py,tests,tests,test,0,2026-04-20T10:42:43Z,27704
tests/test_f073_build_backtest_summary.py,.py,tests,tests,test,0,2026-04-20T11:57:38Z,35912
tests/test_f074_build_backtest_health.py,.py,tests,tests,test,0,2026-04-20T11:57:45Z,57849
tests/test_f075_apply_backtest_policy_updates.py,.py,tests,tests,test,0,2026-04-10T15:11:11Z,8246
tests/test_f080_build_feedback_calibration_shadow.py,.py,tests,tests,test,0,2026-04-17T17:49:52Z,5597
tests/test_f090_build_amazon_listing_intake.py,.py,tests,tests,test,0,2026-05-01T13:19:56Z,15300
tests/test_f091_reserve_amazon_listing_skus.py,.py,tests,tests,test,0,2026-05-01T10:26:50Z,4081
tests/test_f092_build_amazon_listing_drafts.py,.py,tests,tests,test,0,2026-05-01T12:04:11Z,6088
tests/test_f093_run_amazon_listing_preview.py,.py,tests,tests,test,0,2026-05-01T12:04:34Z,6229
tests/test_f094_submit_amazon_listing_drafts.py,.py,tests,tests,test,0,2026-05-01T12:53:03Z,10578
tests/test_f095_f096_amazon_listing_readback.py,.py,tests,tests,test,0,2026-05-01T12:18:21Z,6064
tests/test_f097_f098_brand_approval_queue.py,.py,tests,tests,test,0,2026-05-01T12:52:52Z,12001
tests/test_f_legacy_dropdown_selector.py,.py,tests,tests,test,0,2026-04-15T15:07:41Z,2988
tests/test_f_legacy_webscrape_money_input.py,.py,tests,tests,test,0,2026-04-30T08:26:50Z,10422
tests/test_f_scanner_timeout_policy.py,.py,tests,tests,test,0,2026-05-01T10:17:50Z,6103
tests/test_flow_contract_io_sql.py,.py,tests,tests,test,0,2026-04-29T15:14:25Z,3583
tests/test_flow_health_gate.py,.py,tests,tests,test,0,2026-04-20T16:27:07Z,3792
tests/test_fpm001_build_test_fixtures.py,.py,tests,tests,test,0,2026-04-30T09:31:47Z,5635
tests/test_fpm010_check_acquisition_sources.py,.py,tests,tests,test,0,2026-04-30T10:34:36Z,6050
tests/test_fpm011_import_ready_sources.py,.py,tests,tests,test,0,2026-05-01T10:46:59Z,13000
tests/test_fpm012_enrich_batch_rows_for_f061.py,.py,tests,tests,test,0,2026-05-01T10:47:40Z,10893
tests/test_fpm013_download_ready_url_sources.py,.py,tests,tests,test,0,2026-04-30T11:26:13Z,3994
tests/test_fpm014_fetch_api_sources.py,.py,tests,tests,test,0,2026-04-30T10:56:37Z,6879
tests/test_fpm020_placeholder_scanner.py,.py,tests,tests,test,0,2026-05-01T10:18:01Z,3567
tests/test_fpm030_update_memory_from_results.py,.py,tests,tests,test,0,2026-05-01T10:18:06Z,5144
tests/test_fpm040_build_next_action.py,.py,tests,tests,test,0,2026-05-01T10:18:12Z,16457
tests/test_fpm050_build_next_action_report.py,.py,tests,tests,test,0,2026-04-30T14:31:38Z,7465
tests/test_fpm060_build_status_dashboard.py,.py,tests,tests,test,0,2026-04-30T14:31:50Z,32431
tests/test_fpm070_stage_f061_handoff.py,.py,tests,tests,test,0,2026-04-30T14:31:46Z,13395
tests/test_fpm080_set_queue_control.py,.py,tests,tests,test,0,2026-04-30T11:49:16Z,1904
tests/test_fpm090_set_f061_handoff_approval.py,.py,tests,tests,test,0,2026-04-30T12:04:29Z,1669
tests/test_fpm100_apply_f061_handoff.py,.py,tests,tests,test,0,2026-04-30T12:22:46Z,11632
tests/test_fpm110_run_test_mode_cycle.py,.py,tests,tests,test,0,2026-04-30T12:44:54Z,5951
tests/test_fpm120_live_trial_samples.py,.py,tests,tests,test,0,2026-04-30T12:53:57Z,9921
tests/test_fpm125_import_f061_recovery_progress.py,.py,tests,tests,test,0,2026-04-30T14:49:19Z,15867
tests/test_fpm126_update_memory_from_f061_results.py,.py,tests,tests,test,0,2026-05-01T11:57:33Z,6446
tests/test_fpm130_live_cycle.py,.py,tests,tests,test,0,2026-05-01T14:12:46Z,20302
tests/test_fpm140_review_handoff_ready.py,.py,tests,tests,test,0,2026-05-01T08:36:38Z,11754
tests/test_fpm150_build_completed_review_pack.py,.py,tests,tests,test,0,2026-05-01T08:40:44Z,11383
tests/test_fpm160_visible_login_maintenance.py,.py,tests,tests,test,0,2026-05-01T14:06:42Z,4602
tests/test_get_competitive_summary.py,.py,tests,tests,test,1,2026-02-18T13:43:00Z,3615
tests/test_get_pricing_detail_meta.py,.py,tests,tests,test,1,2026-04-05T21:39:56Z,4221
tests/test_h004_build_daily_market_snapshot.py,.py,tests,tests,test,0,2026-04-28T13:07:39Z,3071
tests/test_h110_market_payload_snapshot_floor.py,.py,tests,tests,test,1,2026-04-05T17:40:23Z,8054
tests/test_h110_scan_due_order.py,.py,tests,tests,test,0,2026-04-30T14:30:02Z,1067
tests/test_h110_stock_stale_guard.py,.py,tests,tests,test,1,2026-05-01T09:38:06Z,11143
tests/test_h110_temp_floor_source.py,.py,tests,tests,test,1,2026-02-18T13:43:00Z,3177
tests/test_h130_ops_status.py,.py,tests,tests,test,0,2026-04-09T14:12:44Z,10095
tests/test_h151_temp_trial_cyn20_6v.py,.py,tests,tests,test,0,2026-03-30T05:43:54Z,2219
tests/test_h165_build_h_signoff_proof_pack.py,.py,tests,tests,test,0,2026-04-17T14:15:22Z,10688
tests/test_h_floor_policy.py,.py,tests,tests,test,1,2026-02-18T13:43:00Z,2536
tests/test_h_floor_truth.py,.py,tests,tests,test,1,2026-02-18T13:43:00Z,8024
tests/test_h_guarded_startup_normalization.py,.py,tests,tests,test,0,2026-04-02T23:24:24Z,21662
tests/test_h_inventory_snapshot_row_freshness.py,.py,tests,tests,test,0,2026-04-22T12:46:30Z,2774
tests/test_h_item_offers_retry_queue.py,.py,tests,tests,test,0,2026-05-01T18:07:33Z,46951
tests/test_h_runtime_floor_snapshot_source_selection.py,.py,tests,tests,test,0,2026-04-09T17:01:06Z,2672
tests/test_h_split_health_gate.py,.py,tests,tests,test,1,2026-05-01T17:56:16Z,38884
tests/test_h_suppression_truth.py,.py,tests,tests,test,0,2026-04-17T01:26:33Z,4953
tests/test_h_worker_lifecycle_contract.py,.py,tests,tests,test,1,2026-05-01T09:06:23Z,80489
tests/test_hb_safe_recover_background.py,.py,tests,tests,test,0,2026-04-03T13:05:32Z,11117
tests/test_heo_supplier_converter.py,.py,tests,tests,test,0,2026-04-30T10:51:41Z,3151
tests/test_hf_alignment_coverage_recovery.py,.py,tests,tests,test,0,2026-04-17T20:28:06Z,10062
tests/test_hf_alignment_missing_asin_pack.py,.py,tests,tests,test,0,2026-04-17T19:22:14Z,4815
tests/test_hf_learning_alignment.py,.py,tests,tests,test,0,2026-04-17T19:23:44Z,11091
tests/test_hf_learning_baseline.py,.py,tests,tests,test,0,2026-04-18T08:03:13Z,28964
tests/test_hf_learning_foundation.py,.py,tests,tests,test,0,2026-04-18T08:00:50Z,20460
tests/test_hf_learning_health_checks.py,.py,tests,tests,test,0,2026-04-17T17:44:42Z,6405
tests/test_hf_learning_operator_report.py,.py,tests,tests,test,0,2026-04-17T18:50:28Z,3882
tests/test_hf_learning_prep_freeze.py,.py,tests,tests,test,0,2026-04-17T17:03:02Z,3736
tests/test_hf_scope_expansion_candidates.py,.py,tests,tests,test,0,2026-04-18T19:43:52Z,6635
tests/test_hf_strategy_experiment_queue.py,.py,tests,tests,test,0,2026-04-18T19:50:31Z,5661
tests/test_hf_strategy_review_pack.py,.py,tests,tests,test,0,2026-04-18T19:48:50Z,5081
tests/test_hf_strategy_scorecard.py,.py,tests,tests,test,0,2026-04-18T19:47:08Z,9529
tests/test_home_time_common_anomalies.py,.py,tests,tests,test,0,2026-04-01T13:50:33Z,2894
tests/test_inbound_shipment_contents_storage.py,.py,tests,tests,test,0,2026-04-28T14:19:51Z,2792
tests/test_legacy_amazon_catalog_call.py,.py,tests,tests,test,0,2026-04-08T08:16:01Z,1871
tests/test_log_housekeeping.py,.py,tests,tests,test,0,2026-04-07T09:07:47Z,7440
tests/test_o000_paths_and_schemas.py,.py,tests,tests,test,0,2026-05-01T13:08:14Z,4259
tests/test_o000_source_contracts.py,.py,tests,tests,test,0,2026-04-10T13:15:37Z,2321
tests/test_o001_restock_source_view.py,.py,tests,tests,test,0,2026-04-16T11:51:46Z,17925
tests/test_o002_restock_recommendations.py,.py,tests,tests,test,0,2026-04-04T13:58:41Z,13537
tests/test_o003_restock_review_queue.py,.py,tests,tests,test,0,2026-04-03T14:11:53Z,3211
tests/test_o004_restock_diagnostics.py,.py,tests,tests,test,0,2026-04-03T13:56:08Z,10891
tests/test_o005_supplier_cost_snapshot_test.py,.py,tests,tests,test,0,2026-04-03T13:53:57Z,1491
tests/test_o006_build_ui_preview_samples.py,.py,tests,tests,test,0,2026-04-04T14:06:13Z,3472
tests/test_o010_apply_restock_decisions.py,.py,tests,tests,test,0,2026-04-03T14:11:39Z,10084
tests/test_o020_reorder_input_coverage.py,.py,tests,tests,test,0,2026-04-04T13:46:06Z,17901
tests/test_o030_build_product_db_operator_view.py,.py,tests,tests,test,0,2026-04-17T13:59:15Z,5849
tests/test_o100_build_purchase_orders.py,.py,tests,tests,test,0,2026-04-03T14:39:38Z,14852
tests/test_o200_build_ordered_stock_state.py,.py,tests,tests,test,0,2026-04-03T15:13:26Z,6402
tests/test_o210_apply_receiving_events.py,.py,tests,tests,test,0,2026-04-03T15:13:46Z,8085
tests/test_o300_build_send_to_amazon_queue.py,.py,tests,tests,test,0,2026-04-03T15:26:55Z,8843
tests/test_o310_close_send_to_amazon_handoff.py,.py,tests,tests,test,0,2026-04-03T15:27:49Z,10064
tests/test_o410_product_database_ui.py,.py,tests,tests,test,0,2026-04-17T14:22:35Z,7358
tests/test_o420_product_database_edit_ui.py,.py,tests,tests,test,0,2026-05-01T13:29:53Z,6852
tests/test_o430_o431_product_db_promotion.py,.py,tests,tests,test,0,2026-05-01T13:36:15Z,12649
tests/test_o_cycle_runner.py,.py,tests,tests,test,0,2026-04-17T13:48:27Z,7365
tests/test_o_manifest_contract.py,.py,tests,tests,test,0,2026-04-03T16:05:05Z,2536
tests/test_o_ui_operator_view.py,.py,tests,tests,test,0,2026-05-01T13:19:11Z,120945
tests/test_out_paths_phase2.py,.py,tests,tests,test,0,2026-02-18T13:43:00Z,1351
tests/test_p002_plan_forced_proof_window.py,.py,tests,tests,test,1,2026-04-17T08:47:02Z,2892
tests/test_p003_build_sql_migration_backup_manifest.py,.py,tests,tests,test,0,2026-04-28T12:07:21Z,5227
tests/test_p004_seed_sql_shadow_from_manifest.py,.py,tests,tests,test,0,2026-04-28T12:43:20Z,4194
tests/test_p005_reconcile_sql_shadow.py,.py,tests,tests,test,0,2026-04-28T12:47:06Z,4757
tests/test_p006_build_csv_dependency_map.py,.py,tests,tests,test,0,2026-04-29T15:15:10Z,7695
tests/test_p007_validate_sql_rollback_exports.py,.py,tests,tests,test,0,2026-04-28T14:46:19Z,2569
tests/test_phase1_ceilings.py,.py,tests,tests,test,1,2026-04-16T22:06:06Z,11022
tests/test_phase1_dve.py,.py,tests,tests,test,1,2026-02-18T13:43:00Z,2656
tests/test_phase1_main_loop.py,.py,tests,tests,test,1,2026-04-22T11:18:33Z,123907
tests/test_phase1_market_snapshot_processor.py,.py,tests,tests,test,1,2026-02-18T13:43:00Z,5087
tests/test_phase1_oas.py,.py,tests,tests,test,1,2026-03-07T13:54:28Z,5862
tests/test_phase1_probe_engine.py,.py,tests,tests,test,1,2026-04-17T14:49:48Z,23172
tests/test_phase1_sku_scope.py,.py,tests,tests,test,1,2026-04-28T15:00:22Z,9526
tests/test_phase1_storage.py,.py,tests,tests,test,1,2026-04-16T22:06:46Z,11187
tests/test_phase1_target_universe.py,.py,tests,tests,test,1,2026-02-18T13:43:00Z,4891
tests/test_phase1_temp_trial_override.py,.py,tests,tests,test,0,2026-03-30T06:50:44Z,1502
tests/test_phase1_write_verify.py,.py,tests,tests,test,1,2026-02-18T13:43:00Z,7040
tests/test_phase2_control_layer_deconflict.py,.py,tests,tests,test,0,2026-04-03T09:26:25Z,4074
tests/test_process_stock_receipts_sheet.py,.py,tests,tests,test,0,2026-04-28T14:16:28Z,2728
tests/test_product_db_preview_storage.py,.py,tests,tests,test,0,2026-04-28T14:24:02Z,1940
tests/test_runtime_owner_contract.py,.py,tests,tests,test,0,2026-04-01T08:37:01Z,2704
tests/test_runtime_stream.py,.py,tests,tests,test,1,2026-04-01T22:02:01Z,1702
tests/test_stax_supplier_converter.py,.py,tests,tests,test,0,2026-04-30T10:40:41Z,1929
tests/test_storage_adapter.py,.py,tests,tests,test,0,2026-04-29T14:51:05Z,7403
tests/test_t028_backdate_tokens_from_live_stock.py,.py,tests,tests,test,0,2026-04-22T11:54:23Z,1097
tests/test_t029_cleanup_duplicate_receipt_tokens.py,.py,tests,tests,test,0,2026-04-22T13:53:34Z,1135
tests/test_timeout_queue.py,.py,tests,tests,test,0,2026-05-01T10:41:06Z,4696
tests/test_we_stock_lots_supplier_converter.py,.py,tests,tests,test,0,2026-04-30T11:00:06Z,2821
scripts/core/storage/product_db_contract.py,.py,scripts,core,storage_helper,0,2026-05-01T15:17:00Z,15357
scripts/one_off/P008_product_db_sql_contract_check.py,.py,scripts,one_off,one_off,1,2026-05-01T14:46:13Z,5787
scripts/flows/O/O050_build_repricing_tracker_view.py,.py,scripts,O,flow_script,1,2026-05-01T17:58:12Z,24615
scripts/flows/O/O450_repricing_tracker_ui.py,.py,scripts,O,ui_page,1,2026-05-01T14:48:07Z,6483
tests/test_product_db_sql_contract.py,.py,tests,tests,test,0,2026-05-01T15:18:00Z,5153
tests/test_p008_product_db_sql_contract_check.py,.py,tests,tests,test,0,2026-05-01T14:49:30Z,3627
tests/test_o050_repricing_tracker_view.py,.py,tests,tests,test,0,2026-05-01T17:58:17Z,8262
scripts/one_off/P009_product_db_link_simulation.py,.py,scripts,one_off,one_off,1,2026-05-01T15:09:28Z,12429
tests/test_p009_product_db_link_simulation.py,.py,tests,tests,test,0,2026-05-01T15:09:56Z,5658
scripts/one_off/P010_product_db_review_pack.py,.py,scripts,one_off,one_off,1,2026-05-01T15:23:10Z,15777
tests/test_p010_product_db_review_pack.py,.py,tests,tests,test,0,2026-05-01T15:23:31Z,5505
scripts/one_off/P011_apply_scanner_product_db_inserts.py,.py,scripts,one_off,one_off,1,2026-05-01T15:32:32Z,18371
tests/test_p011_apply_scanner_product_db_inserts.py,.py,tests,tests,test,0,2026-05-01T15:31:36Z,6555
scripts/one_off/P012_scanner_identity_check.py,.py,scripts,one_off,one_off,1,2026-05-01T15:37:04Z,9790
tests/test_p012_scanner_identity_check.py,.py,tests,tests,test,0,2026-05-01T15:37:04Z,2678
scripts/one_off/P013_repricing_write_status_proof.py,.py,scripts,one_off,one_off,1,2026-05-01T18:35:32Z,15733
tests/test_p013_repricing_write_status_proof.py,.py,tests,tests,test,0,2026-05-01T18:35:38Z,8690
scripts/one_off/P014_apply_product_db_edit_events.py,.py,scripts,one_off,one_off,1,2026-05-01T19:12:21Z,18197
tests/test_p014_apply_product_db_edit_events.py,.py,tests,tests,test,0,2026-05-01T19:10:40Z,8465
scripts/one_off/P015_product_db_sql_authority_rehearsal.py,.py,scripts,one_off,one_off,1,2026-05-01T19:14:05Z,8625
tests/test_p015_product_db_sql_authority_rehearsal.py,.py,tests,tests,test,0,2026-05-01T19:14:26Z,4025
scripts/one_off/P016_repricing_tracker_ui_cutover_check.py,.py,scripts,one_off,one_off,1,2026-05-01T19:21:22Z,9434
tests/test_p016_repricing_tracker_ui_cutover_check.py,.py,tests,tests,test,0,2026-05-01T19:15:51Z,3786
scripts/one_off/P017_repricing_tracker_ui_parity_check.py,.py,scripts,one_off,one_off,1,2026-05-01T22:07:47Z,10303
tests/test_p017_repricing_tracker_ui_parity_check.py,.py,tests,tests,test,0,2026-05-01T22:07:23Z,4216
scripts/one_off/P018_product_db_mirror_drift_guard.py,.py,scripts,one_off,one_off,1,2026-05-01T22:06:30Z,7756
tests/test_p018_product_db_mirror_drift_guard.py,.py,tests,tests,test,0,2026-05-01T22:07:47Z,3706
scripts/one_off/P019_product_db_reader_dependency_map.py,.py,scripts,one_off,one_off,1,2026-05-01T22:06:30Z,7164
tests/test_p019_product_db_reader_dependency_map.py,.py,tests,tests,test,0,2026-05-01T22:07:23Z,1403
scripts/one_off/P020_product_db_postgres_promotion_rehearsal.py,.py,scripts,one_off,one_off,1,2026-05-01T22:06:30Z,4775
tests/test_p020_product_db_postgres_promotion_rehearsal.py,.py,tests,tests,test,0,2026-05-01T22:07:23Z,845
scripts/one_off/P021_sql_product_db_ui_authority_phase2_signoff.py,.py,scripts,one_off,one_off,1,2026-05-01T22:06:30Z,8773
tests/test_p021_sql_product_db_ui_authority_phase2_signoff.py,.py,tests,tests,test,0,2026-05-01T22:07:23Z,2751
