probe_event_id,asof_date,event_utc,marketplace,sku,asin,lane,supervisor_state,trigger_code,probe_type,action_price_before_gbp,action_price_target_gbp,hard_floor_gbp,ceiling_gbp,max_move_per_cycle_gbp,cooldown_minutes,expiry_utc,reason_codes,approved_rule_id,source,notes
probe_JB-RGB6-LZOJ_20260211T161331Z,2026-02-11,2026-02-11T16:13:31Z,UK,JB-RGB6-LZOJ,B0001P0DLU,managed,unknown,baseline_check,hold,9.99,9.99,0.01,999.00,0.20,15,2026-02-11T20:13:31Z,phase0_schema_seed,unknown|baseline_check|hold,H006_seed_worker_probe_logs,seed_row_for_schema_and_health_validation
safe_mode_JB-RGB6-LZOJ_20260211,2026-02-11,2026-02-11T17:05:20Z,UK,JB-RGB6-LZOJ,B0001P0DLU,managed,unknown,baseline_check,hold,9.99,9.99,0.01,999.00,0.20,30,2026-02-11T21:05:20Z,phase0_safe_mode,safe_mode|unknown|baseline_check|hold,H007_run_safe_mode_pilot,snapshot=listing_offer_snapshot_2026-02-11.csv
h_cycle_JB-RGB6-LZOJ_20260211T172704Z,2026-02-11,2026-02-11T17:27:04Z,UK,JB-RGB6-LZOJ,B0001P0DLU,managed,unknown,baseline_check,hold,9.99,9.99,0.01,999.00,0.20,30,2026-02-11T21:27:04Z,phase1_live_pilot|live_write_skipped,unknown|baseline_check|hold,run_H_pricing_cycle,snapshot=listing_offer_snapshot_2026-02-11.csv
safe_mode_JB-RGB6-LZOJ_20260212,2026-02-12,2026-02-12T06:20:13Z,UK,JB-RGB6-LZOJ,B0001P0DLU,managed,unknown,baseline_check,hold,9.99,9.99,0.01,999.00,0.20,30,2026-02-12T10:20:13Z,phase0_safe_mode,safe_mode|unknown|baseline_check|hold,H007_run_safe_mode_pilot,snapshot=listing_offer_snapshot_2026-02-12.csv
h_cycle_JB-RGB6-LZOJ_20260212T085922Z,2026-02-12,2026-02-12T08:59:22Z,UK,JB-RGB6-LZOJ,B0001P0DLU,managed,unknown,baseline_check,hold,9.99,9.99,0.01,999.00,0.20,30,2026-02-12T12:59:22Z,phase1_live_pilot|live_write_skipped,unknown|baseline_check|hold,run_H_pricing_cycle,snapshot=listing_offer_snapshot_2026-02-12.csv
h_cycle_JB-RGB6-LZOJ_20260212T090640Z,2026-02-12,2026-02-12T09:06:40Z,UK,JB-RGB6-LZOJ,B0001P0DLU,managed,follower,buy_box_loss_or_close_gap,hold,9.99,9.99,0.01,999.00,0.20,15,2026-02-12T10:06:40Z,phase1_live_pilot|cooldown_enforced|live_write_skipped,follower|buy_box_loss_or_close_gap|hold,run_H_pricing_cycle,snapshot=listing_offer_snapshot_2026-02-12.csv
h_cycle_JB-RGB6-LZOJ_20260212T093406Z,2026-02-12,2026-02-12T09:34:06Z,UK,JB-RGB6-LZOJ,B0001P0DLU,managed,follower,buy_box_loss_or_close_gap,lower,9.99,9.89,0.01,999.00,0.20,15,2026-02-12T10:34:06Z,phase1_live_pilot|live_write_skipped,follower|buy_box_loss_or_close_gap|lower,run_H_pricing_cycle,"calc_trace={""snapshot"":""listing_offer_snapshot_2026-02-12.csv"",""before_gbp"":""9.99"",""buy_box_gbp"":""6.35"",""requested_probe_type"":""lower"",""target_adjustment_gbp"":""0.10"",""pre_guardrail_target_gbp"":""9.89"",""final_target_gbp"":""9.89"",""final_probe_type"":""lower"",""cooldown_minutes"":""15"",""last_event_utc"":""2026-02-12T09:06:40Z"",""elapsed_since_last_event_minutes"":""27.43"",""max_probes_per_day"":""4"",""used_probes_today"":""2"",""hard_floor_gbp"":""0.01"",""ceiling_gbp"":""999.00"",""max_move_per_cycle_gbp"":""0.20"",""max_daily_down_move_gbp"":""0.50"",""used_daily_down_move_gbp"":""0.00"",""remaining_daily_down_move_gbp"":""0.50"",""live_write_enabled"":""0"",""kill_switch_active"":""0"",""l2_ref_order_id"":""206-0030846-7429913"",""l2_ref_order_utc"":""2026-02-09T15:27:04Z"",""l2_ref_break_even_exvat_gbp"":""4.78"",""l2_ref_break_even_total_gbp"":""5.74"",""l2_ref_cogs_total_gbp"":""2.96"",""l2_ref_cogs_exvat_gbp"":""2.47"",""l2_ref_fba_fee_exvat_gbp"":""1.46"",""l2_ref_commission_exvat_gbp"":""0.80"",""l2_ref_digital_fee_exvat_gbp"":""0.05"",""l2_ref_fixed_closing_exvat_gbp"":""0.00""}"
h_cycle_JB-RGB6-LZOJ_20260212T093513Z,2026-02-12,2026-02-12T09:35:13Z,UK,JB-RGB6-LZOJ,B0001P0DLU,managed,follower,buy_box_loss_or_close_gap,hold,9.99,9.99,0.01,999.00,999.00,15,2026-02-12T10:35:13Z,phase1_live_pilot|cooldown_enforced|live_write_skipped,follower|buy_box_loss_or_close_gap|hold,run_H_pricing_cycle,"calc_trace={""snapshot"":""listing_offer_snapshot_2026-02-12.csv"",""before_gbp"":""9.99"",""buy_box_gbp"":""6.35"",""requested_probe_type"":""match"",""target_adjustment_gbp"":""0.00"",""pre_guardrail_target_gbp"":""6.35"",""final_target_gbp"":""9.99"",""final_probe_type"":""hold"",""cooldown_minutes"":""15"",""last_event_utc"":""2026-02-12T09:34:06Z"",""elapsed_since_last_event_minutes"":""1.12"",""max_probes_per_day"":""4"",""used_probes_today"":""3"",""hard_floor_gbp"":""0.01"",""ceiling_gbp"":""999.00"",""max_move_per_cycle_gbp"":"""",""max_daily_down_move_gbp"":"""",""used_daily_down_move_gbp"":""0.00"",""remaining_daily_down_move_gbp"":"""",""live_write_enabled"":""0"",""kill_switch_active"":""0"",""l2_ref_order_id"":""206-0030846-7429913"",""l2_ref_order_utc"":""2026-02-09T15:27:04Z"",""l2_ref_break_even_exvat_gbp"":""4.78"",""l2_ref_break_even_total_gbp"":""5.74"",""l2_ref_cogs_total_gbp"":""2.96"",""l2_ref_cogs_exvat_gbp"":""2.47"",""l2_ref_fba_fee_exvat_gbp"":""1.46"",""l2_ref_commission_exvat_gbp"":""0.80"",""l2_ref_digital_fee_exvat_gbp"":""0.05"",""l2_ref_fixed_closing_exvat_gbp"":""0.00""}"
h_cycle_JB-RGB6-LZOJ_20260212T094308Z,2026-02-12,2026-02-12T09:43:08Z,UK,JB-RGB6-LZOJ,B0001P0DLU,managed,follower,buy_box_loss_or_close_gap,hold,9.99,9.99,0.01,999.00,999.00,15,2026-02-12T10:43:08Z,phase1_live_pilot|cooldown_enforced|max_probes_per_day_enforced|live_write_skipped,follower|buy_box_loss_or_close_gap|hold,run_H_pricing_cycle,"calc_trace={""snapshot"":""listing_offer_snapshot_2026-02-12.csv"",""before_gbp"":""9.99"",""buy_box_gbp"":""6.35"",""requested_probe_type"":""match"",""target_adjustment_gbp"":""0.00"",""pre_guardrail_target_gbp"":""6.35"",""final_target_gbp"":""9.99"",""final_probe_type"":""hold"",""cooldown_minutes"":""15"",""last_event_utc"":""2026-02-12T09:35:13Z"",""elapsed_since_last_event_minutes"":""7.92"",""max_probes_per_day"":""4"",""used_probes_today"":""4"",""hard_floor_gbp"":""0.01"",""ceiling_gbp"":""999.00"",""max_move_per_cycle_gbp"":"""",""max_daily_down_move_gbp"":"""",""used_daily_down_move_gbp"":""0.00"",""remaining_daily_down_move_gbp"":"""",""live_write_enabled"":""0"",""kill_switch_active"":""0"",""profit_floor_total_gbp"":""9.99"",""profit_floor_required_total_gbp"":""6.35"",""profit_floor_required_exvat_gbp"":""5.29"",""profit_floor_required_profit_exvat_gbp"":""0.00"",""profit_floor_roi_on_cost_pct"":""0.00"",""profit_floor_min_profit_exvat_gbp"":""0.00"",""profit_floor_cogs_exvat_gbp"":""2.47"",""profit_floor_cogs_total_gbp"":""2.96"",""profit_floor_cogs_source"":""token_cogs_ledger_median"",""profit_floor_fee_fba_exvat_gbp"":""1.46"",""profit_floor_fee_commission_exvat_gbp"":""1.30"",""profit_floor_fee_dsf_exvat_gbp"":""0.06"",""profit_floor_commission_rate_used"":""0.13"",""profit_floor_commission_rate_field"":""last_commission_pct_10"",""profit_floor_commission_min_fee_applied"":""0"",""l2_ref_order_id"":""206-0030846-7429913"",""l2_ref_order_utc"":""2026-02-09T15:27:04Z"",""l2_ref_break_even_exvat_gbp"":""4.78"",""l2_ref_break_even_total_gbp"":""5.74"",""l2_ref_cogs_total_gbp"":""2.96"",""l2_ref_cogs_exvat_gbp"":""2.47"",""l2_ref_fba_fee_exvat_gbp"":""1.46"",""l2_ref_commission_exvat_gbp"":""0.80"",""l2_ref_digital_fee_exvat_gbp"":""0.05"",""l2_ref_fixed_closing_exvat_gbp"":""0.00""}"
h_cycle_JB-RGB6-LZOJ_20260212T094355Z,2026-02-12,2026-02-12T09:43:55Z,UK,JB-RGB6-LZOJ,B0001P0DLU,managed,follower,buy_box_loss_or_close_gap,hold,9.99,9.99,0.01,999.00,999.00,15,2026-02-12T10:43:55Z,phase1_live_pilot|cooldown_enforced|max_probes_per_day_enforced|live_write_skipped,follower|buy_box_loss_or_close_gap|hold,run_H_pricing_cycle,"calc_trace={""snapshot"":""listing_offer_snapshot_2026-02-12.csv"",""before_gbp"":""9.99"",""buy_box_gbp"":""6.35"",""requested_probe_type"":""match"",""target_adjustment_gbp"":""0.00"",""pre_guardrail_target_gbp"":""6.35"",""final_target_gbp"":""9.99"",""final_probe_type"":""hold"",""cooldown_minutes"":""15"",""last_event_utc"":""2026-02-12T09:43:08Z"",""elapsed_since_last_event_minutes"":""0.78"",""max_probes_per_day"":""4"",""used_probes_today"":""5"",""hard_floor_gbp"":""0.01"",""ceiling_gbp"":""999.00"",""max_move_per_cycle_gbp"":""999.00"",""max_daily_down_move_gbp"":""999.00"",""used_daily_down_move_gbp"":""0.10"",""remaining_daily_down_move_gbp"":""998.90"",""live_write_enabled"":""0"",""kill_switch_active"":""0"",""profit_floor_total_gbp"":""9.99"",""profit_floor_required_total_gbp"":""6.35"",""profit_floor_required_exvat_gbp"":""5.29"",""profit_floor_required_profit_exvat_gbp"":""0.00"",""profit_floor_roi_on_cost_pct"":""0.00"",""profit_floor_min_profit_exvat_gbp"":""0.00"",""profit_floor_cogs_exvat_gbp"":""2.47"",""profit_floor_cogs_total_gbp"":""2.96"",""profit_floor_cogs_source"":""token_cogs_ledger_median"",""profit_floor_fee_fba_exvat_gbp"":""1.46"",""profit_floor_fee_commission_exvat_gbp"":""1.30"",""profit_floor_fee_dsf_exvat_gbp"":""0.06"",""profit_floor_commission_rate_used"":""0.13"",""profit_floor_commission_rate_field"":""last_commission_pct_10"",""profit_floor_commission_min_fee_applied"":""0"",""l2_ref_order_id"":""206-0030846-7429913"",""l2_ref_order_utc"":""2026-02-09T15:27:04Z"",""l2_ref_break_even_exvat_gbp"":""4.78"",""l2_ref_break_even_total_gbp"":""5.74"",""l2_ref_cogs_total_gbp"":""2.96"",""l2_ref_cogs_exvat_gbp"":""2.47"",""l2_ref_fba_fee_exvat_gbp"":""1.46"",""l2_ref_commission_exvat_gbp"":""0.80"",""l2_ref_digital_fee_exvat_gbp"":""0.05"",""l2_ref_fixed_closing_exvat_gbp"":""0.00""}"
h_cycle_JB-RGB6-LZOJ_20260212T103353Z,2026-02-12,2026-02-12T10:33:53Z,UK,JB-RGB6-LZOJ,B0001P0DLU,managed,follower,buy_box_loss_or_close_gap,hold,9.99,9.99,0.01,999.00,999.00,15,2026-02-12T11:33:53Z,phase1_live_pilot|max_probes_per_day_enforced|live_write_skipped,follower|buy_box_loss_or_close_gap|hold,run_H_pricing_cycle,"calc_trace={""snapshot"":""listing_offer_snapshot_2026-02-12.csv"",""before_gbp"":""9.99"",""buy_box_gbp"":""6.35"",""requested_probe_type"":""match"",""target_adjustment_gbp"":""0.00"",""pre_guardrail_target_gbp"":""6.35"",""final_target_gbp"":""9.99"",""final_probe_type"":""hold"",""cooldown_minutes"":""15"",""last_event_utc"":""2026-02-12T09:43:55Z"",""elapsed_since_last_event_minutes"":""49.97"",""max_probes_per_day"":""4"",""used_probes_today"":""6"",""hard_floor_gbp"":""0.01"",""ceiling_gbp"":""999.00"",""max_move_per_cycle_gbp"":""999.00"",""max_daily_down_move_gbp"":""999.00"",""used_daily_down_move_gbp"":""0.10"",""remaining_daily_down_move_gbp"":""998.90"",""live_write_enabled"":""0"",""kill_switch_active"":""0"",""profit_floor_total_gbp"":""9.99"",""profit_floor_required_total_gbp"":""6.35"",""profit_floor_required_exvat_gbp"":""5.29"",""profit_floor_required_profit_exvat_gbp"":""0.00"",""profit_floor_roi_on_cost_pct"":""0.00"",""profit_floor_min_profit_exvat_gbp"":""0.00"",""profit_floor_cogs_exvat_gbp"":""2.47"",""profit_floor_cogs_total_gbp"":""2.96"",""profit_floor_cogs_source"":""token_cogs_ledger_median"",""profit_floor_fee_fba_exvat_gbp"":""1.46"",""profit_floor_fee_commission_exvat_gbp"":""1.30"",""profit_floor_fee_dsf_exvat_gbp"":""0.06"",""profit_floor_commission_rate_used"":""0.13"",""profit_floor_commission_rate_field"":""last_commission_pct_10"",""profit_floor_commission_min_fee_applied"":""0"",""l2_ref_order_id"":""206-0030846-7429913"",""l2_ref_order_utc"":""2026-02-09T15:27:04Z"",""l2_ref_break_even_exvat_gbp"":""4.78"",""l2_ref_break_even_total_gbp"":""5.74"",""l2_ref_cogs_total_gbp"":""2.96"",""l2_ref_cogs_exvat_gbp"":""2.47"",""l2_ref_fba_fee_exvat_gbp"":""1.46"",""l2_ref_commission_exvat_gbp"":""0.80"",""l2_ref_digital_fee_exvat_gbp"":""0.05"",""l2_ref_fixed_closing_exvat_gbp"":""0.00""}"
h_cycle_JB-RGB6-LZOJ_20260212T103449Z,2026-02-12,2026-02-12T10:34:49Z,UK,JB-RGB6-LZOJ,B0001P0DLU,managed,follower,buy_box_loss_or_close_gap,hold,9.99,9.99,0.01,999.00,999.00,15,2026-02-12T11:34:49Z,phase1_live_pilot|cooldown_enforced|max_probes_per_day_enforced|live_write_skipped,follower|buy_box_loss_or_close_gap|hold,run_H_pricing_cycle,"calc_trace={""snapshot"":""listing_offer_snapshot_2026-02-12.csv"",""before_gbp"":""9.99"",""buy_box_gbp"":""6.35"",""requested_probe_type"":""match"",""target_adjustment_gbp"":""0.00"",""pre_guardrail_target_gbp"":""6.35"",""final_target_gbp"":""9.99"",""final_probe_type"":""hold"",""cooldown_minutes"":""15"",""last_event_utc"":""2026-02-12T10:33:53Z"",""elapsed_since_last_event_minutes"":""0.93"",""max_probes_per_day"":""4"",""used_probes_today"":""7"",""hard_floor_gbp"":""0.01"",""ceiling_gbp"":""999.00"",""max_move_per_cycle_gbp"":""999.00"",""max_daily_down_move_gbp"":""999.00"",""used_daily_down_move_gbp"":""0.10"",""remaining_daily_down_move_gbp"":""998.90"",""live_write_enabled"":""0"",""kill_switch_active"":""0"",""profit_floor_total_gbp"":""9.99"",""profit_floor_required_total_gbp"":""6.35"",""profit_floor_required_exvat_gbp"":""5.29"",""profit_floor_required_profit_exvat_gbp"":""0.00"",""profit_floor_roi_on_cost_pct"":""0.00"",""profit_floor_min_profit_exvat_gbp"":""0.00"",""profit_floor_cogs_exvat_gbp"":""2.47"",""profit_floor_cogs_total_gbp"":""2.96"",""profit_floor_cogs_source"":""token_cogs_ledger_median"",""profit_floor_fee_fba_exvat_gbp"":""1.46"",""profit_floor_fee_commission_exvat_gbp"":""1.30"",""profit_floor_fee_dsf_exvat_gbp"":""0.06"",""profit_floor_commission_rate_used"":""0.13"",""profit_floor_commission_rate_field"":""last_commission_pct_10"",""profit_floor_commission_min_fee_applied"":""0"",""l2_ref_order_id"":""206-0030846-7429913"",""l2_ref_order_utc"":""2026-02-09T15:27:04Z"",""l2_ref_break_even_exvat_gbp"":""4.78"",""l2_ref_break_even_total_gbp"":""5.74"",""l2_ref_cogs_total_gbp"":""2.96"",""l2_ref_cogs_exvat_gbp"":""2.47"",""l2_ref_fba_fee_exvat_gbp"":""1.46"",""l2_ref_commission_exvat_gbp"":""0.80"",""l2_ref_digital_fee_exvat_gbp"":""0.05"",""l2_ref_fixed_closing_exvat_gbp"":""0.00""}"
h_cycle_JB-RGB6-LZOJ_20260212T104324Z,2026-02-12,2026-02-12T10:43:24Z,UK,JB-RGB6-LZOJ,B0001P0DLU,managed,follower,buy_box_loss_or_close_gap,hold,9.99,7.99,0.01,7.99,999.00,15,2026-02-12T11:43:24Z,phase1_live_pilot|cooldown_enforced|max_probes_per_day_enforced|ceiling_enforced|live_write_skipped,follower|buy_box_loss_or_close_gap|hold,run_H_pricing_cycle,"calc_trace={""snapshot"":""listing_offer_snapshot_2026-02-12.csv"",""before_gbp"":""9.99"",""buy_box_gbp"":""6.35"",""requested_probe_type"":""match"",""target_adjustment_gbp"":""0.00"",""pre_guardrail_target_gbp"":""6.35"",""final_target_gbp"":""7.99"",""final_probe_type"":""hold"",""cooldown_minutes"":""15"",""last_event_utc"":""2026-02-12T10:34:49Z"",""elapsed_since_last_event_minutes"":""8.58"",""max_probes_per_day"":""4"",""used_probes_today"":""8"",""hard_floor_gbp"":""0.01"",""ceiling_gbp"":""7.99"",""max_move_per_cycle_gbp"":""999.00"",""max_daily_down_move_gbp"":""999.00"",""used_daily_down_move_gbp"":""0.10"",""remaining_daily_down_move_gbp"":""998.90"",""live_write_enabled"":""0"",""kill_switch_active"":""0"",""profit_floor_total_gbp"":""7.99"",""profit_floor_required_total_gbp"":""6.02"",""profit_floor_required_exvat_gbp"":""5.02"",""profit_floor_required_profit_exvat_gbp"":""0.00"",""profit_floor_roi_on_cost_pct"":""0.00"",""profit_floor_min_profit_exvat_gbp"":""0.00"",""profit_floor_cogs_exvat_gbp"":""2.47"",""profit_floor_cogs_total_gbp"":""2.96"",""profit_floor_cogs_source"":""token_cogs_ledger_median"",""profit_floor_fee_fba_exvat_gbp"":""1.46"",""profit_floor_fee_commission_exvat_gbp"":""1.04"",""profit_floor_fee_dsf_exvat_gbp"":""0.05"",""profit_floor_commission_rate_used"":""0.13"",""profit_floor_commission_rate_field"":""last_commission_pct_10"",""profit_floor_commission_min_fee_applied"":""0"",""l2_ref_order_id"":""206-0030846-7429913"",""l2_ref_order_utc"":""2026-02-09T15:27:04Z"",""l2_ref_break_even_exvat_gbp"":""4.78"",""l2_ref_break_even_total_gbp"":""5.74"",""l2_ref_cogs_total_gbp"":""2.96"",""l2_ref_cogs_exvat_gbp"":""2.47"",""l2_ref_fba_fee_exvat_gbp"":""1.46"",""l2_ref_commission_exvat_gbp"":""0.80"",""l2_ref_digital_fee_exvat_gbp"":""0.05"",""l2_ref_fixed_closing_exvat_gbp"":""0.00""}"
h_cycle_JB-RGB6-LZOJ_20260212T104504Z,2026-02-12,2026-02-12T10:45:04Z,UK,JB-RGB6-LZOJ,B0001P0DLU,managed,follower,buy_box_loss_or_close_gap,hold,9.99,7.99,0.01,7.99,999.00,15,2026-02-12T11:45:04Z,phase1_live_pilot|cooldown_enforced|max_probes_per_day_enforced|ceiling_enforced|live_write_skipped,follower|buy_box_loss_or_close_gap|hold,run_H_pricing_cycle,"calc_trace={""snapshot"":""listing_offer_snapshot_2026-02-12.csv"",""before_gbp"":""9.99"",""buy_box_gbp"":""6.35"",""requested_probe_type"":""match"",""target_adjustment_gbp"":""0.00"",""pre_guardrail_target_gbp"":""6.35"",""final_target_gbp"":""7.99"",""final_probe_type"":""hold"",""cooldown_minutes"":""15"",""last_event_utc"":""2026-02-12T10:43:24Z"",""elapsed_since_last_event_minutes"":""1.67"",""max_probes_per_day"":""4"",""used_probes_today"":""9"",""hard_floor_gbp"":""0.01"",""ceiling_gbp"":""7.99"",""ceiling_source"":""product_db.max_price_gbp"",""product_db_max_price_gbp"":""7.99"",""max_move_per_cycle_gbp"":""999.00"",""max_daily_down_move_gbp"":""999.00"",""used_daily_down_move_gbp"":""2.10"",""remaining_daily_down_move_gbp"":""996.90"",""live_write_enabled"":""0"",""kill_switch_active"":""0"",""profit_floor_total_gbp"":""7.99"",""profit_floor_required_total_gbp"":""6.02"",""profit_floor_required_exvat_gbp"":""5.02"",""profit_floor_required_profit_exvat_gbp"":""0.00"",""profit_floor_roi_on_cost_pct"":""0.00"",""profit_floor_min_profit_exvat_gbp"":""0.00"",""profit_floor_cogs_exvat_gbp"":""2.47"",""profit_floor_cogs_total_gbp"":""2.96"",""profit_floor_cogs_source"":""token_cogs_ledger_median"",""profit_floor_fee_fba_exvat_gbp"":""1.46"",""profit_floor_fee_commission_exvat_gbp"":""1.04"",""profit_floor_fee_dsf_exvat_gbp"":""0.05"",""profit_floor_commission_rate_used"":""0.13"",""profit_floor_commission_rate_field"":""last_commission_pct_10"",""profit_floor_commission_min_fee_applied"":""0"",""l2_ref_order_id"":""206-0030846-7429913"",""l2_ref_order_utc"":""2026-02-09T15:27:04Z"",""l2_ref_break_even_exvat_gbp"":""4.78"",""l2_ref_break_even_total_gbp"":""5.74"",""l2_ref_cogs_total_gbp"":""2.96"",""l2_ref_cogs_exvat_gbp"":""2.47"",""l2_ref_fba_fee_exvat_gbp"":""1.46"",""l2_ref_commission_exvat_gbp"":""0.80"",""l2_ref_digital_fee_exvat_gbp"":""0.05"",""l2_ref_fixed_closing_exvat_gbp"":""0.00""}"
h_cycle_JB-RGB6-LZOJ_20260212T104609Z,2026-02-12,2026-02-12T10:46:09Z,UK,JB-RGB6-LZOJ,B0001P0DLU,managed,follower,buy_box_loss_or_close_gap,hold,9.99,7.99,0.01,7.99,999.00,15,2026-02-12T11:46:09Z,phase1_live_pilot|cooldown_enforced|max_probes_per_day_enforced|ceiling_enforced|live_write_skipped,follower|buy_box_loss_or_close_gap|hold,run_H_pricing_cycle,"calc_trace={""snapshot"":""listing_offer_snapshot_2026-02-12.csv"",""before_gbp"":""9.99"",""buy_box_gbp"":""6.35"",""requested_probe_type"":""match"",""target_adjustment_gbp"":""0.00"",""pre_guardrail_target_gbp"":""6.35"",""final_target_gbp"":""7.99"",""final_probe_type"":""hold"",""cooldown_minutes"":""15"",""last_event_utc"":""2026-02-12T10:45:04Z"",""elapsed_since_last_event_minutes"":""1.08"",""max_probes_per_day"":""4"",""used_probes_today"":""10"",""hard_floor_gbp"":""0.01"",""ceiling_gbp"":""7.99"",""ceiling_source"":""product_db.max_price_gbp"",""product_db_max_price_gbp"":""7.99"",""fallback_max_price_gbp"":"""",""max_move_per_cycle_gbp"":""999.00"",""max_daily_down_move_gbp"":""999.00"",""used_daily_down_move_gbp"":""4.10"",""remaining_daily_down_move_gbp"":""994.90"",""live_write_enabled"":""0"",""kill_switch_active"":""0"",""profit_floor_total_gbp"":""7.99"",""profit_floor_required_total_gbp"":""6.02"",""profit_floor_required_exvat_gbp"":""5.02"",""profit_floor_required_profit_exvat_gbp"":""0.00"",""profit_floor_roi_on_cost_pct"":""0.00"",""profit_floor_min_profit_exvat_gbp"":""0.00"",""profit_floor_cogs_exvat_gbp"":""2.47"",""profit_floor_cogs_total_gbp"":""2.96"",""profit_floor_cogs_source"":""token_cogs_ledger_median"",""profit_floor_fee_fba_exvat_gbp"":""1.46"",""profit_floor_fee_commission_exvat_gbp"":""1.04"",""profit_floor_fee_dsf_exvat_gbp"":""0.05"",""profit_floor_commission_rate_used"":""0.13"",""profit_floor_commission_rate_field"":""last_commission_pct_10"",""profit_floor_commission_min_fee_applied"":""0"",""l2_ref_order_id"":""206-0030846-7429913"",""l2_ref_order_utc"":""2026-02-09T15:27:04Z"",""l2_ref_break_even_exvat_gbp"":""4.78"",""l2_ref_break_even_total_gbp"":""5.74"",""l2_ref_cogs_total_gbp"":""2.96"",""l2_ref_cogs_exvat_gbp"":""2.47"",""l2_ref_fba_fee_exvat_gbp"":""1.46"",""l2_ref_commission_exvat_gbp"":""0.80"",""l2_ref_digital_fee_exvat_gbp"":""0.05"",""l2_ref_fixed_closing_exvat_gbp"":""0.00""}"
h_cycle_JB-RGB6-LZOJ_20260212T105125Z,2026-02-12,2026-02-12T10:51:25Z,UK,JB-RGB6-LZOJ,B0001P0DLU,managed,follower,buy_box_loss_or_close_gap,hold,9.99,9.99,0.01,19.71,999.00,15,2026-02-12T11:51:25Z,phase1_live_pilot|cooldown_enforced|max_probes_per_day_enforced|live_write_skipped,follower|buy_box_loss_or_close_gap|hold,run_H_pricing_cycle,"calc_trace={""snapshot"":""listing_offer_snapshot_2026-02-12.csv"",""before_gbp"":""9.99"",""buy_box_gbp"":""6.35"",""requested_probe_type"":""match"",""target_adjustment_gbp"":""0.00"",""pre_guardrail_target_gbp"":""6.35"",""final_target_gbp"":""9.99"",""final_probe_type"":""hold"",""cooldown_minutes"":""15"",""last_event_utc"":""2026-02-12T10:46:09Z"",""elapsed_since_last_event_minutes"":""5.27"",""max_probes_per_day"":""4"",""used_probes_today"":""11"",""hard_floor_gbp"":""0.01"",""ceiling_gbp"":""19.71"",""ceiling_source"":""roi_fallback_150pct"",""product_db_max_price_gbp"":"""",""fallback_max_price_gbp"":""19.71"",""max_move_per_cycle_gbp"":""999.00"",""max_daily_down_move_gbp"":""999.00"",""used_daily_down_move_gbp"":""6.10"",""remaining_daily_down_move_gbp"":""992.90"",""live_write_enabled"":""0"",""kill_switch_active"":""0"",""profit_floor_total_gbp"":""9.99"",""profit_floor_required_total_gbp"":""6.35"",""profit_floor_required_exvat_gbp"":""5.29"",""profit_floor_required_profit_exvat_gbp"":""0.00"",""profit_floor_roi_on_cost_pct"":""0.00"",""profit_floor_min_profit_exvat_gbp"":""0.00"",""profit_floor_cogs_exvat_gbp"":""2.47"",""profit_floor_cogs_total_gbp"":""2.96"",""profit_floor_cogs_source"":""token_cogs_ledger_median"",""profit_floor_fee_fba_exvat_gbp"":""1.46"",""profit_floor_fee_commission_exvat_gbp"":""1.30"",""profit_floor_fee_dsf_exvat_gbp"":""0.06"",""profit_floor_commission_rate_used"":""0.13"",""profit_floor_commission_rate_field"":""last_commission_pct_10"",""profit_floor_commission_min_fee_applied"":""0"",""l2_ref_order_id"":""206-0030846-7429913"",""l2_ref_order_utc"":""2026-02-09T15:27:04Z"",""l2_ref_break_even_exvat_gbp"":""4.78"",""l2_ref_break_even_total_gbp"":""5.74"",""l2_ref_cogs_total_gbp"":""2.96"",""l2_ref_cogs_exvat_gbp"":""2.47"",""l2_ref_fba_fee_exvat_gbp"":""1.46"",""l2_ref_commission_exvat_gbp"":""0.80"",""l2_ref_digital_fee_exvat_gbp"":""0.05"",""l2_ref_fixed_closing_exvat_gbp"":""0.00""}"
h_cycle_JB-RGB6-LZOJ_20260212T110324Z,2026-02-12,2026-02-12T11:03:24Z,UK,JB-RGB6-LZOJ,B0001P0DLU,managed,follower,buy_box_loss_or_close_gap,hold,9.99,9.99,0.01,19.71,999.00,15,2026-02-12T12:03:24Z,phase1_live_pilot|cooldown_enforced|max_probes_per_day_enforced|stale_snapshot_hold|live_write_skipped,follower|buy_box_loss_or_close_gap|hold,run_H_pricing_cycle,"calc_trace={""snapshot"":""listing_offer_snapshot_2026-02-12.csv"",""before_gbp"":""9.99"",""buy_box_gbp"":""6.35"",""requested_probe_type"":""match"",""target_adjustment_gbp"":""0.00"",""pre_guardrail_target_gbp"":""6.35"",""final_target_gbp"":""9.99"",""final_probe_type"":""hold"",""cooldown_minutes"":""15"",""last_event_utc"":""2026-02-12T10:51:25Z"",""elapsed_since_last_event_minutes"":""11.98"",""max_probes_per_day"":""4"",""used_probes_today"":""12"",""hard_floor_gbp"":""0.01"",""ceiling_gbp"":""19.71"",""ceiling_source"":""roi_fallback_150pct"",""product_db_max_price_gbp"":"""",""fallback_max_price_gbp"":""19.71"",""max_move_per_cycle_gbp"":""999.00"",""max_daily_down_move_gbp"":""999.00"",""used_daily_down_move_gbp"":""6.10"",""remaining_daily_down_move_gbp"":""992.90"",""live_write_enabled"":""0"",""kill_switch_active"":""0"",""snapshot_age_limit_minutes"":""20.00"",""listing_snapshot_file"":""listing_offer_snapshot_2026-02-12.csv"",""listing_snapshot_age_minutes"":""663.40"",""seller_snapshot_file"":""listing_offer_seller_snapshot_2026-02-12.csv"",""seller_snapshot_age_minutes"":""663.40"",""stale_snapshot_flag"":""1"",""profit_floor_total_gbp"":""9.99"",""profit_floor_required_total_gbp"":""6.35"",""profit_floor_required_exvat_gbp"":""5.29"",""profit_floor_required_profit_exvat_gbp"":""0.00"",""profit_floor_roi_on_cost_pct"":""0.00"",""profit_floor_min_profit_exvat_gbp"":""0.00"",""profit_floor_cogs_exvat_gbp"":""2.47"",""profit_floor_cogs_total_gbp"":""2.96"",""profit_floor_cogs_source"":""token_cogs_ledger_median"",""profit_floor_fee_fba_exvat_gbp"":""1.46"",""profit_floor_fee_commission_exvat_gbp"":""1.30"",""profit_floor_fee_dsf_exvat_gbp"":""0.06"",""profit_floor_commission_rate_used"":""0.13"",""profit_floor_commission_rate_field"":""last_commission_pct_10"",""profit_floor_commission_min_fee_applied"":""0"",""l2_ref_order_id"":""206-0030846-7429913"",""l2_ref_order_utc"":""2026-02-09T15:27:04Z"",""l2_ref_break_even_exvat_gbp"":""4.78"",""l2_ref_break_even_total_gbp"":""5.74"",""l2_ref_cogs_total_gbp"":""2.96"",""l2_ref_cogs_exvat_gbp"":""2.47"",""l2_ref_fba_fee_exvat_gbp"":""1.46"",""l2_ref_commission_exvat_gbp"":""0.80"",""l2_ref_digital_fee_exvat_gbp"":""0.05"",""l2_ref_fixed_closing_exvat_gbp"":""0.00""}"
h_cycle_JB-RGB6-LZOJ_20260212T111014Z,2026-02-12,2026-02-12T11:10:14Z,UK,JB-RGB6-LZOJ,B0001P0DLU,managed,follower,buy_box_loss_or_close_gap,hold,9.99,9.99,0.01,19.71,999.00,15,2026-02-12T12:10:14Z,phase1_live_pilot|cooldown_enforced|max_probes_per_day_enforced|live_write_skipped,follower|buy_box_loss_or_close_gap|hold,run_H_pricing_cycle,"calc_trace={""snapshot"":""listing_offer_snapshot_2026-02-12.csv"",""before_gbp"":""9.99"",""buy_box_gbp"":""6.35"",""requested_probe_type"":""match"",""target_adjustment_gbp"":""0.00"",""pre_guardrail_target_gbp"":""6.35"",""final_target_gbp"":""9.99"",""final_probe_type"":""hold"",""cooldown_minutes"":""15"",""last_event_utc"":""2026-02-12T11:03:24Z"",""elapsed_since_last_event_minutes"":""6.83"",""max_probes_per_day"":""4"",""used_probes_today"":""13"",""hard_floor_gbp"":""0.01"",""ceiling_gbp"":""19.71"",""ceiling_source"":""roi_fallback_150pct"",""product_db_max_price_gbp"":"""",""fallback_max_price_gbp"":""19.71"",""max_move_per_cycle_gbp"":""999.00"",""max_daily_down_move_gbp"":""999.00"",""used_daily_down_move_gbp"":""6.10"",""remaining_daily_down_move_gbp"":""992.90"",""live_write_enabled"":""0"",""kill_switch_active"":""0"",""snapshot_age_limit_minutes"":""20.00"",""listing_snapshot_file"":""listing_offer_snapshot_2026-02-12.csv"",""listing_snapshot_age_minutes"":""0.00"",""seller_snapshot_file"":""listing_offer_seller_snapshot_2026-02-12.csv"",""seller_snapshot_age_minutes"":""0.00"",""stale_snapshot_flag"":""0"",""profit_floor_total_gbp"":""9.99"",""profit_floor_required_total_gbp"":""6.35"",""profit_floor_required_exvat_gbp"":""5.29"",""profit_floor_required_profit_exvat_gbp"":""0.00"",""profit_floor_roi_on_cost_pct"":""0.00"",""profit_floor_min_profit_exvat_gbp"":""0.00"",""profit_floor_cogs_exvat_gbp"":""2.47"",""profit_floor_cogs_total_gbp"":""2.96"",""profit_floor_cogs_source"":""token_cogs_ledger_median"",""profit_floor_fee_fba_exvat_gbp"":""1.46"",""profit_floor_fee_commission_exvat_gbp"":""1.30"",""profit_floor_fee_dsf_exvat_gbp"":""0.06"",""profit_floor_commission_rate_used"":""0.13"",""profit_floor_commission_rate_field"":""last_commission_pct_10"",""profit_floor_commission_min_fee_applied"":""0"",""l2_ref_order_id"":""206-0030846-7429913"",""l2_ref_order_utc"":""2026-02-09T15:27:04Z"",""l2_ref_break_even_exvat_gbp"":""4.78"",""l2_ref_break_even_total_gbp"":""5.74"",""l2_ref_cogs_total_gbp"":""2.96"",""l2_ref_cogs_exvat_gbp"":""2.47"",""l2_ref_fba_fee_exvat_gbp"":""1.46"",""l2_ref_commission_exvat_gbp"":""0.80"",""l2_ref_digital_fee_exvat_gbp"":""0.05"",""l2_ref_fixed_closing_exvat_gbp"":""0.00""}"
h_cycle_JB-RGB6-LZOJ_20260212T121359Z,2026-02-12,2026-02-12T12:13:59Z,UK,JB-RGB6-LZOJ,B0001P0DLU,managed,follower,buy_box_loss_or_close_gap,hold,9.99,9.99,0.01,19.71,999.00,15,2026-02-12T13:13:59Z,phase1_live_pilot|seller_mode_learning_down|max_probes_per_day_enforced|live_write_skipped,follower|buy_box_loss_or_close_gap|hold,run_H_pricing_cycle,"calc_trace={""snapshot"":""listing_offer_snapshot_2026-02-12.csv"",""seller_mode"":""new_seller_learning"",""seller_focus_id"":""A39VTM0CZSRJZA"",""seller_focus_rival_landed_gbp"":""6.35"",""seller_learned_delta_gbp"":"""",""seller_highest_delta_win_gbp"":"""",""seller_lowest_delta_loss_gbp"":"""",""seller_observed_win_now"":""0"",""learn_step_down_gbp"":""0.10"",""learn_step_up_gbp"":""0.01"",""before_gbp"":""9.99"",""buy_box_gbp"":""6.35"",""requested_probe_type"":""match"",""target_adjustment_gbp"":""0.00"",""pre_guardrail_target_gbp"":""9.89"",""final_target_gbp"":""9.99"",""final_probe_type"":""hold"",""cooldown_minutes"":""15"",""last_event_utc"":""2026-02-12T11:10:14Z"",""elapsed_since_last_event_minutes"":""63.75"",""max_probes_per_day"":""4"",""used_probes_today"":""14"",""hard_floor_gbp"":""0.01"",""ceiling_gbp"":""19.71"",""ceiling_source"":""roi_fallback_150pct"",""product_db_max_price_gbp"":"""",""fallback_max_price_gbp"":""19.71"",""max_move_per_cycle_gbp"":""999.00"",""max_daily_down_move_gbp"":""999.00"",""used_daily_down_move_gbp"":""6.10"",""remaining_daily_down_move_gbp"":""992.90"",""live_write_enabled"":""0"",""kill_switch_active"":""0"",""snapshot_age_limit_minutes"":""20.00"",""listing_snapshot_file"":""listing_offer_snapshot_2026-02-12.csv"",""listing_snapshot_age_minutes"":""0.00"",""seller_snapshot_file"":""listing_offer_seller_snapshot_2026-02-12.csv"",""seller_snapshot_age_minutes"":""0.00"",""stale_snapshot_flag"":""0"",""profit_floor_total_gbp"":""9.99"",""profit_floor_required_total_gbp"":""6.35"",""profit_floor_required_exvat_gbp"":""5.29"",""profit_floor_required_profit_exvat_gbp"":""0.00"",""profit_floor_roi_on_cost_pct"":""0.00"",""profit_floor_min_profit_exvat_gbp"":""0.00"",""profit_floor_cogs_exvat_gbp"":""2.47"",""profit_floor_cogs_total_gbp"":""2.96"",""profit_floor_cogs_source"":""token_cogs_ledger_median"",""profit_floor_fee_fba_exvat_gbp"":""1.46"",""profit_floor_fee_commission_exvat_gbp"":""1.30"",""profit_floor_fee_dsf_exvat_gbp"":""0.06"",""profit_floor_commission_rate_used"":""0.13"",""profit_floor_commission_rate_field"":""last_commission_pct_10"",""profit_floor_commission_min_fee_applied"":""0"",""l2_ref_order_id"":""206-0030846-7429913"",""l2_ref_order_utc"":""2026-02-09T15:27:04Z"",""l2_ref_break_even_exvat_gbp"":""4.78"",""l2_ref_break_even_total_gbp"":""5.74"",""l2_ref_cogs_total_gbp"":""2.96"",""l2_ref_cogs_exvat_gbp"":""2.47"",""l2_ref_fba_fee_exvat_gbp"":""1.46"",""l2_ref_commission_exvat_gbp"":""0.80"",""l2_ref_digital_fee_exvat_gbp"":""0.05"",""l2_ref_fixed_closing_exvat_gbp"":""0.00""}"
h_cycle_JB-RGB6-LZOJ_20260212T124309Z,2026-02-12,2026-02-12T12:43:09Z,UK,JB-RGB6-LZOJ,B0001P0DLU,managed,follower,buy_box_loss_or_close_gap,hold,9.99,9.99,0.01,19.71,999.00,15,2026-02-12T13:43:09Z,phase1_live_pilot|seller_mode_learning_down|max_probes_per_day_enforced|live_write_skipped,follower|buy_box_loss_or_close_gap|hold,run_H_pricing_cycle,"calc_trace={""snapshot"":""listing_offer_snapshot_2026-02-12.csv"",""seller_mode"":""new_seller_learning"",""seller_focus_id"":""A39VTM0CZSRJZA"",""seller_focus_rival_landed_gbp"":""6.35"",""seller_learned_delta_gbp"":"""",""seller_highest_delta_win_gbp"":"""",""seller_lowest_delta_loss_gbp"":""3.64"",""seller_observed_win_now"":""0"",""learn_step_down_gbp"":""0.10"",""learn_step_up_gbp"":""0.01"",""before_gbp"":""9.99"",""buy_box_gbp"":""6.35"",""requested_probe_type"":""match"",""target_adjustment_gbp"":""0.00"",""pre_guardrail_target_gbp"":""9.89"",""final_target_gbp"":""9.99"",""final_probe_type"":""hold"",""cooldown_minutes"":""15"",""last_event_utc"":""2026-02-12T12:13:59Z"",""elapsed_since_last_event_minutes"":""29.17"",""max_probes_per_day"":""4"",""used_probes_today"":""15"",""hard_floor_gbp"":""0.01"",""ceiling_gbp"":""19.71"",""ceiling_source"":""roi_fallback_150pct"",""product_db_max_price_gbp"":"""",""fallback_max_price_gbp"":""19.71"",""max_move_per_cycle_gbp"":""999.00"",""max_daily_down_move_gbp"":""999.00"",""used_daily_down_move_gbp"":""6.10"",""remaining_daily_down_move_gbp"":""992.90"",""live_write_enabled"":""0"",""kill_switch_active"":""0"",""snapshot_age_limit_minutes"":""20.00"",""listing_snapshot_file"":""listing_offer_snapshot_2026-02-12.csv"",""listing_snapshot_age_minutes"":""0.00"",""seller_snapshot_file"":""listing_offer_seller_snapshot_2026-02-12.csv"",""seller_snapshot_age_minutes"":""0.00"",""stale_snapshot_flag"":""0"",""profit_floor_total_gbp"":""9.99"",""profit_floor_required_total_gbp"":""6.35"",""profit_floor_required_exvat_gbp"":""5.29"",""profit_floor_required_profit_exvat_gbp"":""0.00"",""profit_floor_roi_on_cost_pct"":""0.00"",""profit_floor_min_profit_exvat_gbp"":""0.00"",""profit_floor_cogs_exvat_gbp"":""2.47"",""profit_floor_cogs_total_gbp"":""2.96"",""profit_floor_cogs_source"":""token_cogs_ledger_median"",""profit_floor_fee_fba_exvat_gbp"":""1.46"",""profit_floor_fee_commission_exvat_gbp"":""1.30"",""profit_floor_fee_dsf_exvat_gbp"":""0.06"",""profit_floor_commission_rate_used"":""0.13"",""profit_floor_commission_rate_field"":""last_commission_pct_10"",""profit_floor_commission_min_fee_applied"":""0"",""l2_ref_order_id"":""206-0030846-7429913"",""l2_ref_order_utc"":""2026-02-09T15:27:04Z"",""l2_ref_break_even_exvat_gbp"":""4.78"",""l2_ref_break_even_total_gbp"":""5.74"",""l2_ref_cogs_total_gbp"":""2.96"",""l2_ref_cogs_exvat_gbp"":""2.47"",""l2_ref_fba_fee_exvat_gbp"":""1.46"",""l2_ref_commission_exvat_gbp"":""0.80"",""l2_ref_digital_fee_exvat_gbp"":""0.05"",""l2_ref_fixed_closing_exvat_gbp"":""0.00""}"
safe_mode_JB-RGB6-LZOJ_20260213,2026-02-13,2026-02-13T06:19:06Z,UK,JB-RGB6-LZOJ,B0001P0DLU,managed,follower,buy_box_loss_or_close_gap,hold,9.99,9.99,0.01,999.00,999.00,15,2026-02-13T07:19:06Z,phase0_safe_mode|safe_mode_no_downward_move,safe_mode|follower|buy_box_loss_or_close_gap|hold,H007_run_safe_mode_pilot,snapshot=listing_offer_snapshot_2026-02-13.csv
h_cycle_JB-RGB6-LZOJ_20260213T152242Z,2026-02-13,2026-02-13T15:22:42Z,UK,JB-RGB6-LZOJ,B0001P0DLU,managed,follower,buy_box_loss_or_close_gap,learn_down,9.99,9.89,0.01,19.71,999.00,15,2026-02-13T16:22:42Z,phase1_live_pilot|seller_mode_learning_down|live_write_skipped,follower|buy_box_loss_or_close_gap|learn_down,run_H_pricing_cycle,"calc_trace={""snapshot"":""listing_offer_snapshot_2026-02-13.csv"",""seller_mode"":""new_seller_learning"",""seller_focus_id"":""A39VTM0CZSRJZA"",""seller_focus_rival_landed_gbp"":""6.35"",""seller_learned_delta_gbp"":"""",""seller_highest_delta_win_gbp"":"""",""seller_lowest_delta_loss_gbp"":""3.64"",""seller_observed_win_now"":""0"",""learn_step_down_gbp"":""0.10"",""learn_step_up_gbp"":""0.01"",""before_gbp"":""9.99"",""buy_box_gbp"":""6.35"",""requested_probe_type"":""match"",""target_adjustment_gbp"":""0.00"",""pre_guardrail_target_gbp"":""9.89"",""final_target_gbp"":""9.89"",""final_probe_type"":""learn_down"",""cooldown_minutes"":""15"",""last_event_utc"":""2026-02-12T12:43:09Z"",""elapsed_since_last_event_minutes"":""1599.55"",""max_probes_per_day"":""4"",""used_probes_today"":""0"",""hard_floor_gbp"":""0.01"",""ceiling_gbp"":""19.71"",""ceiling_source"":""roi_fallback_150pct"",""product_db_max_price_gbp"":"""",""fallback_max_price_gbp"":""19.71"",""max_move_per_cycle_gbp"":""999.00"",""max_daily_down_move_gbp"":""999.00"",""used_daily_down_move_gbp"":""0.00"",""remaining_daily_down_move_gbp"":""999.00"",""live_write_enabled"":""0"",""kill_switch_active"":""0"",""snapshot_age_limit_minutes"":""20.00"",""listing_snapshot_file"":""listing_offer_snapshot_2026-02-13.csv"",""listing_snapshot_age_minutes"":""1.93"",""seller_snapshot_file"":""listing_offer_seller_snapshot_2026-02-13.csv"",""seller_snapshot_age_minutes"":""1.93"",""stale_snapshot_flag"":""0"",""profit_floor_total_gbp"":""9.89"",""profit_floor_required_total_gbp"":""6.34"",""profit_floor_required_exvat_gbp"":""5.28"",""profit_floor_required_profit_exvat_gbp"":""0.00"",""profit_floor_roi_on_cost_pct"":""0.00"",""profit_floor_min_profit_exvat_gbp"":""0.00"",""profit_floor_cogs_exvat_gbp"":""2.47"",""profit_floor_cogs_total_gbp"":""2.96"",""profit_floor_cogs_source"":""token_cogs_ledger_median"",""profit_floor_fee_fba_exvat_gbp"":""1.46"",""profit_floor_fee_commission_exvat_gbp"":""1.29"",""profit_floor_fee_dsf_exvat_gbp"":""0.06"",""profit_floor_commission_rate_used"":""0.13"",""profit_floor_commission_rate_field"":""last_commission_pct_10"",""profit_floor_commission_min_fee_applied"":""0"",""l2_ref_order_id"":""206-0030846-7429913"",""l2_ref_order_utc"":""2026-02-09T15:27:04Z"",""l2_ref_break_even_exvat_gbp"":""4.78"",""l2_ref_break_even_total_gbp"":""5.74"",""l2_ref_cogs_total_gbp"":""2.96"",""l2_ref_cogs_exvat_gbp"":""2.47"",""l2_ref_fba_fee_exvat_gbp"":""1.46"",""l2_ref_commission_exvat_gbp"":""0.80"",""l2_ref_digital_fee_exvat_gbp"":""0.05"",""l2_ref_fixed_closing_exvat_gbp"":""0.00""}"
h_cycle_L1-54EX-56YC_20260216T160356Z,2026-02-16,2026-02-16T16:03:56Z,UK,L1-54EX-56YC,B09445GL1C,managed,follower,buy_box_loss_or_close_gap,learn_down,14.30,14.20,0.01,17.99,999.00,15,2026-02-16T17:03:56Z,phase1_live_pilot|seller_mode_learning_down|live_write_skipped,follower|buy_box_loss_or_close_gap|learn_down,run_H_pricing_cycle,"calc_trace={""snapshot"":""listing_offer_snapshot_2026-02-16.csv"",""seller_mode"":""new_seller_learning"",""seller_focus_id"":""A292BGT65ET8F0"",""seller_focus_rival_landed_gbp"":""13.70"",""seller_learned_delta_gbp"":"""",""seller_highest_delta_win_gbp"":"""",""seller_lowest_delta_loss_gbp"":"""",""seller_observed_win_now"":""0"",""learn_step_down_gbp"":""0.10"",""learn_step_up_gbp"":""0.01"",""before_gbp"":""14.30"",""buy_box_gbp"":""13.70"",""buy_box_present_flag"":""1"",""outcome_known_flag"":""1"",""we_present_flag"":""1"",""hold_blocker_flag"":""0"",""hold_blocker_reasons"":"""",""requested_probe_type"":""match"",""target_adjustment_gbp"":""0.00"",""pre_guardrail_target_gbp"":""14.20"",""final_target_gbp"":""14.20"",""final_probe_type"":""learn_down"",""cooldown_minutes"":""15"",""last_event_utc"":"""",""elapsed_since_last_event_minutes"":"""",""max_probes_per_day"":""4"",""used_probes_today"":""0"",""hard_floor_gbp"":""0.01"",""ceiling_gbp"":""17.99"",""ceiling_source"":""manual_max_sold"",""manual_ceiling_gbp"":""17.99"",""cpt_gbp"":""16.99"",""cpt_ceiling_gbp"":""20.39"",""cpt_status"":""OK"",""cpt_ceiling_multiplier"":""1.20"",""product_db_max_price_gbp"":"""",""fallback_max_price_gbp"":"""",""max_move_per_cycle_gbp"":""999.00"",""max_daily_down_move_gbp"":""999.00"",""used_daily_down_move_gbp"":""0.00"",""remaining_daily_down_move_gbp"":""999.00"",""live_write_enabled"":""0"",""kill_switch_active"":""0"",""snapshot_age_limit_minutes"":""20.00"",""listing_snapshot_file"":""listing_offer_snapshot_2026-02-16.csv"",""listing_snapshot_age_minutes"":""0.00"",""seller_snapshot_file"":""listing_offer_seller_snapshot_2026-02-16.csv"",""seller_snapshot_age_minutes"":""0.00"",""stale_snapshot_flag"":""0"",""profit_floor_total_gbp"":""14.20"",""profit_floor_required_total_gbp"":""11.23"",""profit_floor_required_exvat_gbp"":""9.36"",""profit_floor_required_profit_exvat_gbp"":""0.00"",""profit_floor_roi_on_cost_pct"":""0.00"",""profit_floor_min_profit_exvat_gbp"":""0.00"",""profit_floor_cogs_exvat_gbp"":""5.35"",""profit_floor_cogs_total_gbp"":""6.42"",""profit_floor_cogs_source"":""token_cogs_ledger_median"",""profit_floor_fee_fba_exvat_gbp"":""2.79"",""profit_floor_fee_commission_exvat_gbp"":""1.14"",""profit_floor_fee_dsf_exvat_gbp"":""0.08"",""profit_floor_commission_rate_used"":""0.08"",""profit_floor_commission_rate_field"":""last_commission_pct_100"",""profit_floor_commission_min_fee_applied"":""0"",""l2_ref_order_id"":""202-0761583-5266767"",""l2_ref_order_utc"":""2026-02-13T15:46:45Z"",""l2_ref_break_even_exvat_gbp"":""10.39"",""l2_ref_break_even_total_gbp"":""12.46"",""l2_ref_cogs_total_gbp"":""6.42"",""l2_ref_cogs_exvat_gbp"":""5.35"",""l2_ref_fba_fee_exvat_gbp"":""2.79"",""l2_ref_commission_exvat_gbp"":""2.15"",""l2_ref_digital_fee_exvat_gbp"":""0.10"",""l2_ref_fixed_closing_exvat_gbp"":""0.00""}"
h_cycle_L1-54EX-56YC_20260216T161159Z,2026-02-16,2026-02-16T16:11:59Z,UK,L1-54EX-56YC,B09445GL1C,managed,follower,buy_box_loss_or_close_gap,hold,14.30,14.30,0.01,17.99,999.00,15,2026-02-16T17:11:59Z,phase1_live_pilot|seller_mode_learning_down|cooldown_enforced|live_write_skipped,follower|buy_box_loss_or_close_gap|hold,run_H_pricing_cycle,"calc_trace={""snapshot"":""listing_offer_snapshot_2026-02-16.csv"",""seller_mode"":""new_seller_learning"",""seller_focus_id"":""A292BGT65ET8F0"",""seller_focus_rival_landed_gbp"":""13.70"",""seller_learned_delta_gbp"":"""",""seller_highest_delta_win_gbp"":"""",""seller_lowest_delta_loss_gbp"":""0.60"",""seller_observed_win_now"":""0"",""learn_step_down_gbp"":""0.10"",""learn_step_up_gbp"":""0.01"",""before_gbp"":""14.30"",""buy_box_gbp"":""13.70"",""buy_box_present_flag"":""1"",""outcome_known_flag"":""1"",""we_present_flag"":""1"",""hold_blocker_flag"":""0"",""hold_blocker_reasons"":"""",""requested_probe_type"":""match"",""target_adjustment_gbp"":""0.00"",""pre_guardrail_target_gbp"":""14.20"",""final_target_gbp"":""14.30"",""final_probe_type"":""hold"",""cooldown_minutes"":""15"",""last_event_utc"":""2026-02-16T16:03:56Z"",""elapsed_since_last_event_minutes"":""8.05"",""max_probes_per_day"":""4"",""used_probes_today"":""1"",""hard_floor_gbp"":""0.01"",""ceiling_gbp"":""17.99"",""ceiling_source"":""manual_max_sold"",""manual_ceiling_gbp"":""17.99"",""cpt_gbp"":""16.99"",""cpt_ceiling_gbp"":""20.39"",""cpt_status"":""OK"",""cpt_ceiling_multiplier"":""1.20"",""product_db_max_price_gbp"":"""",""fallback_max_price_gbp"":"""",""max_move_per_cycle_gbp"":""999.00"",""max_daily_down_move_gbp"":""999.00"",""used_daily_down_move_gbp"":""0.10"",""remaining_daily_down_move_gbp"":""998.90"",""live_write_enabled"":""0"",""kill_switch_active"":""0"",""snapshot_age_limit_minutes"":""20.00"",""listing_snapshot_file"":""listing_offer_snapshot_2026-02-16.csv"",""listing_snapshot_age_minutes"":""0.00"",""seller_snapshot_file"":""listing_offer_seller_snapshot_2026-02-16.csv"",""seller_snapshot_age_minutes"":""0.00"",""stale_snapshot_flag"":""0"",""profit_floor_total_gbp"":""14.30"",""profit_floor_required_total_gbp"":""11.23"",""profit_floor_required_exvat_gbp"":""9.36"",""profit_floor_required_profit_exvat_gbp"":""0.00"",""profit_floor_roi_on_cost_pct"":""0.00"",""profit_floor_min_profit_exvat_gbp"":""0.00"",""profit_floor_cogs_exvat_gbp"":""5.35"",""profit_floor_cogs_total_gbp"":""6.42"",""profit_floor_cogs_source"":""token_cogs_ledger_median"",""profit_floor_fee_fba_exvat_gbp"":""2.79"",""profit_floor_fee_commission_exvat_gbp"":""1.14"",""profit_floor_fee_dsf_exvat_gbp"":""0.08"",""profit_floor_commission_rate_used"":""0.08"",""profit_floor_commission_rate_field"":""last_commission_pct_100"",""profit_floor_commission_min_fee_applied"":""0"",""l2_ref_order_id"":""202-0761583-5266767"",""l2_ref_order_utc"":""2026-02-13T15:46:45Z"",""l2_ref_break_even_exvat_gbp"":""10.39"",""l2_ref_break_even_total_gbp"":""12.46"",""l2_ref_cogs_total_gbp"":""6.42"",""l2_ref_cogs_exvat_gbp"":""5.35"",""l2_ref_fba_fee_exvat_gbp"":""2.79"",""l2_ref_commission_exvat_gbp"":""2.15"",""l2_ref_digital_fee_exvat_gbp"":""0.10"",""l2_ref_fixed_closing_exvat_gbp"":""0.00""}"
h_cycle_L1-54EX-56YC_20260216T162058Z,2026-02-16,2026-02-16T16:20:58Z,UK,L1-54EX-56YC,B09445GL1C,managed,follower,buy_box_loss_or_close_gap,hold,14.30,14.30,0.01,17.99,999.00,15,2026-02-16T17:20:58Z,phase1_live_pilot|seller_mode_learning_down|cooldown_enforced|live_write_skipped,follower|buy_box_loss_or_close_gap|hold,run_H_pricing_cycle,"calc_trace={""snapshot"":""listing_offer_snapshot_2026-02-16.csv"",""seller_mode"":""new_seller_learning"",""seller_focus_id"":""A292BGT65ET8F0"",""seller_focus_rival_landed_gbp"":""13.70"",""seller_learned_delta_gbp"":"""",""seller_highest_delta_win_gbp"":"""",""seller_lowest_delta_loss_gbp"":""0.60"",""seller_observed_win_now"":""0"",""learn_step_down_gbp"":""0.10"",""learn_step_up_gbp"":""0.01"",""before_gbp"":""14.30"",""buy_box_gbp"":""13.70"",""buy_box_present_flag"":""1"",""outcome_known_flag"":""1"",""we_present_flag"":""1"",""hold_blocker_flag"":""0"",""hold_blocker_reasons"":"""",""requested_probe_type"":""match"",""target_adjustment_gbp"":""0.00"",""pre_guardrail_target_gbp"":""14.20"",""final_target_gbp"":""14.30"",""final_probe_type"":""hold"",""cooldown_minutes"":""15"",""last_event_utc"":""2026-02-16T16:11:59Z"",""elapsed_since_last_event_minutes"":""8.98"",""max_probes_per_day"":""4"",""used_probes_today"":""2"",""hard_floor_gbp"":""0.01"",""ceiling_gbp"":""17.99"",""ceiling_source"":""manual_max_sold"",""manual_ceiling_gbp"":""17.99"",""cpt_gbp"":""16.99"",""cpt_ceiling_gbp"":""20.39"",""cpt_status"":""OK"",""cpt_ceiling_multiplier"":""1.20"",""product_db_max_price_gbp"":"""",""fallback_max_price_gbp"":"""",""max_move_per_cycle_gbp"":""999.00"",""max_daily_down_move_gbp"":""999.00"",""used_daily_down_move_gbp"":""0.10"",""remaining_daily_down_move_gbp"":""998.90"",""live_write_enabled"":""0"",""kill_switch_active"":""0"",""snapshot_age_limit_minutes"":""20.00"",""listing_snapshot_file"":""listing_offer_snapshot_2026-02-16.csv"",""listing_snapshot_age_minutes"":""0.00"",""seller_snapshot_file"":""listing_offer_seller_snapshot_2026-02-16.csv"",""seller_snapshot_age_minutes"":""0.00"",""stale_snapshot_flag"":""0"",""profit_floor_total_gbp"":""14.30"",""profit_floor_required_total_gbp"":""11.87"",""profit_floor_required_exvat_gbp"":""9.89"",""profit_floor_required_profit_exvat_gbp"":""0.54"",""profit_floor_roi_on_cost_pct"":""10.00"",""profit_floor_min_profit_exvat_gbp"":""0.00"",""profit_floor_cogs_exvat_gbp"":""5.35"",""profit_floor_cogs_total_gbp"":""6.42"",""profit_floor_cogs_source"":""token_cogs_ledger_median"",""profit_floor_fee_fba_exvat_gbp"":""2.79"",""profit_floor_fee_commission_exvat_gbp"":""1.14"",""profit_floor_fee_dsf_exvat_gbp"":""0.08"",""profit_floor_commission_rate_used"":""0.08"",""profit_floor_commission_rate_field"":""last_commission_pct_100"",""profit_floor_commission_min_fee_applied"":""0"",""l2_ref_order_id"":""202-0761583-5266767"",""l2_ref_order_utc"":""2026-02-13T15:46:45Z"",""l2_ref_break_even_exvat_gbp"":""10.39"",""l2_ref_break_even_total_gbp"":""12.46"",""l2_ref_cogs_total_gbp"":""6.42"",""l2_ref_cogs_exvat_gbp"":""5.35"",""l2_ref_fba_fee_exvat_gbp"":""2.79"",""l2_ref_commission_exvat_gbp"":""2.15"",""l2_ref_digital_fee_exvat_gbp"":""0.10"",""l2_ref_fixed_closing_exvat_gbp"":""0.00""}"
h_cycle_L1-54EX-56YC_20260216T162417Z,2026-02-16,2026-02-16T16:24:17Z,UK,L1-54EX-56YC,B09445GL1C,managed,follower,buy_box_loss_or_close_gap,hold,14.30,14.30,0.01,17.99,999.00,15,2026-02-16T17:24:17Z,phase1_live_pilot|seller_mode_learning_down|cooldown_enforced|live_write_skipped,follower|buy_box_loss_or_close_gap|hold,run_H_pricing_cycle,"calc_trace={""snapshot"":""listing_offer_snapshot_2026-02-16.csv"",""seller_mode"":""new_seller_learning"",""seller_focus_id"":""A292BGT65ET8F0"",""seller_focus_rival_landed_gbp"":""13.70"",""seller_learned_delta_gbp"":"""",""seller_highest_delta_win_gbp"":"""",""seller_lowest_delta_loss_gbp"":""0.60"",""seller_observed_win_now"":""0"",""learn_step_down_gbp"":""0.10"",""learn_step_up_gbp"":""0.01"",""before_gbp"":""14.30"",""buy_box_gbp"":""13.70"",""buy_box_present_flag"":""1"",""outcome_known_flag"":""1"",""we_present_flag"":""1"",""hold_blocker_flag"":""0"",""hold_blocker_reasons"":"""",""requested_probe_type"":""match"",""target_adjustment_gbp"":""0.00"",""pre_guardrail_target_gbp"":""14.20"",""final_target_gbp"":""14.30"",""final_probe_type"":""hold"",""cooldown_minutes"":""15"",""last_event_utc"":""2026-02-16T16:20:58Z"",""elapsed_since_last_event_minutes"":""3.32"",""max_probes_per_day"":""4"",""used_probes_today"":""3"",""hard_floor_gbp"":""0.01"",""ceiling_gbp"":""17.99"",""ceiling_source"":""manual_max_sold"",""manual_ceiling_gbp"":""17.99"",""cpt_gbp"":""16.99"",""cpt_ceiling_gbp"":""20.39"",""cpt_status"":""OK"",""cpt_ceiling_multiplier"":""1.20"",""product_db_max_price_gbp"":"""",""fallback_max_price_gbp"":"""",""max_move_per_cycle_gbp"":""999.00"",""max_daily_down_move_gbp"":""999.00"",""used_daily_down_move_gbp"":""0.10"",""remaining_daily_down_move_gbp"":""998.90"",""live_write_enabled"":""0"",""kill_switch_active"":""0"",""snapshot_age_limit_minutes"":""20.00"",""listing_snapshot_file"":""listing_offer_snapshot_2026-02-16.csv"",""listing_snapshot_age_minutes"":""0.00"",""seller_snapshot_file"":""listing_offer_seller_snapshot_2026-02-16.csv"",""seller_snapshot_age_minutes"":""0.00"",""stale_snapshot_flag"":""0"",""profit_floor_total_gbp"":""14.30"",""profit_floor_required_total_gbp"":""11.87"",""profit_floor_required_exvat_gbp"":""9.89"",""profit_floor_required_profit_exvat_gbp"":""0.54"",""profit_floor_roi_on_cost_pct"":""10.00"",""profit_floor_min_profit_exvat_gbp"":""0.00"",""profit_floor_cogs_exvat_gbp"":""5.35"",""profit_floor_cogs_total_gbp"":""6.42"",""profit_floor_cogs_source"":""token_cogs_ledger_median"",""profit_floor_fee_fba_exvat_gbp"":""2.79"",""profit_floor_fee_commission_exvat_gbp"":""1.14"",""profit_floor_fee_dsf_exvat_gbp"":""0.08"",""profit_floor_commission_rate_used"":""0.08"",""profit_floor_commission_rate_field"":""last_commission_pct_100"",""profit_floor_commission_min_fee_applied"":""0"",""l2_ref_order_id"":""202-0761583-5266767"",""l2_ref_order_utc"":""2026-02-13T15:46:45Z"",""l2_ref_break_even_exvat_gbp"":""10.39"",""l2_ref_break_even_total_gbp"":""12.46"",""l2_ref_cogs_total_gbp"":""6.42"",""l2_ref_cogs_exvat_gbp"":""5.35"",""l2_ref_fba_fee_exvat_gbp"":""2.79"",""l2_ref_commission_exvat_gbp"":""2.15"",""l2_ref_digital_fee_exvat_gbp"":""0.10"",""l2_ref_fixed_closing_exvat_gbp"":""0.00""}"
h_cycle_L1-54EX-56YC_20260216T163059Z,2026-02-16,2026-02-16T16:30:59Z,UK,L1-54EX-56YC,B09445GL1C,managed,follower,buy_box_loss_or_close_gap,hold,14.30,14.30,10.90,17.99,999.00,15,2026-02-16T17:30:59Z,phase1_live_pilot|seller_mode_learning_down|cooldown_enforced|max_probes_per_day_enforced|live_write_skipped,follower|buy_box_loss_or_close_gap|hold,run_H_pricing_cycle,"calc_trace={""snapshot"":""listing_offer_snapshot_2026-02-16.csv"",""seller_mode"":""new_seller_learning"",""seller_focus_id"":""A292BGT65ET8F0"",""seller_focus_rival_landed_gbp"":""13.70"",""seller_learned_delta_gbp"":"""",""seller_highest_delta_win_gbp"":"""",""seller_lowest_delta_loss_gbp"":""0.60"",""seller_observed_win_now"":""0"",""learn_step_down_gbp"":""0.10"",""learn_step_up_gbp"":""0.01"",""before_gbp"":""14.30"",""buy_box_gbp"":""13.70"",""buy_box_present_flag"":""1"",""outcome_known_flag"":""1"",""we_present_flag"":""1"",""hold_blocker_flag"":""0"",""hold_blocker_reasons"":"""",""requested_probe_type"":""match"",""target_adjustment_gbp"":""0.00"",""pre_guardrail_target_gbp"":""14.20"",""final_target_gbp"":""14.30"",""final_probe_type"":""hold"",""cooldown_minutes"":""15"",""last_event_utc"":""2026-02-16T16:24:17Z"",""elapsed_since_last_event_minutes"":""6.70"",""max_probes_per_day"":""4"",""used_probes_today"":""4"",""hard_floor_gbp"":""10.90"",""ceiling_gbp"":""17.99"",""ceiling_source"":""manual_max_sold"",""manual_ceiling_gbp"":""17.99"",""cpt_gbp"":""16.99"",""cpt_ceiling_gbp"":""20.39"",""cpt_status"":""OK"",""cpt_ceiling_multiplier"":""1.20"",""product_db_max_price_gbp"":"""",""fallback_max_price_gbp"":"""",""max_move_per_cycle_gbp"":""999.00"",""max_daily_down_move_gbp"":""999.00"",""used_daily_down_move_gbp"":""0.10"",""remaining_daily_down_move_gbp"":""998.90"",""live_write_enabled"":""0"",""kill_switch_active"":""0"",""snapshot_age_limit_minutes"":""20.00"",""listing_snapshot_file"":""listing_offer_snapshot_2026-02-16.csv"",""listing_snapshot_age_minutes"":""0.00"",""seller_snapshot_file"":""listing_offer_seller_snapshot_2026-02-16.csv"",""seller_snapshot_age_minutes"":""0.00"",""stale_snapshot_flag"":""0"",""profit_floor_total_gbp"":""14.30"",""profit_floor_required_total_gbp"":""11.87"",""profit_floor_required_exvat_gbp"":""9.89"",""profit_floor_required_profit_exvat_gbp"":""0.54"",""profit_floor_roi_on_cost_pct"":""10.00"",""profit_floor_min_profit_exvat_gbp"":""0.00"",""profit_floor_cogs_exvat_gbp"":""5.35"",""profit_floor_cogs_total_gbp"":""6.42"",""profit_floor_cogs_source"":""token_cogs_ledger_median"",""profit_floor_fee_fba_exvat_gbp"":""2.79"",""profit_floor_fee_commission_exvat_gbp"":""1.14"",""profit_floor_fee_dsf_exvat_gbp"":""0.08"",""profit_floor_commission_rate_used"":""0.08"",""profit_floor_commission_rate_field"":""last_commission_pct_100"",""profit_floor_commission_min_fee_applied"":""0"",""l2_ref_order_id"":""202-0761583-5266767"",""l2_ref_order_utc"":""2026-02-13T15:46:45Z"",""l2_ref_break_even_exvat_gbp"":""10.39"",""l2_ref_break_even_total_gbp"":""12.46"",""l2_ref_cogs_total_gbp"":""6.42"",""l2_ref_cogs_exvat_gbp"":""5.35"",""l2_ref_fba_fee_exvat_gbp"":""2.79"",""l2_ref_commission_exvat_gbp"":""2.15"",""l2_ref_digital_fee_exvat_gbp"":""0.10"",""l2_ref_fixed_closing_exvat_gbp"":""0.00""}"
