Order ID,SKU,manual_currency,fx_rate_to_gbp,manual_price_total,manual_price_vat,manual_price_exvat,manual_shipping_total,manual_shipping_vat,manual_shipping_exvat,manual_promotion_total,manual_promotion_vat,manual_promotion_exvat,manual_fba_fee_total,manual_fba_fee_vat,manual_fba_fee_exvat,manual_commission_total,manual_commission_vat,manual_commission_exvat,manual_digital_fee_total,manual_digital_fee_vat,manual_digital_fee_exvat,sys_price_total,sys_price_vat,sys_price_exvat,sys_shipping_total,sys_shipping_vat,sys_shipping_exvat,sys_promo_total,sys_promo_vat,sys_promo_exvat,sys_fba_total,sys_fba_vat,sys_fba_exvat,sys_comm_total,sys_comm_vat,sys_comm_exvat,sys_dsf_total,sys_dsf_vat,sys_dsf_exvat,delta_manual_price_total,delta_manual_price_vat,delta_manual_price_exvat,delta_manual_shipping_total,delta_manual_shipping_vat,delta_manual_shipping_exvat
408-6032581-8743553,DC-K5WH-R7F5,0.0,0.8726,6.07,1.13,4.94,0.0,0.0,0.0,0.0,0.0,0.0,-2.91,0.0,-2.91,-0.63,-0.1,-0.52,0.0,0.0,0.0,6.073296,1.1343800000000002,4.938916000000001,0.0,0.0,0.0,0.0,0.0,0.0,-2.914484,-0.4886560000000001,-2.425828,-0.628272,-0.104712,-0.52356,0.0,0.0,0.0,-0.0,-0.0,0.0,0.0,0.0,0.0
026-6913307-1715501,EV-CHU5-XU3G,0.0,1.0,6.73,1.12,5.61,0.93,0.19,0.74,0.0,0.0,0.0,-1.92,-0.32,-1.6,-1.05,-0.18,-0.87,-0.07,-0.02,-0.05,6.73,1.12,5.61,1.12,0.19,0.93,0.0,0.0,0.0,-1.92,-0.32,-1.6,-1.05,-0.17,-0.88,-0.07,-0.01,-0.06,0.0,0.0,0.0,-0.19,0.0,-0.19
204-5110114-7020348,Z7-26PV-O9LR,0.0,1.0,8.99,1.5,7.49,0.0,0.0,0.0,0.0,0.0,0.0,-1.92,-0.32,-1.6,-0.86,-0.14,-0.72,-0.05,-0.01,-0.04,8.99,1.5,7.49,0.0,0.0,0.0,0.0,0.0,0.0,-1.92,-0.32,-1.6,-0.86,-0.14,-0.72,-0.05,-0.01,-0.04,0.0,0.0,0.0,0.0,0.0,0.0
405-3654800-4548357,TU-8I14-25ZR,0.0,0.8726,26.08,4.88,21.2,0.0,0.0,0.0,0.0,0.0,0.0,-2.96,0.0,-2.96,-4.69,-0.79,-3.91,0.0,0.0,0.0,26.082014,4.877834,21.20418,0.0,0.0,0.0,0.0,0.0,0.0,-2.958114,-0.497382,-2.460732,-4.694588,-0.78534,-3.9092480000000007,0.0,0.0,0.0,-0.0,0.0,-0.0,0.0,0.0,0.0
203-3755986-8779530,6V-EEC1-2S9Z,0.0,1.0,7.99,1.33,6.66,0.0,0.0,0.0,0.0,0.0,0.0,-1.94,-0.32,-1.62,-1.25,-0.21,-1.04,-0.06,-0.01,-0.05,7.99,1.33,6.66,0.0,0.0,0.0,0.0,0.0,0.0,-1.94,-0.32,-1.62,-1.25,-0.21,-1.04,-0.06,-0.01,-0.05,0.0,0.0,0.0,0.0,0.0,0.0
404-4880052-9365131,TU-8I14-25ZR,0.0,0.8726,26.08,4.88,21.2,0.0,0.0,0.0,0.0,0.0,0.0,-2.96,0.0,-2.96,-4.69,-0.78,-3.91,0.0,0.0,0.0,26.082014,4.877834,21.20418,0.0,0.0,0.0,0.0,0.0,0.0,-2.958114,-0.497382,-2.460732,-4.685862,-0.776614,-3.9092480000000007,0.0,0.0,0.0,-0.0,0.0,-0.0,0.0,0.0,0.0
203-4763592-6333920,EV-CHU5-XU3G,0.0,1.0,6.73,1.12,5.61,0.0,0.0,0.0,0.0,0.0,0.0,-1.92,-0.32,-1.6,-1.04,-0.17,-0.87,-0.05,0.0,-0.05,6.73,1.12,5.61,0.0,0.0,0.0,0.0,0.0,0.0,-1.92,-0.32,-1.6,-1.04,-0.17,-0.87,-0.05,-0.01,-0.04,0.0,0.0,0.0,0.0,0.0,0.0
205-9658159-4177914,WX-L5UA-UB1Q,0.0,1.0,5.87,0.98,4.89,0.0,0.0,0.0,0.0,0.0,0.0,-1.82,-0.3,-1.52,-0.92,-0.16,-0.76,-0.06,-0.01,-0.05,5.87,0.98,4.89,0.0,0.0,0.0,0.0,0.0,0.0,-1.82,-0.3,-1.52,-0.92,-0.15,-0.77,-0.06,-0.01,-0.05,0.0,0.0,0.0,0.0,0.0,0.0
204-7553228-2684351,6V-EEC1-2S9Z,0.0,1.0,8.01,1.34,6.67,0.0,0.0,0.0,0.0,0.0,0.0,-1.94,-0.32,-1.62,-1.25,-0.21,-1.04,-0.06,-0.01,-0.05,8.01,1.34,6.67,0.0,0.0,0.0,0.0,0.0,0.0,-1.94,-0.32,-1.62,-1.25,-0.21,-1.04,-0.06,-0.01,-0.05,0.0,0.0,0.0,0.0,0.0,0.0
204-9395592-8498701,Z7-26PV-O9LR,0.0,1.0,8.99,1.5,7.49,0.0,0.0,0.0,0.0,0.0,0.0,-1.92,-0.32,-1.6,-0.86,-0.14,-0.72,-0.05,-0.01,-0.04,8.99,1.5,7.49,0.0,0.0,0.0,0.0,0.0,0.0,-1.92,-0.32,-1.6,-0.86,-0.14,-0.72,-0.05,-0.01,-0.04,0.0,0.0,0.0,0.0,0.0,0.0
202-3373455-3385164,SU-5LQH-2DVN,0.0,1.0,8.28,1.38,6.9,0.0,0.0,0.0,0.0,0.0,0.0,-3.02,-0.5,-2.52,-1.29,-0.21,-1.08,-0.08,-0.01,-0.07,8.28,1.38,6.9,0.0,0.0,0.0,0.0,0.0,0.0,-3.02,-0.5,-2.52,-1.29,-0.21,-1.08,-0.08,-0.01,-0.07,0.0,0.0,0.0,0.0,0.0,0.0
204-7473730-8647512,6V-EEC1-2S9Z,0.0,1.0,8.01,1.34,6.67,0.0,0.0,0.0,0.0,0.0,0.0,-1.94,-0.32,-1.62,-1.24,-0.2,-1.04,-0.06,-0.01,-0.05,8.01,1.34,6.67,0.0,0.0,0.0,0.0,0.0,0.0,-1.94,-0.32,-1.62,-1.24,-0.21,-1.03,-0.06,-0.01,-0.05,0.0,0.0,0.0,0.0,0.0,0.0
203-5895207-3495524,6V-EEC1-2S9Z,0.0,1.0,8.01,1.34,6.67,0.0,0.0,0.0,0.0,0.0,0.0,-1.95,-0.33,-1.62,-1.25,-0.21,-1.04,-0.07,-0.02,-0.05,8.01,1.34,6.67,0.0,0.0,0.0,0.0,0.0,0.0,-1.95,-0.33,-1.62,-1.25,-0.21,-1.04,-0.07,-0.01,-0.06,0.0,0.0,0.0,0.0,0.0,0.0
206-7207471-8289903,Z7-26PV-O9LR,0.0,1.0,8.99,1.5,7.49,0.0,0.0,0.0,0.0,0.0,0.0,-1.92,-0.32,-1.6,-0.86,-0.14,-0.72,-0.04,0.0,-0.04,8.99,1.5,7.49,0.0,0.0,0.0,0.0,0.0,0.0,-1.92,-0.32,-1.6,-0.86,-0.14,-0.72,-0.04,-0.01,-0.03,0.0,0.0,0.0,0.0,0.0,0.0
202-0316846-4033959,Z7-26PV-O9LR,0.0,1.0,8.99,1.5,7.49,0.0,0.0,0.0,0.0,0.0,0.0,-1.92,-0.32,-1.6,-0.87,-0.15,-0.72,-0.05,-0.01,-0.04,8.99,1.5,7.49,0.0,0.0,0.0,0.0,0.0,0.0,-1.92,-0.32,-1.6,-0.87,-0.15,-0.72,-0.05,-0.01,-0.04,0.0,0.0,0.0,0.0,0.0,0.0
202-7322617-9563537,TJ-6LOP-OPEU,0.0,1.0,7.08,1.18,5.9,0.0,0.0,0.0,0.0,0.0,0.0,-2.9,-0.48,-2.42,-0.68,-0.11,-0.57,-0.07,-0.01,-0.06,7.08,1.18,5.9,0.0,0.0,0.0,0.0,0.0,0.0,-2.9,-0.48,-2.42,-0.68,-0.11,-0.57,-0.07,-0.01,-0.06,0.0,0.0,0.0,0.0,0.0,0.0
026-0698469-9353960,6V-EEC1-2S9Z,0.0,1.0,8.01,1.34,6.67,0.0,0.0,0.0,0.0,0.0,0.0,-1.94,-0.32,-1.62,-1.25,-0.21,-1.04,-0.06,-0.01,-0.05,8.01,1.34,6.67,0.0,0.0,0.0,0.0,0.0,0.0,-1.94,-0.32,-1.62,-1.25,-0.21,-1.04,-0.06,-0.01,-0.05,0.0,0.0,0.0,0.0,0.0,0.0
026-9424504-4957967,3X-EXDD-TD2K,0.0,1.0,49.99,8.33,41.66,0.0,0.0,0.0,0.0,0.0,0.0,-2.59,-0.43,-2.16,-9.0,-1.5,-7.5,-0.23,-0.04,-0.19,49.99,8.33,41.66,0.0,0.0,0.0,0.0,0.0,0.0,-2.59,-0.43,-2.16,-9.0,-1.5,-7.5,-0.23,-0.04,-0.19,0.0,0.0,0.0,0.0,0.0,0.0
026-8563039-1840362,Z7-26PV-O9LR,0.0,1.0,8.99,1.5,7.49,0.0,0.0,0.0,0.0,0.0,0.0,-1.92,-0.32,-1.6,-0.87,-0.15,-0.72,-0.06,-0.02,-0.04,8.99,1.5,7.49,0.0,0.0,0.0,0.0,0.0,0.0,-1.92,-0.32,-1.6,-0.87,-0.15,-0.72,-0.06,-0.01,-0.05,0.0,0.0,0.0,0.0,0.0,0.0
204-8509333-1419566,WX-L5UA-UB1Q,0.0,1.0,5.87,0.98,4.89,0.0,0.0,0.0,0.0,0.0,0.0,-1.83,-0.31,-1.52,-0.92,-0.16,-0.76,-0.07,-0.02,-0.05,5.87,0.98,4.89,0.0,0.0,0.0,0.0,0.0,0.0,-1.83,-0.31,-1.52,-0.92,-0.15,-0.77,-0.07,-0.01,-0.06,0.0,0.0,0.0,0.0,0.0,0.0
205-7112528-8351519,WX-L5UA-UB1Q,0.0,1.0,5.87,0.98,4.89,0.0,0.0,0.0,0.0,0.0,0.0,-1.82,-0.3,-1.52,-0.92,-0.16,-0.76,-0.07,-0.02,-0.05,5.87,0.98,4.89,0.0,0.0,0.0,0.0,0.0,0.0,-1.82,-0.3,-1.52,-0.92,-0.15,-0.77,-0.07,-0.01,-0.06,0.0,0.0,0.0,0.0,0.0,0.0
205-7643303-3324362,6V-EEC1-2S9Z,0.0,1.0,8.03,1.34,6.69,0.0,0.0,0.0,0.0,0.0,0.0,-1.94,-0.32,-1.62,-1.24,-0.2,-1.04,-0.05,0.0,-0.05,8.03,1.34,6.69,0.0,0.0,0.0,0.0,0.0,0.0,-1.94,-0.32,-1.62,-1.24,-0.21,-1.03,-0.05,-0.01,-0.04,0.0,0.0,0.0,0.0,0.0,0.0
202-7815713-6541940,6V-EEC1-2S9Z,0.0,1.0,8.03,1.34,6.69,0.0,0.0,0.0,0.0,0.0,0.0,-1.94,-0.32,-1.62,-1.25,-0.21,-1.04,-0.07,-0.02,-0.05,8.03,1.34,6.69,0.0,0.0,0.0,0.0,0.0,0.0,-1.94,-0.32,-1.62,-1.25,-0.21,-1.04,-0.07,-0.01,-0.06,0.0,0.0,0.0,0.0,0.0,0.0
203-8381898-2659535,EV-CHU5-XU3G,0.0,1.0,6.73,1.12,5.61,0.0,0.0,0.0,0.0,0.0,0.0,-1.92,-0.32,-1.6,-1.05,-0.18,-0.87,-0.07,-0.02,-0.05,6.73,1.12,5.61,0.0,0.0,0.0,0.0,0.0,0.0,-1.92,-0.32,-1.6,-1.05,-0.17,-0.88,-0.07,-0.01,-0.06,0.0,0.0,0.0,0.0,0.0,0.0
204-6398425-2686723,WX-L5UA-UB1Q,0.0,1.0,5.87,0.98,4.89,0.0,0.0,0.0,0.0,0.0,0.0,-1.83,-0.31,-1.52,-0.91,-0.15,-0.76,-0.06,-0.01,-0.05,5.87,0.98,4.89,0.0,0.0,0.0,0.0,0.0,0.0,-1.83,-0.31,-1.52,-0.91,-0.15,-0.76,-0.06,-0.01,-0.05,0.0,0.0,0.0,0.0,0.0,0.0
026-2835431-4003514,DC-K5WH-R7F5,0.0,1.0,3.0,0.5,2.5,0.0,0.0,0.0,0.0,0.0,0.0,-1.76,-0.3,-1.46,-0.3,-0.05,-0.25,-0.05,-0.01,-0.04,3.0,0.5,2.5,0.0,0.0,0.0,0.0,0.0,0.0,-1.76,-0.29,-1.47,-0.3,-0.05,-0.25,-0.05,-0.01,-0.04,0.0,0.0,0.0,0.0,0.0,0.0
026-5313246-8599533,6V-EEC1-2S9Z,0.0,1.0,8.05,1.34,6.71,0.0,0.0,0.0,0.0,0.0,0.0,-1.95,-0.33,-1.62,-1.26,-0.21,-1.05,-0.07,-0.02,-0.05,8.05,1.34,6.71,0.0,0.0,0.0,0.0,0.0,0.0,-1.95,-0.33,-1.62,-1.26,-0.21,-1.05,-0.07,-0.01,-0.06,0.0,0.0,0.0,0.0,0.0,0.0
203-2356632-3105919,SU-5LQH-2DVN,0.0,1.0,8.18,1.36,6.82,0.0,0.0,0.0,0.0,0.0,0.0,-3.02,-0.5,-2.52,-1.28,-0.22,-1.06,-0.09,-0.02,-0.07,8.18,1.36,6.82,0.0,0.0,0.0,0.0,0.0,0.0,-3.02,-0.5,-2.52,-1.28,-0.21,-1.07,-0.09,-0.01,-0.08,0.0,0.0,0.0,0.0,0.0,0.0
026-9762495-0064333,6V-EEC1-2S9Z,0.0,1.0,8.07,1.35,6.72,0.0,0.0,0.0,0.0,0.0,0.0,-1.94,-0.32,-1.62,-1.26,-0.21,-1.05,-0.05,0.0,-0.05,8.07,1.35,6.72,0.0,0.0,0.0,0.0,0.0,0.0,-1.94,-0.32,-1.62,-1.26,-0.21,-1.05,-0.05,-0.01,-0.04,0.0,0.0,0.0,0.0,0.0,0.0
206-0647215-7566760,4F-HT42-FD26,0.0,1.0,8.98,1.5,7.48,0.0,0.0,0.0,0.0,0.0,0.0,-2.07,-0.34,-1.73,-1.62,-0.27,-1.35,-0.07,-0.01,-0.06,8.98,1.5,7.48,0.0,0.0,0.0,0.0,0.0,0.0,-2.07,-0.35,-1.72,-1.62,-0.27,-1.35,-0.07,-0.01,-0.06,0.0,0.0,0.0,0.0,0.0,0.0
202-0163562-6882721,Z7-26PV-O9LR,0.0,1.0,8.99,1.5,7.49,0.0,0.0,0.0,0.0,0.0,0.0,-1.92,-0.32,-1.6,-0.86,-0.14,-0.72,-0.04,0.0,-0.04,8.99,1.5,7.49,0.0,0.0,0.0,0.0,0.0,0.0,-1.92,-0.32,-1.6,-0.86,-0.14,-0.72,-0.04,-0.01,-0.03,0.0,0.0,0.0,0.0,0.0,0.0
205-0291358-9417951,49-4UKW-G81R,0.0,1.0,16.44,2.74,13.7,0.0,0.0,0.0,0.0,0.0,0.0,-4.12,-0.68,-3.44,-2.96,-0.5,-2.46,-0.14,-0.02,-0.12,16.44,2.74,13.7,0.0,0.0,0.0,0.0,0.0,0.0,-4.12,-0.69,-3.43,-2.96,-0.49,-2.47,-0.14,-0.02,-0.12,0.0,0.0,0.0,0.0,0.0,0.0
205-9979731-9513929,EV-CHU5-XU3G,0.0,1.0,6.73,1.12,5.61,0.0,0.0,0.0,0.0,0.0,0.0,-1.92,-0.32,-1.6,-1.04,-0.17,-0.87,-0.05,0.0,-0.05,6.73,1.12,5.61,0.0,0.0,0.0,0.0,0.0,0.0,-1.92,-0.32,-1.6,-1.04,-0.17,-0.87,-0.05,-0.01,-0.04,0.0,0.0,0.0,0.0,0.0,0.0
204-9658283-5620365,6V-EEC1-2S9Z,0.0,1.0,15.16,2.66,13.3,0.0,0.0,0.0,-0.66,-0.14,-0.52,-3.88,-0.64,-3.24,-2.38,-0.4,-1.98,-0.12,-0.02,-0.1,15.82,2.52,13.3,0.0,0.0,0.0,0.66,0.11,0.55,-3.89,-0.65,-3.24,-2.47,-0.41,-2.06,-0.12,-0.02,-0.1,-0.66,0.14,0.0,0.0,0.0,0.0
202-8895078-2724346,6V-EEC1-2S9Z,0.0,1.0,8.09,1.35,6.74,0.0,0.0,0.0,0.0,0.0,0.0,-1.94,-0.32,-1.62,-1.26,-0.21,-1.05,-0.05,0.0,-0.05,8.09,1.35,6.74,0.0,0.0,0.0,0.0,0.0,0.0,-1.94,-0.32,-1.62,-1.26,-0.21,-1.05,-0.05,-0.01,-0.04,0.0,0.0,0.0,0.0,0.0,0.0
203-5551125-1557926,WX-L5UA-UB1Q,0.0,1.0,5.87,0.98,4.89,0.0,0.0,0.0,0.0,0.0,0.0,-1.83,-0.31,-1.52,-0.91,-0.15,-0.76,-0.06,-0.01,-0.05,5.87,0.98,4.89,0.0,0.0,0.0,0.0,0.0,0.0,-1.83,-0.31,-1.52,-0.91,-0.15,-0.76,-0.06,-0.01,-0.05,0.0,0.0,0.0,0.0,0.0,0.0
204-3764574-1853903,SU-5LQH-2DVN,0.0,1.0,8.18,1.36,6.82,0.0,0.0,0.0,0.0,0.0,0.0,-3.02,-0.5,-2.52,-1.27,-0.21,-1.06,-0.08,-0.01,-0.07,8.18,1.36,6.82,0.0,0.0,0.0,0.0,0.0,0.0,-3.02,-0.5,-2.52,-1.27,-0.21,-1.06,-0.08,-0.01,-0.07,0.0,0.0,0.0,0.0,0.0,0.0
204-6220941-7393909,WX-L5UA-UB1Q,0.0,1.0,5.87,0.98,4.89,0.0,0.0,0.0,0.0,0.0,0.0,-1.82,-0.3,-1.52,-0.91,-0.15,-0.76,-0.05,0.0,-0.05,5.87,0.98,4.89,0.0,0.0,0.0,0.0,0.0,0.0,-1.82,-0.3,-1.52,-0.91,-0.15,-0.76,-0.05,-0.01,-0.04,0.0,0.0,0.0,0.0,0.0,0.0
205-4179902-1289924,WX-L5UA-UB1Q,0.0,1.0,5.87,0.98,4.89,0.0,0.0,0.0,0.0,0.0,0.0,-1.83,-0.31,-1.52,-0.91,-0.15,-0.76,-0.06,-0.01,-0.05,5.87,0.98,4.89,0.0,0.0,0.0,0.0,0.0,0.0,-1.83,-0.31,-1.52,-0.91,-0.15,-0.76,-0.06,-0.01,-0.05,0.0,0.0,0.0,0.0,0.0,0.0
206-4646853-8024367,SU-5LQH-2DVN,0.0,1.0,8.18,1.36,6.82,0.0,0.0,0.0,0.0,0.0,0.0,-3.02,-0.5,-2.52,-1.28,-0.22,-1.06,-0.09,-0.02,-0.07,8.18,1.36,6.82,0.0,0.0,0.0,0.0,0.0,0.0,-3.02,-0.5,-2.52,-1.28,-0.21,-1.07,-0.09,-0.01,-0.08,0.0,0.0,0.0,0.0,0.0,0.0
206-9537384-7986709,WX-L5UA-UB1Q,0.0,1.0,5.87,0.98,4.89,0.0,0.0,0.0,0.0,0.0,0.0,-1.83,-0.31,-1.52,-0.91,-0.15,-0.76,-0.06,-0.01,-0.05,5.87,0.98,4.89,0.0,0.0,0.0,0.0,0.0,0.0,-1.83,-0.31,-1.52,-0.91,-0.15,-0.76,-0.06,-0.01,-0.05,0.0,0.0,0.0,0.0,0.0,0.0
204-9879523-5781124,XE-YPAI-HX9F,0.0,1.0,12.25,2.29,9.96,0.0,0.0,0.0,0.0,0.0,0.0,-1.87,0.0,-1.87,-2.15,-0.36,-1.79,-0.09,-0.01,-0.08,12.25,2.29,9.96,0.0,0.0,0.0,0.0,0.0,0.0,-1.87,-0.31,-1.56,-2.15,-0.36,-1.79,-0.09,-0.01,-0.08,0.0,0.0,0.0,0.0,0.0,0.0
202-7925719-5142763,D2-8SPY-Q095,0.0,1.0,9.92,1.65,8.27,0.0,0.0,0.0,0.0,0.0,0.0,-3.72,-0.62,-3.1,-1.79,-0.3,-1.49,-0.1,-0.01,-0.09,9.92,1.65,8.27,0.0,0.0,0.0,0.0,0.0,0.0,-3.72,-0.62,-3.1,-1.79,-0.3,-1.49,-0.1,-0.02,-0.08,0.0,0.0,0.0,0.0,0.0,0.0
206-4495253-2835556,6V-EEC1-2S9Z,0.0,1.0,8.11,1.35,6.76,0.0,0.0,0.0,0.0,0.0,0.0,-1.94,-0.32,-1.62,-1.26,-0.21,-1.05,-0.05,0.0,-0.05,8.11,1.35,6.76,0.0,0.0,0.0,0.0,0.0,0.0,-1.94,-0.32,-1.62,-1.26,-0.21,-1.05,-0.05,-0.01,-0.04,0.0,0.0,0.0,0.0,0.0,0.0
026-4398509-3197117,SU-5LQH-2DVN,0.0,1.0,8.18,1.36,6.82,0.0,0.0,0.0,0.0,0.0,0.0,-3.03,-0.51,-2.52,-1.27,-0.21,-1.06,-0.08,-0.01,-0.07,8.18,1.36,6.82,0.0,0.0,0.0,0.0,0.0,0.0,-3.03,-0.51,-2.52,-1.27,-0.21,-1.06,-0.08,-0.01,-0.07,0.0,0.0,0.0,0.0,0.0,0.0
204-8122313-4281919,6V-EEC1-2S9Z,0.0,1.0,8.11,1.35,6.76,0.0,0.0,0.0,0.0,0.0,0.0,-1.94,-0.32,-1.62,-1.26,-0.21,-1.05,-0.05,0.0,-0.05,8.11,1.35,6.76,0.0,0.0,0.0,0.0,0.0,0.0,-1.94,-0.32,-1.62,-1.26,-0.21,-1.05,-0.05,-0.01,-0.04,0.0,0.0,0.0,0.0,0.0,0.0
203-3784865-8868353,6V-EEC1-2S9Z,0.0,1.0,8.11,1.35,6.76,0.0,0.0,0.0,0.0,0.0,0.0,-1.94,-0.32,-1.62,-1.26,-0.21,-1.05,-0.07,-0.02,-0.05,8.11,1.35,6.76,0.0,0.0,0.0,0.0,0.0,0.0,-1.94,-0.32,-1.62,-1.26,-0.21,-1.05,-0.07,-0.01,-0.06,0.0,0.0,0.0,0.0,0.0,0.0
202-7434904-0586728,6V-EEC1-2S9Z,0.0,1.0,8.11,1.35,6.76,0.0,0.0,0.0,0.0,0.0,0.0,-1.95,-0.33,-1.62,-1.26,-0.21,-1.05,-0.06,-0.01,-0.05,8.11,1.35,6.76,0.0,0.0,0.0,0.0,0.0,0.0,-1.95,-0.33,-1.62,-1.26,-0.21,-1.05,-0.06,-0.01,-0.05,0.0,0.0,0.0,0.0,0.0,0.0
TOTAL,,0.0,,462.61,78.69,384.72,0.93,0.19,0.74,-0.66,-0.14,-0.52,-107.85,-16.16,-91.69,-71.5,-11.94,-59.56,-3.14,-0.51,-2.63,463.28,78.55,384.73,1.12,0.19,0.93,0.66,0.11,0.55,-107.86,-17.97,-89.89,-71.59,-11.89,-59.7,-3.14,-0.51,-2.63,-0.66,0.14,0.0,-0.19,0.0,-0.19
