asof_utc,seller_sku,asin,cpt_status,cpt_gbp,our_live_price_gbp,last_sold_price_gbp,price_reference_gbp,price_reference_source,delta_cpt_minus_reference_gbp,group_ab,cpt_error_summary
2026-02-14T10:24:15Z,N9-IOWG-NGD9,,,,,,,,,UNKNOWN,
2026-02-14T10:24:15Z,BF-KVJ0-RUA9,,,,,,,,,UNKNOWN,
2026-02-14T10:24:15Z,12-749B-9EB5,,,,,,,,,UNKNOWN,
2026-02-14T10:24:15Z,WT-LPJW-NOXR,,,,,,,,,UNKNOWN,
2026-02-14T10:24:15Z,BF-EX14-XMNB,,,,,,,,,UNKNOWN,
2026-02-14T10:24:15Z,WB-6YBC-16X8,,,,,,,,,UNKNOWN,
2026-02-14T10:24:15Z,5B-DQES-2T3E,,,,,,,,,UNKNOWN,
2026-02-14T10:24:15Z,BJ-1TEF-1BUZ,,,,,,,,,UNKNOWN,
2026-02-14T10:24:15Z,2S-T29M-BDIZ,,,,,,,,,UNKNOWN,
2026-02-14T10:24:15Z,DY-51D1-CSIX,,,,,,,,,UNKNOWN,
2026-02-14T10:24:15Z,09-CZ59-Q6OR,,,,,,,,,UNKNOWN,
2026-02-14T10:24:15Z,B2-5FFM-153A,,,,,,,,,UNKNOWN,
2026-02-14T10:24:15Z,XI-DUS3-PXC9,,,,,,,,,UNKNOWN,
2026-02-14T10:24:15Z,0T-LQK2-KFCY,,,,,,,,,UNKNOWN,
2026-02-14T10:24:15Z,OL-F41R-EZEF,,,,,,,,,UNKNOWN,
2026-02-14T10:24:15Z,NC-MA70-7OJ9,,,,,,,,,UNKNOWN,
2026-02-14T10:24:15Z,T7-NZWY-R44R,,,,,,,,,UNKNOWN,
2026-02-14T10:24:15Z,I2-OJSR-TKZ6,,,,,,,,,UNKNOWN,
2026-02-14T10:24:15Z,9C-ZLCN-WWGK,,,,,,,,,UNKNOWN,
2026-02-14T10:24:15Z,6L-LO0H-2WGF,,,,,,,,,UNKNOWN,
2026-02-14T10:24:15Z,7C-XI7G-FMUU,,,,,,,,,UNKNOWN,
2026-02-14T10:24:15Z,W7-F06R-CW3C,,,,,,,,,UNKNOWN,
2026-02-14T10:24:15Z,D6-Y4EX-C9HL,,,,,,,,,UNKNOWN,
2026-02-14T10:24:15Z,NB-UWOU-68PW,,,,,,,,,UNKNOWN,
2026-02-14T10:24:15Z,QG-6O1N-7HTR,,,,,,,,,UNKNOWN,
2026-02-14T10:24:15Z,E7-LAKI-9FEO,,,,,,,,,UNKNOWN,
2026-02-14T10:24:15Z,FQ-DRSZ-XVJI,,,,,,,,,UNKNOWN,
2026-02-14T10:24:15Z,WY-Z6LP-JOMV,,,,,,,,,UNKNOWN,
2026-02-14T10:24:15Z,IX-E0R5-6P6G,,,,,,,,,UNKNOWN,
2026-02-14T10:24:15Z,J7-QL4P-4SOM,,,,,,,,,UNKNOWN,
2026-02-14T10:24:15Z,UF-8XYI-JUTX,,,,,,,,,UNKNOWN,
2026-02-14T10:24:15Z,LG-AZOP-KOUU,,,,,,,,,UNKNOWN,
2026-02-14T10:24:15Z,0K-6BX5-D5AH,,,,,,,,,UNKNOWN,
2026-02-14T10:24:15Z,Z3-HICR-CPBW,,,,,,,,,UNKNOWN,
2026-02-14T10:24:15Z,OO-KLJU-ZBO9,,,,,,,,,UNKNOWN,
2026-02-14T10:24:15Z,UL-6G4Z-72JE,,,,,,,,,UNKNOWN,
2026-02-14T10:24:15Z,2K-6X85-CXUL,,,,,,,,,UNKNOWN,
2026-02-14T10:24:15Z,MF-MNIN-FGXW,,,,,,,,,UNKNOWN,
2026-02-14T10:24:15Z,FQ-MTRD-YPII,,,,,,,,,UNKNOWN,
2026-02-14T10:24:15Z,8N-T5OY-DSW9,,,,,,,,,UNKNOWN,
2026-02-14T10:24:15Z,JE-NHAA-HEYR,,,,,,,,,UNKNOWN,
2026-02-14T10:24:15Z,6V-0L0T-OF72,,,,,,,,,UNKNOWN,
2026-02-14T10:24:15Z,IQ-PR7Z-1RKG,,,,,,,,,UNKNOWN,
2026-02-14T10:24:15Z,A9-31T9-JF3W,,,,,,,,,UNKNOWN,
2026-02-14T10:24:15Z,TT-1DQK-CJFF,,,,,,,,,UNKNOWN,
2026-02-14T10:24:15Z,EO-RQ6J-PAPY,,,,,,,,,UNKNOWN,
2026-02-14T10:24:15Z,F9-ETRB-6FVQ,,,,,,,,,UNKNOWN,
2026-02-14T10:24:15Z,10-PGVO-YV15,,,,,,,,,UNKNOWN,
2026-02-14T10:24:15Z,LL-NBBZ-I90A,,,,,,,,,UNKNOWN,
2026-02-14T10:24:15Z,HJ-6HB4-VVF2,,,,,,,,,UNKNOWN,
2026-02-14T10:24:15Z,R7-RF9Q-9AMN,,,,,,,,,UNKNOWN,
2026-02-14T10:24:15Z,9I-QC5D-QDT2,,,,,,,,,UNKNOWN,
2026-02-14T10:24:15Z,26-E5TZ-WU0I,,,,,,,,,UNKNOWN,
2026-02-14T10:24:15Z,1Q-OTO8-JG8E,,,,,,,,,UNKNOWN,
2026-02-14T10:24:15Z,27-VH0D-TKGK,,,,,,,,,UNKNOWN,
2026-02-14T10:24:15Z,2L-4Y1Q-E6OA,,,,,,,,,UNKNOWN,
2026-02-14T10:24:15Z,ON-XPCR-TAZW,,,,,,,,,UNKNOWN,
2026-02-14T10:24:15Z,BH-QYC3-K7VG,,,,,,,,,UNKNOWN,
2026-02-14T10:24:15Z,T0-4R2M-4BLV,,,,,,,,,UNKNOWN,
2026-02-14T10:24:15Z,46-MOBK-YBS1,,,,,,,,,UNKNOWN,
2026-02-14T10:24:15Z,NY-AI90-84GR,,,,,,,,,UNKNOWN,
2026-02-14T10:24:15Z,3Z-S01D-H4GA,,,,,,,,,UNKNOWN,
2026-02-14T10:24:15Z,2T-07RT-8IMX,,,,,,,,,UNKNOWN,
2026-02-14T10:24:15Z,66-6EUM-PSH8,,,,,,,,,UNKNOWN,
2026-02-14T10:24:15Z,CN-NR50-TSFE,,,,,,,,,UNKNOWN,
2026-02-14T10:24:15Z,0C-AOG2-B23Z,,,,,,,,,UNKNOWN,
2026-02-14T10:24:15Z,XB-PLFM-VNLX,,,,,,,,,UNKNOWN,
2026-02-14T10:24:15Z,8G-7PJ0-25UD,,,,,,,,,UNKNOWN,
2026-02-14T10:24:15Z,EH-ZRT0-U4YM,,,,,,,,,UNKNOWN,
2026-02-14T10:24:15Z,7I-GPVA-PDJ6,,,,,,,,,UNKNOWN,
2026-02-14T10:24:15Z,Z7-ZI0R-NWCK,,,,,,,,,UNKNOWN,
2026-02-14T10:24:15Z,M1-UFU0-V1X3,,,,,,,,,UNKNOWN,
2026-02-14T10:24:15Z,E0-9FJI-8AD2,,,,,,,,,UNKNOWN,
2026-02-14T10:24:15Z,TL-AUNR-5YK0,,,,,,,,,UNKNOWN,
2026-02-14T10:24:15Z,JQ-6JZ4-3GJ7,,,,,,,,,UNKNOWN,
2026-02-14T10:24:15Z,GB-RXX5-97UW,,,,,,,,,UNKNOWN,
2026-02-14T10:24:15Z,N0-JAU8-SI40,,,,,,,,,UNKNOWN,
2026-02-14T10:24:15Z,MI-J6KS-0097,,,,,,,,,UNKNOWN,
2026-02-14T10:24:15Z,PF-7VUQ-LIUC,,,,,,,,,UNKNOWN,
2026-02-14T10:24:15Z,6E-GK4T-QBFF,,,,,,,,,UNKNOWN,
2026-02-14T10:24:15Z,16-5NE0-75DT,,,,,,,,,UNKNOWN,
2026-02-14T10:24:15Z,7R-DKJR-F0UF,,,,,,,,,UNKNOWN,
2026-02-14T10:24:15Z,7W-PCZV-CX51,,,,,,,,,UNKNOWN,
2026-02-14T10:24:15Z,HI-4CXM-9WVU,,,,,,,,,UNKNOWN,
2026-02-14T10:24:15Z,JC-NYJZ-DIWR,,,,,,,,,UNKNOWN,
2026-02-14T10:24:15Z,FX-3YH6-IF6A,,,,,,,,,UNKNOWN,
2026-02-14T10:24:15Z,PZ-X5VL-NVBR,,,,,,,,,UNKNOWN,
2026-02-14T10:24:15Z,AY-LA00-LUJD,,,,,,,,,UNKNOWN,
2026-02-14T10:24:15Z,3L-LSBT-PRST,,,,,,,,,UNKNOWN,
2026-02-14T10:24:15Z,PF-9T40-Q7YW,,,,,,,,,UNKNOWN,
2026-02-14T10:24:15Z,PQ-SCCQ-7RCR,,,,,,,,,UNKNOWN,
2026-02-14T10:24:15Z,YM-HLZL-A3XS,,,,,,,,,UNKNOWN,
2026-02-14T10:24:15Z,HN-13OB-TAYD,,,,,,,,,UNKNOWN,
2026-02-14T10:24:15Z,RF-3X39-FYXB,,,,,,,,,UNKNOWN,
2026-02-14T10:24:15Z,CQ-GZA7-CZBW,,,,,,,,,UNKNOWN,
2026-02-14T10:24:15Z,WN-BBR4-67NP,,,,,,,,,UNKNOWN,
2026-02-14T10:24:15Z,6H-ZZN4-I77B,,,,,,,,,UNKNOWN,
2026-02-14T10:24:15Z,V7-HT4G-K9QH,,,,,,,,,UNKNOWN,
2026-02-14T10:24:15Z,C1-4N7O-1LWT,,,,,,,,,UNKNOWN,
2026-02-14T10:24:15Z,2U-EUMC-7E5P,,,,,,,,,UNKNOWN,
2026-02-14T10:24:15Z,9R-YGAK-KTA0,,,,,,,,,UNKNOWN,
2026-02-14T10:24:15Z,KG-GAQU-OLI0,,,,,,,,,UNKNOWN,
2026-02-14T10:24:15Z,B7-9S5E-KOHG,,,,,,,,,UNKNOWN,
2026-02-14T10:24:15Z,LH-LOUH-H54B,,,,,,,,,UNKNOWN,
2026-02-14T10:24:15Z,ET-D23X-A5I2,,,,,,,,,UNKNOWN,
2026-02-14T10:24:15Z,BB-JN90-IUUP,,,,,,,,,UNKNOWN,
2026-02-14T10:24:15Z,BU-H22U-ACK3,,,,,,,,,UNKNOWN,
2026-02-14T10:24:15Z,3L-1I88-19GF,,,,,,,,,UNKNOWN,
2026-02-14T10:24:15Z,CJ-DLBW-HKFS,,,,,,,,,UNKNOWN,
2026-02-14T10:24:15Z,0N-JV0B-5UNV,,,,,,,,,UNKNOWN,
2026-02-14T10:24:15Z,8G-JH1T-98X4,,,,,,,,,UNKNOWN,
2026-02-14T10:24:15Z,7Y-B7S7-O5OZ,,,,,,,,,UNKNOWN,
2026-02-14T10:24:15Z,3K-PWXF-IHKI,,,,,,,,,UNKNOWN,
2026-02-14T10:24:15Z,PT-CVT8-NV21,,,,,,,,,UNKNOWN,
2026-02-14T10:24:15Z,10-JQEP-V8I7,,,,,,,,,UNKNOWN,
2026-02-14T10:24:15Z,YD-0TJL-WINU,,,,,,,,,UNKNOWN,
2026-02-14T10:24:15Z,VY-FXRV-DEAT,,,,,,,,,UNKNOWN,
2026-02-14T10:24:15Z,SA-T4GN-HUNR,,,,,,,,,UNKNOWN,
2026-02-14T10:24:15Z,Z4-04O5-E86C,,,,,,,,,UNKNOWN,
2026-02-14T10:24:15Z,FY-TQNI-4ZV5,,,,,,,,,UNKNOWN,
2026-02-14T10:24:15Z,4V-OE5G-EJKM,,,,,,,,,UNKNOWN,
2026-02-14T10:24:15Z,7U-508Y-MZAQ,,,,,,,,,UNKNOWN,
2026-02-14T10:24:15Z,55-5RSU-1KG1,,,,,,,,,UNKNOWN,
2026-02-14T10:24:15Z,FN-ZANK-PHQO,,,,,,,,,UNKNOWN,
2026-02-14T10:24:15Z,FW-WGL2-H61I,,,,,,,,,UNKNOWN,
2026-02-14T10:24:15Z,HT-LVU9-4F5R,,,,,,,,,UNKNOWN,
2026-02-14T10:24:15Z,YB-8YQ7-X1X8,,,,,,,,,UNKNOWN,
2026-02-14T10:24:15Z,TX-7TYN-NVF4,,,,,,,,,UNKNOWN,
2026-02-14T10:24:15Z,WI-QO7X-YZOL,,,,,,,,,UNKNOWN,
2026-02-14T10:24:15Z,G0-25T9-9YZS,,,,,,,,,UNKNOWN,
2026-02-14T10:24:15Z,2I-R2RY-BZ85,,,,,,,,,UNKNOWN,
2026-02-14T10:24:15Z,RR-0TGC-U4IT,,,,,,,,,UNKNOWN,
2026-02-14T10:24:15Z,1P-BRGG-P0N6,,,,,,,,,UNKNOWN,
2026-02-14T10:24:15Z,HY-VZF3-EFS3,,,,,,,,,UNKNOWN,
2026-02-14T10:24:15Z,4C-6VFW-JO2C,,,,,,,,,UNKNOWN,
2026-02-14T10:24:15Z,3V-HQSI-8QRU,,,,,,,,,UNKNOWN,
2026-02-14T10:24:15Z,KE-WQ91-B6JF,,,,,,,,,UNKNOWN,
2026-02-14T10:24:15Z,JX-Q0XX-QBZ2,,,,,,,,,UNKNOWN,
2026-02-14T10:24:15Z,SH-RGTH-QQM2,,,,,,,,,UNKNOWN,
2026-02-14T10:24:15Z,FR-41MF-KWKU,,,,,,,,,UNKNOWN,
2026-02-14T10:24:15Z,MF-FBAW-SRXY,,,,,,,,,UNKNOWN,
2026-02-14T10:24:15Z,J2-N9NA-57NA,,,,,,,,,UNKNOWN,
2026-02-14T10:24:15Z,KR-H2ZK-DRS7,,,,,,,,,UNKNOWN,
2026-02-14T10:24:15Z,M4-MV10-9TX7,,,,,,,,,UNKNOWN,
2026-02-14T10:24:15Z,M5-EOFN-2WPJ,,,,,,,,,UNKNOWN,
2026-02-14T10:24:15Z,8K-FX05-CCPX,,,,,,,,,UNKNOWN,
2026-02-14T10:24:15Z,DK-9CZR-7SUV,,,,,,,,,UNKNOWN,
2026-02-14T10:24:15Z,4Y-2V2S-KSTO,,,,,,,,,UNKNOWN,
2026-02-14T10:24:15Z,VF-WENE-0QSF,,,,,,,,,UNKNOWN,
2026-02-14T10:24:15Z,10-KNVB-4BRI,,,,,,,,,UNKNOWN,
2026-02-14T10:24:15Z,CC-9HJK-1XR3,,,,,,,,,UNKNOWN,
2026-02-14T10:24:15Z,IX-BHAG-7688,,,,,,,,,UNKNOWN,
2026-02-14T10:24:15Z,8Y-8UTW-YHVV,,,,,,,,,UNKNOWN,
2026-02-14T10:24:15Z,IS-RZRJ-JMUQ,,,,,,,,,UNKNOWN,
2026-02-14T10:24:15Z,4D-KUD8-5IQP,,,,,,,,,UNKNOWN,
2026-02-14T10:24:15Z,6L-R2ZY-X2E0,,,,,,,,,UNKNOWN,
2026-02-14T10:24:15Z,H4-EFUP-2ASL,,,,,,,,,UNKNOWN,
2026-02-14T10:24:15Z,QZ-5ZK7-W02G,,,,,,,,,UNKNOWN,
2026-02-14T10:24:15Z,9H-K7TV-V6NU,,,,,,,,,UNKNOWN,
2026-02-14T10:24:15Z,PI-JTWZ-8YNT,,,,,,,,,UNKNOWN,
2026-02-14T10:24:15Z,UC-D1G4-MTYN,,,,,,,,,UNKNOWN,
2026-02-14T10:24:15Z,RJ-OVDC-R9JF,,,,,,,,,UNKNOWN,
2026-02-14T10:24:15Z,HO-7XV5-UD4D,,,,,,,,,UNKNOWN,
2026-02-14T10:24:15Z,P4-XF7W-GMJA,,,,,,,,,UNKNOWN,
2026-02-14T10:24:15Z,D8-QDS3-LH4T,,,,,,,,,UNKNOWN,
2026-02-14T10:24:15Z,XN-OHVO-FXL6,,,,,,,,,UNKNOWN,
2026-02-14T10:24:15Z,VU-YLRN-9V7D,,,,,,,,,UNKNOWN,
2026-02-14T10:24:15Z,QB-I6MR-7F61,,,,,,,,,UNKNOWN,
2026-02-14T10:24:15Z,TH-JWYZ-LM0D,,,,,,,,,UNKNOWN,
2026-02-14T10:24:15Z,J5-IJ6Y-64VG,,,,,,,,,UNKNOWN,
2026-02-14T10:24:15Z,9Q-XGAX-ZGBT,,,,,,,,,UNKNOWN,
2026-02-14T10:24:15Z,P5-KMQZ-JK8Y,,,,,,,,,UNKNOWN,
2026-02-14T10:24:15Z,P7-91M2-092T,,,,,,,,,UNKNOWN,
2026-02-14T10:24:15Z,BC-6AFY-0M24,,,,,,,,,UNKNOWN,
2026-02-14T10:24:15Z,QD-2EAL-Z4J5,,,,,,,,,UNKNOWN,
2026-02-14T10:24:15Z,R8-VELO-CPUA,,,,,,,,,UNKNOWN,
2026-02-14T10:24:15Z,QM-QAGK-D2UQ,,,,,,,,,UNKNOWN,
2026-02-14T10:24:15Z,WO-75W6-980Q,,,,,,,,,UNKNOWN,
2026-02-14T10:24:15Z,YF-KP66-IJY6,,,,,,,,,UNKNOWN,
2026-02-14T10:24:15Z,1A-S381-J09C,,,,,,,,,UNKNOWN,
2026-02-14T10:24:15Z,GQ-JASA-966U,,,,,,,,,UNKNOWN,
2026-02-14T10:24:15Z,3Q-JJ0H-Y8K7,,,,,,,,,UNKNOWN,
2026-02-14T10:24:15Z,1C-WYGV-IW8O,,,,,,,,,UNKNOWN,
2026-02-14T10:24:15Z,2C-S7N4-TU7U,,,,,,,,,UNKNOWN,
2026-02-14T10:24:15Z,EI-2WXL-O395,,,,,,,,,UNKNOWN,
2026-02-14T10:24:15Z,KP-AMHW-L7J3,,,,,,,,,UNKNOWN,
2026-02-14T10:24:15Z,B0-FSK3-1L88,,,,,,,,,UNKNOWN,
2026-02-14T10:24:15Z,WR-IXBZ-8DOL,,,,,,,,,UNKNOWN,
2026-02-14T10:24:15Z,BT-7DBY-VHSC,,,,,,,,,UNKNOWN,
2026-02-14T10:24:15Z,AB-B7ZS-3CGI,,,,,,,,,UNKNOWN,
2026-02-14T10:24:15Z,VE-1BJX-JY53,,,,,,,,,UNKNOWN,
2026-02-14T10:24:15Z,AQ-4A75-UZQ4,,,,,,,,,UNKNOWN,
2026-02-14T10:24:15Z,4A-DZKT-5L3H,,,,,,,,,UNKNOWN,
2026-02-14T10:24:15Z,56-K5VJ-WKGX,,,,,,,,,UNKNOWN,
2026-02-14T10:24:15Z,RR-A7OX-MCB4,,,,,,,,,UNKNOWN,
2026-02-14T10:24:15Z,E8-4EWH-VI2G,,,,,,,,,UNKNOWN,
2026-02-14T10:24:15Z,UE-IIJJ-P6EL,,,,,,,,,UNKNOWN,
2026-02-14T10:24:15Z,DW-459L-AFIY,,,,,,,,,UNKNOWN,
2026-02-14T10:24:15Z,0G-0234-E9NG,,,,,,,,,UNKNOWN,
2026-02-14T10:24:15Z,3X-9BNK-4A9V,,,,,,,,,UNKNOWN,
2026-02-14T10:24:15Z,ML-L9EE-YFAW,,,,,,,,,UNKNOWN,
2026-02-14T10:24:15Z,RZ-QO7D-HPGQ,,,,,,,,,UNKNOWN,
2026-02-14T10:24:15Z,8G-5YVC-GJ6P,,,,,,,,,UNKNOWN,
2026-02-14T10:24:15Z,9I-A0BY-EW0X,,,,,,,,,UNKNOWN,
2026-02-14T10:24:15Z,YV-2E21-62SB,,,,,,,,,UNKNOWN,
2026-02-14T10:24:15Z,RX-E62R-OEMW,,,,,,,,,UNKNOWN,
2026-02-14T10:24:15Z,SE-GMXY-FA0M,,,,,,,,,UNKNOWN,
2026-02-14T10:24:15Z,EQ-EZL7-FAU3,,,,,,,,,UNKNOWN,
2026-02-14T10:24:15Z,S8-3SXM-Y0JF,,,,,,,,,UNKNOWN,
2026-02-14T10:24:15Z,R4-IXFX-2AQQ,,,,,,,,,UNKNOWN,
2026-02-14T10:24:15Z,U8-RDSV-JZ7U,,,,,,,,,UNKNOWN,
2026-02-14T10:24:15Z,3M-SOO9-5R17,,,,,,,,,UNKNOWN,
2026-02-14T10:24:15Z,K7-L390-M667,,,,,,,,,UNKNOWN,
2026-02-14T10:24:15Z,50-U3CD-LWFE,,,,,,,,,UNKNOWN,
2026-02-14T10:24:15Z,T8-R745-DYOV,,,,,,,,,UNKNOWN,
2026-02-14T10:24:15Z,F7-3B20-C9TW,,,,,,,,,UNKNOWN,
2026-02-14T10:24:15Z,9G-57PS-EN16,,,,,,,,,UNKNOWN,
2026-02-14T10:24:15Z,08-3ABG-PL11,,,,,,,,,UNKNOWN,
2026-02-14T10:24:15Z,UG-OV2U-0MBJ,,,,,,,,,UNKNOWN,
2026-02-14T10:24:15Z,D3-R4XE-XV0R,,,,,,,,,UNKNOWN,
2026-02-14T10:24:15Z,X6-7E52-0VB3,,,,,,,,,UNKNOWN,
2026-02-14T10:24:15Z,SY-KXX7-PDAL,,,,,,,,,UNKNOWN,
2026-02-14T10:24:15Z,LW-0BSW-ZD88,,,,,,,,,UNKNOWN,
2026-02-14T10:24:15Z,TE-PYY9-E5X8,,,,,,,,,UNKNOWN,
2026-02-14T10:24:15Z,TK-2H97-E7UH,,,,,,,,,UNKNOWN,
2026-02-14T10:24:15Z,ZU-VG38-OF3L,,,,,,,,,UNKNOWN,
2026-02-14T10:24:15Z,1D-E3I8-TUK8,,,,,,,,,UNKNOWN,
2026-02-14T10:24:15Z,V0-8QPG-0A04,,,,,,,,,UNKNOWN,
2026-02-14T10:24:15Z,V5-VWRV-4S7K,,,,,,,,,UNKNOWN,
2026-02-14T10:24:15Z,8N-DRTH-Z7K0,,,,,,,,,UNKNOWN,
2026-02-14T10:24:15Z,JA-LKQX-7YEN,,,,,,,,,UNKNOWN,
2026-02-14T10:24:15Z,FY-HXC0-DSPO,,,,,,,,,UNKNOWN,
2026-02-14T10:24:15Z,96-FPCV-82R1,,,,,,,,,UNKNOWN,
2026-02-14T10:24:15Z,YB-QDA8-VS05,,,,,,,,,UNKNOWN,
2026-02-14T10:24:15Z,YG-H850-FPEW,,,,,,,,,UNKNOWN,
2026-02-14T10:24:15Z,X4-FG91-H4MR,,,,,,,,,UNKNOWN,
2026-02-14T10:24:15Z,YI-3CHP-LJOZ,,,,,,,,,UNKNOWN,
2026-02-14T10:24:15Z,YP-C2ZB-ES8H,,,,,,,,,UNKNOWN,
2026-02-14T10:24:15Z,Z7-VYUL-255V,,,,,,,,,UNKNOWN,
2026-02-14T10:24:15Z,ZA-4RO9-GD8M,,,,,,,,,UNKNOWN,
2026-02-14T10:24:15Z,ZB-SIAQ-2V7L,,,,,,,,,UNKNOWN,
2026-02-14T10:24:15Z,1S-ZFUI-RE1A,,,,,,,,,UNKNOWN,
2026-02-14T10:24:15Z,0W-VJRK-9VCG,,,,,,,,,UNKNOWN,
2026-02-14T10:24:15Z,E8-MXNZ-4UKU,,,,,,,,,UNKNOWN,
2026-02-14T10:24:15Z,EL-1QQR-J77R,,,,,,,,,UNKNOWN,
2026-02-14T10:24:15Z,AQ-QMA9-SLHK,,,,,,,,,UNKNOWN,
2026-02-14T10:24:15Z,C5-V0VF-ZQAV,,,,,,,,,UNKNOWN,
2026-02-14T10:24:15Z,VZ-MTBC-3AJ6,,,,,,,,,UNKNOWN,
2026-02-14T10:24:15Z,D9-42IB-HEVC,,,,,,,,,UNKNOWN,
2026-02-14T10:24:15Z,LX-K206-ENZX,,,,,,,,,UNKNOWN,
2026-02-14T10:24:15Z,X1-68KO-184Y,,,,,,,,,UNKNOWN,
2026-02-14T10:24:15Z,3A-T942-KVZH,,,,,,,,,UNKNOWN,
2026-02-14T10:24:15Z,Y0-Q6YF-SIEG,,,,,,,,,UNKNOWN,
2026-02-14T10:24:15Z,FY-L1AO-4YOT,,,,,,,,,UNKNOWN,
2026-02-14T10:24:15Z,ZP-F5C8-7ZCG,,,,,,,,,UNKNOWN,
2026-02-14T10:24:15Z,KJ-T17P-5CVS,,,,,,,,,UNKNOWN,
2026-02-14T10:24:15Z,Approval-1,,,,,,,,,UNKNOWN,
2026-02-14T10:24:15Z,L7-ZGYU-IWOW,,,,,,,,,UNKNOWN,
2026-02-14T10:24:15Z,XX-ISP6-LTOY,,,,,,,,,UNKNOWN,
2026-02-14T10:24:15Z,8R-0UT9-SEOY,,,,,,,,,UNKNOWN,
2026-02-14T10:24:15Z,7C-MBEY-QA37,,,,,,,,,UNKNOWN,
2026-02-14T10:24:15Z,QS-V8XL-25CO,,,,,,,,,UNKNOWN,
2026-02-14T10:24:15Z,L3-OHWF-OL4P,,,,,,,,,UNKNOWN,
2026-02-14T10:24:15Z,VA-7T3X-R64D,,,,,,,,,UNKNOWN,
2026-02-14T10:24:15Z,Y3-RYVT-A6Y8,,,,,,,,,UNKNOWN,
2026-02-14T10:24:15Z,ZU-RET1-5CSU,,,,,,,,,UNKNOWN,
2026-02-14T10:24:15Z,62-2H0B-RRR3,,,,,,,,,UNKNOWN,
2026-02-14T10:24:15Z,R9-20LM-YJL9,,,,,,,,,UNKNOWN,
2026-02-14T10:24:15Z,B7-D9X9-FWYR,,,,,,,,,UNKNOWN,
2026-02-14T10:24:15Z,5R-LL8J-AP4S,,,,,,,,,UNKNOWN,
2026-02-14T10:24:15Z,3C-HIAR-JEF0,,,,,,,,,UNKNOWN,
2026-02-14T10:24:15Z,CLFAPPLY1,,,,,,,,,UNKNOWN,
2026-02-14T10:24:15Z,---,,,,,,,,,UNKNOWN,
2026-02-14T10:24:15Z,C7-D8C6-UWDV,,,,,,,,,UNKNOWN,
2026-02-14T10:24:15Z,RI-DHUT-XR75,,,,,,,,,UNKNOWN,
2026-02-14T10:24:15Z,Y2-A0XO-9DCH,,,,,,,,,UNKNOWN,
2026-02-14T10:24:15Z,JP-9X4T-0CCC,,,,,,,,,UNKNOWN,
2026-02-14T10:24:15Z,9Q-K2SI-Q5LI,,,,,,,,,UNKNOWN,
2026-02-14T10:24:15Z,2Z-WVXG-I7W1,,,,,,,,,UNKNOWN,
2026-02-14T10:24:15Z,E1-W7LJ-CUKO,,,,,,,,,UNKNOWN,
2026-02-14T10:24:15Z,U4-Z3VT-1WNS,,,,,,,,,UNKNOWN,
2026-02-14T10:24:15Z,6S-TT0C-48SV,,,,,,,,,UNKNOWN,
2026-02-14T10:24:15Z,N2-I82D-3I3Q,,,,,,,,,UNKNOWN,
2026-02-14T10:24:15Z,GZ-0NY2-BOHL,,,,,,,,,UNKNOWN,
2026-02-14T10:24:15Z,S2-RZ4R-15M6,,,,,,,,,UNKNOWN,
2026-02-14T10:24:15Z,VU-UQNN-35C8,,,,,,,,,UNKNOWN,
2026-02-14T10:24:15Z,Apply2,,,,,,,,,UNKNOWN,
2026-02-14T10:24:15Z,Apply-B0CSGSCWTP,,,,,,,,,UNKNOWN,
2026-02-14T10:24:15Z,Apply-B0CSH9HXQ5,,,,,,,,,UNKNOWN,
2026-02-14T10:24:15Z,REJECT,,,,,,,,,UNKNOWN,
2026-02-14T10:24:15Z,UE-BZE5-I0WM,,,,,,,,,UNKNOWN,
2026-02-14T10:24:15Z,FBA15K3QTGNT_unexpected_item_01,B07RRQX71T,ERROR,,,,,,,UNKNOWN,http_429
2026-02-14T10:24:15Z,PT-7SUD-DDSG,B09NQ9ZHDQ,ERROR,,,,,,,UNKNOWN,http_429
2026-02-14T10:24:15Z,3Z-03PB-Q1A8,B09NQ9ZHDQ,ERROR,,,,,,,UNKNOWN,http_429
2026-02-14T10:24:15Z,3Q-JVVB-BIT7,0786964502,ERROR,,,,,,,UNKNOWN,http_429
2026-02-14T10:24:15Z,02-7AZG-O0CV,B01N31JDVX,ERROR,,,,,,,UNKNOWN,http_429
2026-02-14T10:24:15Z,03-7TNF-U2A1,B08C34199M,ERROR,,,,,,,UNKNOWN,http_429
2026-02-14T10:24:15Z,06-6WC0-UGFH,B004YJLV6K,ERROR,,,,,,,UNKNOWN,http_429
2026-02-14T10:24:15Z,0B-IC3D-6S96,B00ICS6JWK,ERROR,,,,,,,UNKNOWN,http_429
2026-02-14T10:24:15Z,0G-JB6S-PN34,B07H2WXMDJ,ERROR,,,,,,,UNKNOWN,http_429
2026-02-14T10:24:15Z,0H-5V53-GPG4,B0CRRPCT5P,ERROR,,,,,,,UNKNOWN,http_429
2026-02-14T10:24:15Z,0N-VZG5-JH06,B0CJMMYYCJ,ERROR,,,,,,,UNKNOWN,http_429
2026-02-14T10:24:15Z,0N-X5KF-213D,B09M3RB8R1,ERROR,,,,,,,UNKNOWN,http_429
2026-02-14T10:24:15Z,0R-GRRH-W0Z9,B09NQD4S5N,ERROR,,,,,,,UNKNOWN,http_429
2026-02-14T10:24:15Z,0X-VJWI-4OT8,B0BWFT5RGN,ERROR,,,,,,,UNKNOWN,http_429
2026-02-14T10:24:15Z,0Z-Y60V-499R,B09NQBQW49,ERROR,,,,,,,UNKNOWN,http_429
2026-02-14T10:24:15Z,12-3VTE-5T3Z,9189143078,ERROR,,,,,,,UNKNOWN,http_429
2026-02-14T10:24:15Z,18-WD7G-J8U4,B0B32365PH,ERROR,,,,,,,UNKNOWN,http_429
2026-02-14T10:24:15Z,1U-1W76-M840,B07V9CRX7Y,ERROR,,,,,,,UNKNOWN,http_429
2026-02-14T10:24:15Z,1U-YF3T-TR74,B082BVCQMQ,ERROR,,,,,,,UNKNOWN,http_429
2026-02-14T10:24:15Z,QP-BCUW-E90M,B00O5NEUAY,ERROR,,,,,,,UNKNOWN,http_429
2026-02-14T10:24:15Z,714776,B001KYTW0O,ERROR,,,,,,,UNKNOWN,http_429
2026-02-14T10:24:15Z,GA-9DTN-9O1E,B086763VT8,ERROR,,,,,,,UNKNOWN,http_429
2026-02-14T10:24:15Z,D3-QTSY-BCV5,B09P24SGN5,ERROR,,,,,,,UNKNOWN,http_429
2026-02-14T10:24:15Z,K7-1K9P-TTAZ,B00VREYQYO,ERROR,,,,,,,UNKNOWN,http_429
2026-02-14T10:24:15Z,2U-4KLP-68HB,B07NGGSR3D,ERROR,,,,,,,UNKNOWN,http_429
2026-02-14T10:24:15Z,86-1VHQ-ABNK,B08WPCW7TH,ERROR,,,,,,,UNKNOWN,http_429
2026-02-14T10:24:15Z,AX-NKNU-29C1,B08M52B4M5,ERROR,,,,,,,UNKNOWN,http_429
2026-02-14T10:24:15Z,EA-FZ2V-D7II,B00D1V5NWK,ERROR,,,,,,,UNKNOWN,http_429
2026-02-14T10:24:15Z,8S-MI05-1R1X,B09NQ9ZHDQ,ERROR,,,,,,,UNKNOWN,http_429
2026-02-14T10:24:15Z,SR-JF1N-II8S,B094D24L5J,ERROR,,,,,,,UNKNOWN,http_429
2026-02-14T10:24:15Z,A9-2Y9G-M2K7,B00KB225MS,ERROR,,,,,,,UNKNOWN,http_429
2026-02-14T10:24:15Z,ZT-QPY3-P24I,B0D3JBBGSB,ERROR,,,,,,,UNKNOWN,http_429
2026-02-14T10:24:15Z,8W-I703-VOFQ,B074H6M7TW,ERROR,,,,,,,UNKNOWN,http_429
2026-02-14T10:24:15Z,JY-781R-EYHZ,B005HXLH3O,ERROR,,,,,,,UNKNOWN,http_429
2026-02-14T10:24:15Z,R4-0AXZ-ZZ9D,B0844ZRHS9,ERROR,,,,,,,UNKNOWN,http_429
2026-02-14T10:24:15Z,M5-71MK-T0DL,B0B337ZY41,ERROR,,,,,,,UNKNOWN,http_429
2026-02-14T10:24:15Z,GD-B8SW-1PCP,B0D2Y4NPKZ,ERROR,,,,,,,UNKNOWN,http_429
2026-02-14T10:24:15Z,4J-IY7T-6LBS,9188805557,ERROR,,,,,,,UNKNOWN,http_429
2026-02-14T10:24:15Z,VO-A6AR-18YS,B09NQDQ8X7,ERROR,,,,,,,UNKNOWN,http_429
2026-02-14T10:24:15Z,Z9-FBUQ-EZN3,B074RQ8G8Z,ERROR,,,,,,,UNKNOWN,http_429
2026-02-14T10:24:15Z,DT-SPI3-IK34,B00BA4IOTY,ERROR,,,,,,,UNKNOWN,http_429
2026-02-14T10:24:15Z,2G-AYBQ-TUQG,B002KFZKZ8,ERROR,,,,,,,UNKNOWN,http_429
2026-02-14T10:24:15Z,DV-USYD-8WR2,B0D3JD4FFD,ERROR,,,,,,,UNKNOWN,http_429
2026-02-14T10:24:15Z,K5-QUBI-YTWD,B0037B0C66,ERROR,,,,,,,UNKNOWN,http_429
2026-02-14T10:24:15Z,4V-19KJ-15J4,B00D2O8936,ERROR,,,,,,,UNKNOWN,http_429
2026-02-14T10:24:15Z,RZ-6ZL9-CZ7J,B075XT2J8X,ERROR,,,,,,,UNKNOWN,http_429
2026-02-14T10:24:15Z,8T-HE78-3AQ3,B07772WMSM,ERROR,,,,,,,UNKNOWN,http_429
2026-02-14T10:24:15Z,SE-IQQJ-EOU3,B004R1ZS64,ERROR,,,,,,,UNKNOWN,http_429
2026-02-14T10:24:15Z,D8-1A3E-I37F,B001ET78RY,ERROR,,,,,,,UNKNOWN,http_429
2026-02-14T10:24:15Z,MV-UNOG-CTUU,B00FO70GG2,ERROR,,,,,,,UNKNOWN,http_429
2026-02-14T10:24:15Z,US-AK96-YFSB,B002DPGTF0,ERROR,,,,,,,UNKNOWN,http_429
2026-02-14T10:24:15Z,Z7-26PV-O9LR,B07J9JGZZV,ERROR,,,,,,,UNKNOWN,http_429
2026-02-14T10:24:15Z,HS-R5IP-7E1C,B00LXM3PGK,ERROR,,,,,,,UNKNOWN,http_429
2026-02-14T10:24:15Z,BM-1O5E-RW8I,B07BC5K5W5,ERROR,,,,,,,UNKNOWN,http_429
2026-02-14T10:24:15Z,PN-0NVI-R2WQ,B06XGFW1Q2,ERROR,,,,,,,UNKNOWN,http_429
2026-02-14T10:24:15Z,4B-HMJG-PHW4,B00D1V5E5G,ERROR,,,,,,,UNKNOWN,http_429
2026-02-14T10:24:15Z,GH-XAAE-HRU7,B072K2PG11,ERROR,,,,,,,UNKNOWN,http_429
2026-02-14T10:24:15Z,R5-Y2AA-V5FS,B07Z2QNW7R,ERROR,,,,,,,UNKNOWN,http_429
2026-02-14T10:24:15Z,WR-3V7D-BB7Z,B07BBZZ8RC,ERROR,,,,,,,UNKNOWN,http_429
2026-02-14T10:24:15Z,L3-ZQ8U-A7LQ,B004I2N5AS,ERROR,,,,,,,UNKNOWN,http_429
2026-02-14T10:24:15Z,6L-SDA9-P13J,B00605WJ9O,ERROR,,,,,,,UNKNOWN,http_429
2026-02-14T10:24:15Z,GW-1ECO-QZA7,B00N5SLQ7A,ERROR,,,,,,,UNKNOWN,http_429
2026-02-14T10:24:15Z,VI-ICHI-WPB5,B004S0S0S2,ERROR,,,,,,,UNKNOWN,http_429
2026-02-14T10:24:15Z,N4-5C3G-RJS1,B000MQ663C,ERROR,,,,,,,UNKNOWN,http_429
2026-02-14T10:24:15Z,B1-4B2R-MBRP,B0C4RR58SF,ERROR,,,,,,,UNKNOWN,http_429
2026-02-14T10:24:15Z,B7-JEPF-6CU7,B00GI299M4,ERROR,,,,,,,UNKNOWN,http_429
2026-02-14T10:24:15Z,ZJ-9IR6-7M3A,B07RXCFY28,ERROR,,,,,,,UNKNOWN,http_429
2026-02-14T10:24:15Z,PK-9T59-FNWW,B0D3JBK56B,ERROR,,,,,,,UNKNOWN,http_429
2026-02-14T10:24:15Z,XE-YPAI-HX9F,B086ZD7MG6,ERROR,,,,,,,UNKNOWN,http_429
2026-02-14T10:24:15Z,K0-71JR-UNLF,B01JL0WRI2,ERROR,,,,,,,UNKNOWN,http_429
2026-02-14T10:24:15Z,JE-D4LO-O2JD,B07JXBDGJB,ERROR,,,,,,,UNKNOWN,http_429
2026-02-14T10:24:15Z,JH-97NP-GJDG,B007C3KBIY,ERROR,,,,,,,UNKNOWN,http_429
2026-02-14T10:24:15Z,U4-61J7-ERHI,B088FKCDV6,ERROR,,,,,,,UNKNOWN,http_429
2026-02-14T10:24:15Z,G9-GAEI-FQI3,B0001IWI10,ERROR,,,,,,,UNKNOWN,http_429
2026-02-14T10:24:15Z,R7-98IN-2PW8,B08CHKHTWX,ERROR,,,,,,,UNKNOWN,http_429
2026-02-14T10:24:15Z,M7-TSI2-5W7I,B06XYTDCC5,ERROR,,,,,,,UNKNOWN,http_429
2026-02-14T10:24:15Z,CH-RLZA-2OYU,B01M6BSYME,ERROR,,,,,,,UNKNOWN,http_429
2026-02-14T10:24:15Z,E4-HG4R-5022,B07TGKYLLT,ERROR,,,,,,,UNKNOWN,http_429
2026-02-14T10:24:15Z,6V-EEC1-2S9Z,B06WW79DX5,ERROR,,,,,,,UNKNOWN,http_429
2026-02-14T10:24:15Z,FD-R7YW-X0GH,B09NQC79GF,ERROR,,,,,,,UNKNOWN,http_429
2026-02-14T10:24:15Z,94-X6R7-SCOW,B0B6GD6QF8,ERROR,,,,,,,UNKNOWN,http_429
2026-02-14T10:24:15Z,MF-TPXM-F8AF,B0D3J9C8NN,ERROR,,,,,,,UNKNOWN,http_429
2026-02-14T10:24:15Z,MN-LXY0-1MMT,B07DFB8DKB,ERROR,,,,,,,UNKNOWN,http_429
2026-02-14T10:24:15Z,EE-KTDC-KCFY,B08FSDMVNP,ERROR,,,,,,,UNKNOWN,http_429
2026-02-14T10:24:15Z,5Q-LUQ1-L14K,B09MWLJFFX,ERROR,,,,,,,UNKNOWN,http_429
2026-02-14T10:24:15Z,ZV-RLOD-Q0JI,B0BS1WDHP7,ERROR,,,,,,,UNKNOWN,http_429
2026-02-14T10:24:15Z,D1-LSS7-93U8,B003SYNGE2,ERROR,,,,,,,UNKNOWN,http_429
2026-02-14T10:24:15Z,KQ-XRZK-09KK,B0CSG9BFMJ,ERROR,,,,,,,UNKNOWN,http_429
2026-02-14T10:24:15Z,X1-APP3-4HQ6,B0BMKQKC3M,ERROR,,,,,,,UNKNOWN,http_429
2026-02-14T10:24:15Z,M8-LMW1-Z8AS,B00IQFGOGA,ERROR,,,,,,,UNKNOWN,http_429
2026-02-14T10:24:15Z,VL-48KZ-J3F2,B07L8N2TC1,ERROR,,,,,,,UNKNOWN,http_429
2026-02-14T10:24:15Z,9D-PMDG-ALP4,B005BFZAK4,ERROR,,,,,,,UNKNOWN,http_429
2026-02-14T10:24:15Z,UR-Q7TM-1F3I,B072YZPBJ3,ERROR,,,,,,,UNKNOWN,http_429
2026-02-14T10:24:15Z,OZ-3NKR-VLYG,B0049A27FS,ERROR,,,,,,,UNKNOWN,http_429
2026-02-14T10:24:15Z,I2-6YKQ-CIBP,B007YX9O9E,ERROR,,,,,,,UNKNOWN,http_429
2026-02-14T10:24:15Z,RB-82FL-T88J,B0CJ8TNZ67,ERROR,,,,,,,UNKNOWN,http_429
2026-02-14T10:24:15Z,H8-MI8Q-WG5C,B092K24B2Q,ERROR,,,,,,,UNKNOWN,http_429
2026-02-14T10:24:15Z,4U-XT39-AMUJ,B07RRQX71T,ERROR,,,,,,,UNKNOWN,http_429
2026-02-14T10:24:15Z,OP-0TPO-SB3I,B08MQ1N1CC,ERROR,,,,,,,UNKNOWN,http_429
2026-02-14T10:24:15Z,IB-U5FA-BO2Y,B0D3JC45CK,ERROR,,,,,,,UNKNOWN,http_429
2026-02-14T10:24:15Z,AK-OB6V-HIYD,B00IUKPVYM,ERROR,,,,,,,UNKNOWN,http_429
2026-02-14T10:24:15Z,U1-M5BM-8F5W,B0C9J86XCZ,ERROR,,,,,,,UNKNOWN,http_429
2026-02-14T10:24:15Z,4F-HT42-FD26,B010E25DI2,ERROR,,,,,,,UNKNOWN,http_429
2026-02-14T10:24:15Z,UR-UAT8-4JSI,B00LDLBG3A,ERROR,,,,,,,UNKNOWN,http_429
2026-02-14T10:24:15Z,714810,B002BX8ZFG,ERROR,,,,,,,UNKNOWN,http_429
2026-02-14T10:24:15Z,D7-MGBX-RX2P,B001Q77TI2,ERROR,,,,,,,UNKNOWN,http_429
2026-02-14T10:24:15Z,LR-Q5V9-S4GK,B09P244SML,ERROR,,,,,,,UNKNOWN,http_429
2026-02-14T10:24:15Z,RY-2DTP-16YZ,B01N273YMX,ERROR,,,,,,,UNKNOWN,http_429
2026-02-14T10:24:15Z,TK-E7QE-T40G,B000FPU2SK,ERROR,,,,,,,UNKNOWN,http_429
2026-02-14T10:24:15Z,GY-FO04-RDYL,B09M3PQRBG,ERROR,,,,,,,UNKNOWN,http_429
2026-02-14T10:24:15Z,SQ-7QYT-5D5B,B0915M1DLF,ERROR,,,,,,,UNKNOWN,http_429
2026-02-14T10:24:15Z,GK-YI4S-C158,B0009JJZ8A,ERROR,,,,,,,UNKNOWN,http_429
2026-02-14T10:24:15Z,LR-7GM6-1RCH,B08MQB42B3,ERROR,,,,,,,UNKNOWN,http_429
2026-02-14T10:24:15Z,RY-U14K-5XDR,B005NG23OW,ERROR,,,,,,,UNKNOWN,http_429
2026-02-14T10:24:15Z,HL-B4VJ-L8FP,B0813VNJF8,ERROR,,,,,,,UNKNOWN,http_429
2026-02-14T10:24:15Z,3E-KHO2-YIAU,B012DV4306,ERROR,,,,,,,UNKNOWN,http_429
2026-02-14T10:24:15Z,QT-C0ZN-T4R7,9188805972,ERROR,,,,,,,UNKNOWN,http_429
2026-02-14T10:24:15Z,IB-PMXX-S0AE,B002BWSZS4,ERROR,,,,,,,UNKNOWN,http_429
2026-02-14T10:24:15Z,JX-6USZ-SK7E,0786964502,ERROR,,,,,,,UNKNOWN,http_429
2026-02-14T10:24:15Z,TA-HQMF-9SUB,B074JHRC6J,ERROR,,,,,,,UNKNOWN,http_429
2026-02-14T10:24:15Z,MY-85FY-TSON,B0CKS4H64X,ERROR,,,,,,,UNKNOWN,http_429
2026-02-14T10:24:15Z,NX-YY01-TLFO,B004TRSSIQ,ERROR,,,,,,,UNKNOWN,http_429
2026-02-14T10:24:15Z,L1-54EX-56YC,B09445GL1C,ERROR,,,,,,,UNKNOWN,http_429
2026-02-14T10:24:15Z,IM-AYXV-79NJ,B09HXXMJV9,ERROR,,,,,,,UNKNOWN,http_429
2026-02-14T10:24:15Z,94-7TOA-9ZBH,B07QNL4BNM,ERROR,,,,,,,UNKNOWN,http_429
2026-02-14T10:24:15Z,SC-LYFM-ORXK,B07QXSDZJM,ERROR,,,,,,,UNKNOWN,http_429
2026-02-14T10:24:15Z,BL-WX51-KQOK,B0897VHKW6,ERROR,,,,,,,UNKNOWN,http_429
2026-02-14T10:24:15Z,3Q-8PJ1-BLBC,B0BBWH7DBT,ERROR,,,,,,,UNKNOWN,http_429
2026-02-14T10:24:15Z,7C-7V6B-QQZL,B003M36498,ERROR,,,,,,,UNKNOWN,http_429
2026-02-14T10:24:15Z,T8-6UWL-I3E1,B001OXH0X2,ERROR,,,,,,,UNKNOWN,http_429
2026-02-14T10:24:15Z,GJ-2OZK-0GCA,B0CS3VF4GK,ERROR,,,,,,,UNKNOWN,http_429
2026-02-14T10:24:15Z,6E-U01F-GUCT,B0CSVLW6QL,ERROR,,,,,,,UNKNOWN,http_429
2026-02-14T10:24:15Z,H4-86XG-NLX6,B0CVNMZHZ6,ERROR,,,,,,,UNKNOWN,http_429
2026-02-14T10:24:15Z,CY-5VNG-I5M8,B07Y354HMP,ERROR,,,,,,,UNKNOWN,http_429
2026-02-14T10:24:15Z,86-0EBH-JQX6,B0D59LGPWS,ERROR,,,,,,,UNKNOWN,http_429
2026-02-14T10:24:15Z,WE-1Z7L-SA2I,B08MVG9QZW,ERROR,,,,,,,UNKNOWN,http_429
2026-02-14T10:24:15Z,TU-8I14-25ZR,B0CN5KRVXB,ERROR,,,,,,,UNKNOWN,http_429
2026-02-14T10:24:15Z,93-TB6X-UKTU,B078K3B7R6,ERROR,,,,,,,UNKNOWN,http_429
2026-02-14T10:24:15Z,LV-425G-BY4X,9188805646,ERROR,,,,,,,UNKNOWN,http_429
2026-02-14T10:24:15Z,90-0G83-3P0X,B0054RRCQY,ERROR,,,,,,,UNKNOWN,http_429
2026-02-14T10:24:15Z,S8-7VIK-3VEL,B0CT2BZ864,ERROR,,,,,,,UNKNOWN,http_429
2026-02-14T10:24:15Z,79-CPJ6-DSG6,9189143051,ERROR,,,,,,,UNKNOWN,http_429
2026-02-14T10:24:15Z,UT-WXOQ-6CZL,B08CVTBP81,ERROR,,,,,,,UNKNOWN,http_429
2026-02-14T10:24:15Z,51-79LN-GGLK,B09HHLMG1V,ERROR,,,,,,,UNKNOWN,http_429
2026-02-14T10:24:15Z,J1-6I0O-YXCL,B08CHK57TB,ERROR,,,,,,,UNKNOWN,http_429
2026-02-14T10:24:15Z,VA-V4J8-WHCT,B08FKZMQH8,ERROR,,,,,,,UNKNOWN,http_429
2026-02-14T10:24:15Z,XE-27ZG-EZPZ,B0001IWX7E,ERROR,,,,,,,UNKNOWN,http_429
2026-02-14T10:24:15Z,IO-9ZD2-3HDO,B09SBGM9Q8,ERROR,,,,,,,UNKNOWN,http_429
2026-02-14T10:24:15Z,7I-1717-OHRW,B0CJMRL1WT,ERROR,,,,,,,UNKNOWN,http_429
2026-02-14T10:24:15Z,F7-PMJ2-SG6A,B07RZBBG14,ERROR,,,,,,,UNKNOWN,http_429
2026-02-14T10:24:15Z,3B-3H3V-Z93T,B0CP69JJGG,ERROR,,,,,,,UNKNOWN,http_429
2026-02-14T10:24:15Z,DX-1NE9-39YS,B08MT6CW12,ERROR,,,,,,,UNKNOWN,http_429
2026-02-14T10:24:15Z,PY-XV78-3OG5,B0D3J9M2H8,ERROR,,,,,,,UNKNOWN,http_429
2026-02-14T10:24:15Z,PE-G94Y-4PYO,B011SEA38A,ERROR,,,,,,,UNKNOWN,http_429
2026-02-14T10:24:15Z,XG-Z9LW-Z27Q,B09NQ9YX9R,ERROR,,,,,,,UNKNOWN,http_429
2026-02-14T10:24:15Z,G8-L8EI-INMK,B0054SB72I,ERROR,,,,,,,UNKNOWN,http_429
2026-02-14T10:24:15Z,3T-6QPR-E2MV,B06XGSJS7N,ERROR,,,,,,,UNKNOWN,http_429
2026-02-14T10:24:15Z,JV-D1TI-6UF6,B002HY4YSQ,ERROR,,,,,,,UNKNOWN,http_429
2026-02-14T10:24:15Z,DD-94AN-QL9L,B00VQTO21M,ERROR,,,,,,,UNKNOWN,http_429
2026-02-14T10:24:15Z,H0-BYHY-BTUT,B08WX4Y25G,ERROR,,,,,,,UNKNOWN,http_429
2026-02-14T10:24:15Z,NX-0Q7A-XR6H,B082DG6GJ6,ERROR,,,,,,,UNKNOWN,http_429
2026-02-14T10:24:15Z,QF-JFBE-D4VE,B008ID91XI,ERROR,,,,,,,UNKNOWN,http_429
2026-02-14T10:24:15Z,MY-KL21-NMV5,B0913SVFD3,ERROR,,,,,,,UNKNOWN,http_429
2026-02-14T10:24:15Z,4D-BI2L-5PZ8,B000Q351JG,ERROR,,,,,,,UNKNOWN,http_429
2026-02-14T10:24:15Z,NN-TSZ1-X2RD,B093FQYQJH,OK,14.79,,,,,,UNKNOWN,
2026-02-14T10:24:15Z,6Q-9G2A-IKVV,B000PSB13C,OK,11.00,,,,,,UNKNOWN,
2026-02-14T10:24:15Z,52-BC73-O7B2,B0C7HGQRY6,MISSING,,,,,,,UNKNOWN,
2026-02-14T10:24:15Z,UN-2721-RX94,B08ZJL6FGL,OK,94.49,,,,,,UNKNOWN,
2026-02-14T10:24:15Z,YC-3L3M-BV48,B0CTD6Q6KY,MISSING,,,,,,,UNKNOWN,
2026-02-14T10:24:15Z,MW-RSG9-3S2C,B07DRLVHM2,OK,15.00,,,,,,UNKNOWN,
2026-02-14T10:24:15Z,7M-48OU-23X3,B004GFPFBO,MISSING,,,,,,,UNKNOWN,
2026-02-14T10:24:15Z,88-PT9Z-DP6C,B081SWQNFS,MISSING,,,,,,,UNKNOWN,
2026-02-14T10:24:15Z,MY-XMO2-EXY1,B0042SNS7S,OK,27.85,,,,,,UNKNOWN,
2026-02-14T10:24:15Z,UR-W905-8D8D,B00B2KJ59Y,MISSING,,,,,,,UNKNOWN,
2026-02-14T10:24:15Z,5Z-6Z0P-9TQQ,B08MW8XMNQ,OK,3.59,,,,,,UNKNOWN,
2026-02-14T10:24:15Z,91-PZCP-NNGD,B0198KU5PW,OK,15.41,,,,,,UNKNOWN,
2026-02-14T10:24:15Z,8D-Y151-NFFF,B0031DCJWU,OK,15.82,,,,,,UNKNOWN,
2026-02-14T10:24:15Z,BB-ZT14-1QQA,B086MBW9R9,OK,10.50,,,,,,UNKNOWN,
2026-02-14T10:24:15Z,WJ-YHKC-EES5,B07CN7NRF7,MISSING,,,,,,,UNKNOWN,
2026-02-14T10:24:15Z,K2-VE7K-V9TU,B08FR6S7CD,MISSING,,,,,,,UNKNOWN,
2026-02-14T10:24:15Z,CA-JM6T-ZXP6,B0CMY2G83J,MISSING,,,,,,,UNKNOWN,
2026-02-14T10:24:15Z,3E-62Y1-WPYU,B0DN6KL887,MISSING,,,,,,,UNKNOWN,
2026-02-14T10:24:15Z,X7-MY4W-H2I4,B00S9IXBVU,MISSING,,,,,,,UNKNOWN,
2026-02-14T10:24:15Z,NO-N6RP-Y30Q,B07NJCFPKF,MISSING,,,,,,,UNKNOWN,
2026-02-14T10:24:15Z,OW-ONY2-KNM7,B09MTXZY2Y,ERROR,,,,,,,UNKNOWN,http_429
2026-02-14T10:24:15Z,8U-QPFH-3EKQ,B07T9WVBZ2,ERROR,,,,,,,UNKNOWN,http_429
2026-02-14T10:24:15Z,4U-9ZL6-9G0Y,B07C8QSSR2,ERROR,,,,,,,UNKNOWN,http_429
2026-02-14T10:24:15Z,D2-8SPY-Q095,B0052VXJGO,ERROR,,,,,,,UNKNOWN,http_429
2026-02-14T10:24:15Z,A1-KSU1-GZMS,B07BC1CMDK,ERROR,,,,,,,UNKNOWN,http_429
2026-02-14T10:24:15Z,5H-EJ59-AZPA,B004ZMXOMA,ERROR,,,,,,,UNKNOWN,http_429
2026-02-14T10:24:15Z,XN-OF53-7WRU,B0084CNKAI,ERROR,,,,,,,UNKNOWN,http_429
2026-02-14T10:24:15Z,8R-E0Y9-0LAU,B0BBHBX72C,ERROR,,,,,,,UNKNOWN,http_429
2026-02-14T10:24:15Z,3X-EXDD-TD2K,B0D6W9DZX4,ERROR,,,,,,,UNKNOWN,http_429
2026-02-14T10:24:15Z,XJ-2FN3-M9FH,B099FBD93Y,ERROR,,,,,,,UNKNOWN,http_429
2026-02-14T10:24:15Z,WX-L5UA-UB1Q,B007R2ICTK,ERROR,,,,,,,UNKNOWN,http_429
2026-02-14T10:24:15Z,UL-D0Y8-ZNI5,B08DR97BX2,ERROR,,,,,,,UNKNOWN,http_429
2026-02-14T10:24:15Z,49-4UKW-G81R,B00WI8O0RG,ERROR,,,,,,,UNKNOWN,http_429
2026-02-14T10:24:15Z,YO-EKK2-FRCC,B00BWU7MNU,ERROR,,,,,,,UNKNOWN,http_429
2026-02-14T10:24:15Z,L5-PF3B-WHU4,B09LDDFK4R,ERROR,,,,,,,UNKNOWN,http_429
2026-02-14T10:24:15Z,DC-K5WH-R7F5,B0073FT7FY,ERROR,,,,,,,UNKNOWN,http_429
2026-02-14T10:24:15Z,BD-TLOK-BCEE,B0D3JCG3YJ,ERROR,,,,,,,UNKNOWN,http_429
2026-02-14T10:24:15Z,N7-A24N-WJA7,B09NM9TVYX,ERROR,,,,,,,UNKNOWN,http_429
2026-02-14T10:24:15Z,2X-8XI7-C9T5,B07L6H9GZ2,ERROR,,,,,,,UNKNOWN,http_429
2026-02-14T10:24:15Z,QW-9XV0-Q3EH,B00J5H1E9K,ERROR,,,,,,,UNKNOWN,http_429
2026-02-14T10:24:15Z,IZ-8NZ9-VXR2,B08XLT86GL,ERROR,,,,,,,UNKNOWN,http_429
2026-02-14T10:24:15Z,I5-DDJZ-N4EF,B07QLML4ZG,ERROR,,,,,,,UNKNOWN,http_429
2026-02-14T10:24:15Z,ZB-PV7O-TKUD,B0BBH9MHBH,ERROR,,,,,,,UNKNOWN,http_429
2026-02-14T10:24:15Z,4F-I024-EY2R,B012AO02EM,ERROR,,,,,,,UNKNOWN,http_429
2026-02-14T10:24:15Z,VU-8KRA-QP5M,B0BNLWBLMV,ERROR,,,,,,,UNKNOWN,http_429
2026-02-14T10:24:15Z,5M-QO6K-LNH0,B00ANP09LM,ERROR,,,,,,,UNKNOWN,http_429
2026-02-14T10:24:15Z,TA-7DAZ-18PU,B0CNT2Z32S,ERROR,,,,,,,UNKNOWN,http_429
2026-02-14T10:24:15Z,V1-ON8D-S6WQ,B06XY4DS8H,ERROR,,,,,,,UNKNOWN,http_429
2026-02-14T10:24:15Z,TE-Y18U-S2O1,B08X1WM596,ERROR,,,,,,,UNKNOWN,http_429
2026-02-14T10:24:15Z,HO-LSOY-8R05,B0BVZZDW1W,ERROR,,,,,,,UNKNOWN,http_429
2026-02-14T10:24:15Z,ZU-PFDN-JSYV,B07MW9H6P4,ERROR,,,,,,,UNKNOWN,http_429
2026-02-14T10:24:15Z,1W-8WI9-7AUU,B0BLQRDTLL,ERROR,,,,,,,UNKNOWN,http_429
2026-02-14T10:24:15Z,TJ-6LOP-OPEU,B08P63MSS9,ERROR,,,,,,,UNKNOWN,http_429
2026-02-14T10:24:15Z,3Z-45IC-N1H4,B07QPB3T1J,ERROR,,,,,,,UNKNOWN,http_429
2026-02-14T10:24:15Z,MR-727N-ZG8K,B07T2PV79R,ERROR,,,,,,,UNKNOWN,http_429
2026-02-14T10:24:15Z,9X-7TBD-NA16,B01N49MD2S,ERROR,,,,,,,UNKNOWN,http_429
2026-02-14T10:24:15Z,7H-7G2P-ONWJ,B081Q9CFGC,ERROR,,,,,,,UNKNOWN,http_429
2026-02-14T10:24:15Z,Y5-REMJ-CY7A,B0BLTGP2JX,ERROR,,,,,,,UNKNOWN,http_429
2026-02-14T10:24:15Z,EV-CHU5-XU3G,B07QQDMJ6M,ERROR,,,,,,,UNKNOWN,http_429
2026-02-14T10:24:15Z,W3-H7LU-CTRI,B0002TT36Q,ERROR,,,,,,,UNKNOWN,http_429
2026-02-14T10:24:15Z,MU-717K-DELS,B076V4V2QQ,ERROR,,,,,,,UNKNOWN,http_429
2026-02-14T10:24:15Z,OT-3LZR-3R6K,B08CB36DY9,ERROR,,,,,,,UNKNOWN,http_429
2026-02-14T10:24:15Z,L2-WL35-LG0D,B07PRCJQFX,ERROR,,,,,,,UNKNOWN,http_429
2026-02-14T10:24:15Z,OI-0483-CBVX,B07BC5J1WW,ERROR,,,,,,,UNKNOWN,http_429
2026-02-14T10:24:15Z,XY-SHVR-W7PG,B076VTQGGL,ERROR,,,,,,,UNKNOWN,http_429
2026-02-14T10:24:15Z,GH-PONH-K4WQ,B08L3FB3G2,ERROR,,,,,,,UNKNOWN,http_429
2026-02-14T10:24:15Z,NX-0OE3-AD7U,B083G9XHT9,ERROR,,,,,,,UNKNOWN,http_429
2026-02-14T10:24:15Z,XY-UM2X-TPS3,B003VTZAM0,ERROR,,,,,,,UNKNOWN,http_429
2026-02-14T10:24:15Z,MW-9K5M-VKW8,B0073TTHBY,ERROR,,,,,,,UNKNOWN,http_429
2026-02-14T10:24:15Z,3C-5W5L-CT0T,B0BZQCZYN7,ERROR,,,,,,,UNKNOWN,http_429
2026-02-14T10:24:15Z,98-MF34-BSCF,B079MFZL6K,ERROR,,,,,,,UNKNOWN,http_429
2026-02-14T10:24:15Z,SZ-UL4K-SE7W,B002QGAF8S,ERROR,,,,,,,UNKNOWN,http_429
2026-02-14T10:24:15Z,BQ-O3OI-FTJU,B01CKK8CU2,ERROR,,,,,,,UNKNOWN,http_429
2026-02-14T10:24:15Z,LF-X542-9TDZ,B07YYG14S1,ERROR,,,,,,,UNKNOWN,http_429
2026-02-14T10:24:15Z,FM-7COC-V8U2,B078SZDV17,ERROR,,,,,,,UNKNOWN,http_429
2026-02-14T10:24:15Z,SU-JM8R-2U82,B09ST7SSLW,ERROR,,,,,,,UNKNOWN,http_429
2026-02-14T10:24:15Z,A7-868U-HTPI,B003DZUDYC,ERROR,,,,,,,UNKNOWN,http_429
2026-02-14T10:24:15Z,6Z-8POQ-K5XH,B00ANOXX9I,ERROR,,,,,,,UNKNOWN,http_429
2026-02-14T10:24:15Z,IJ-V0PQ-4CZ4,B09NQCV872,ERROR,,,,,,,UNKNOWN,http_429
2026-02-14T10:24:15Z,YJ-WD59-WWA2,B071X4RKYL,ERROR,,,,,,,UNKNOWN,http_429
2026-02-14T10:24:15Z,8M-NHB7-T8TR,B0B2RBG672,ERROR,,,,,,,UNKNOWN,http_429
2026-02-14T10:24:15Z,FZ-YQYO-ICX5,B0BTTHVGD3,ERROR,,,,,,,UNKNOWN,http_429
2026-02-14T10:24:15Z,CX-1R85-163Z,B0CVHD7892,ERROR,,,,,,,UNKNOWN,http_429
2026-02-14T10:24:15Z,XH-OMMJ-C7MT,B096BPSDRZ,ERROR,,,,,,,UNKNOWN,http_429
2026-02-14T10:24:15Z,FB-6FW0-Z82Q,B005F5TRBI,ERROR,,,,,,,UNKNOWN,http_429
2026-02-14T10:24:15Z,CJ-X0SS-QOUW,B0CG234KW1,ERROR,,,,,,,UNKNOWN,http_429
2026-02-14T10:24:15Z,SU-5LQH-2DVN,B07SLLYRSP,ERROR,,,,,,,UNKNOWN,http_429
2026-02-14T10:24:15Z,VF-3T0K-DR5O,B08KFFY86W,ERROR,,,,,,,UNKNOWN,http_429
2026-02-14T10:24:15Z,8L-INBX-OUTU,B016Y8SWZQ,ERROR,,,,,,,UNKNOWN,http_429
2026-02-14T10:24:15Z,PH-M7S4-05R5,B0D3JCMSF5,ERROR,,,,,,,UNKNOWN,http_429
2026-02-14T10:24:15Z,HJ-DHEU-9WG8,B0DHDCRX76,ERROR,,,,,,,UNKNOWN,http_429
2026-02-14T10:24:15Z,QV-8RC1-EYAM,B07DVPP57X,ERROR,,,,,,,UNKNOWN,http_429
2026-02-14T10:24:15Z,MU-A667-UQ3J,B081TGZQVR,ERROR,,,,,,,UNKNOWN,http_429
2026-02-14T10:24:15Z,WF-JLK1-5PKN,B08563KQKG,ERROR,,,,,,,UNKNOWN,http_429
2026-02-14T10:24:15Z,Z3-ORV9-K8XD,B000FGECAI,ERROR,,,,,,,UNKNOWN,http_429
2026-02-14T10:24:15Z,OV-LVEL-DQL6,B08W25WKTN,ERROR,,,,,,,UNKNOWN,http_429
2026-02-14T10:24:15Z,HL-03ZR-QPHH,B09M3PFZC8,ERROR,,,,,,,UNKNOWN,http_429
2026-02-14T10:24:15Z,XL-BFPF-CBW4,B07QNL62Z2,ERROR,,,,,,,UNKNOWN,http_429
2026-02-14T10:24:15Z,A2-T2AC-TW3L,B006PFN3BW,ERROR,,,,,,,UNKNOWN,http_429
2026-02-14T10:24:15Z,MW-1ILH-TLS4,B0CDH5Y3N9,ERROR,,,,,,,UNKNOWN,http_429
2026-02-14T10:24:15Z,QV-VH06-EAV3,B07CPKRL8Z,ERROR,,,,,,,UNKNOWN,http_429
2026-02-14T10:24:15Z,AI-IG9I-YB5A,B081QV8W38,ERROR,,,,,,,UNKNOWN,http_429
2026-02-14T10:24:15Z,KI-CR51-18J3,B0070Y60K8,ERROR,,,,,,,UNKNOWN,http_429
2026-02-14T10:24:15Z,Q1-00D7-5IQF,B0042SI594,ERROR,,,,,,,UNKNOWN,http_429
2026-02-14T10:24:15Z,FH-DOIH-J7JE,B01MUA5DU5,ERROR,,,,,,,UNKNOWN,http_429
2026-02-14T10:24:15Z,IR-BP1X-M8DG,B008HSBYS4,ERROR,,,,,,,UNKNOWN,http_429
2026-02-14T10:24:15Z,DO-QDI1-K7R9,B0BBH71LQN,ERROR,,,,,,,UNKNOWN,http_429
2026-02-14T10:24:15Z,RW-AZK6-O4M2,B00F4LA0K0,ERROR,,,,,,,UNKNOWN,http_429
2026-02-14T10:24:15Z,YD-NO15-VYZL,B00VRF1XEY,ERROR,,,,,,,UNKNOWN,http_429
2026-02-14T10:24:15Z,JL-VTP2-JF3Q,B07BLX7YG9,ERROR,,,,,,,UNKNOWN,http_429
2026-02-14T10:24:15Z,AF-KIHX-ANYY,B0001P15T4,ERROR,,,,,,,UNKNOWN,http_429
2026-02-14T10:24:15Z,D0-C7C0-H6LN,B07F1MFWV1,ERROR,,,,,,,UNKNOWN,http_429
2026-02-14T10:24:15Z,JB-RGB6-LZOJ,B0001P0DLU,ERROR,,,,,,,UNKNOWN,http_429
2026-02-14T10:24:15Z,R0-ODDX-WROO,B076RY52XG,ERROR,,,,,,,UNKNOWN,http_429
2026-02-14T10:24:15Z,SR-6OBB-WC03,B06XXDNH1P,ERROR,,,,,,,UNKNOWN,http_429
2026-02-14T10:24:15Z,D8-VDSF-LENN,B00P82UZ6Y,ERROR,,,,,,,UNKNOWN,http_429
2026-02-14T10:24:15Z,RS-NSGK-AN7M,B09P24GP9M,ERROR,,,,,,,UNKNOWN,http_429
2026-02-14T10:24:15Z,8M-LM6B-F2Q5,B00D1V5FPU,ERROR,,,,,,,UNKNOWN,http_429
2026-02-14T10:24:15Z,ZI-1MA2-8QGC,B08M8CQHHV,ERROR,,,,,,,UNKNOWN,http_429
2026-02-14T10:24:15Z,FA-LRV6-YRFW,B00BUY54DI,ERROR,,,,,,,UNKNOWN,http_429
2026-02-14T10:24:15Z,4W-VS57-BV6A,B0C9LJNJWZ,OK,35.00,,,,,,UNKNOWN,
2026-02-14T10:24:15Z,H6-E7MP-EBPD,B00000IU72,OK,21.94,,,,,,UNKNOWN,
2026-02-14T10:24:15Z,2L-M26G-560I,B075WYWJ5L,MISSING,,,,,,,UNKNOWN,
2026-02-14T10:24:15Z,9X-HL62-83C7,B00BEUFYE2,OK,4.99,,,,,,UNKNOWN,
2026-02-14T10:24:15Z,6P-IWYA-X18B,B07B8RJDXT,OK,16.51,,,,,,UNKNOWN,
2026-02-14T10:24:15Z,QD-UWUI-6381,B00DSYVL7Q,OK,34.89,,,,,,UNKNOWN,
2026-02-14T10:24:15Z,RI-VSUS-0YTD,B08MVGD2ND,MISSING,,,,,,,UNKNOWN,
2026-02-14T10:24:15Z,WR-MNST-TKW6,B0BVZVSHZP,OK,34.99,,,,,,UNKNOWN,
2026-02-14T10:24:15Z,CX-SMCH-4DYA,B0012B80HG,MISSING,,,,,,,UNKNOWN,
2026-02-14T10:24:15Z,81-3DY5-BFOR,B07W45L22P,MISSING,,,,,,,UNKNOWN,
2026-02-14T10:24:15Z,77-GYTL-JFN4,B00009OY9U,MISSING,,,,,,,UNKNOWN,
2026-02-14T10:24:15Z,XH-0LAE-FQO5,B00AOES9GE,MISSING,,,,,,,UNKNOWN,
2026-02-14T10:24:15Z,7L-OT45-7LYB,B01NBDFDBC,OK,5.99,,,,,,UNKNOWN,
2026-02-14T10:24:15Z,3N-WGU4-MT5X,B00SWSU5BG,MISSING,,,,,,,UNKNOWN,
2026-02-14T10:24:15Z,C6-XGZB-J6QA,B0083HIM7U,MISSING,,,,,,,UNKNOWN,
2026-02-14T10:24:15Z,LP-QMNJ-J49G,B0CL5DHG37,MISSING,,,,,,,UNKNOWN,
2026-02-14T10:24:15Z,W3-8FN7-FSP0,B004J71OSC,OK,5.50,,,,,,UNKNOWN,
2026-02-14T10:24:15Z,04-FYSA-YCV0,B001JYLJB0,OK,5.75,,,,,,UNKNOWN,
2026-02-14T10:24:15Z,04-PU0K-EVHU,B009NST7AY,MISSING,,,,,,,UNKNOWN,
2026-02-14T10:24:15Z,05-CH74-4EW3,B006R5Z7DC,OK,5.04,,,,,,UNKNOWN,
2026-02-14T10:24:15Z,0A-HHXO-QF32,B0993N4XMC,ERROR,,,,,,,UNKNOWN,http_429
2026-02-14T10:24:15Z,0B-KZD0-FZB1,B07Y5KYLQ8,ERROR,,,,,,,UNKNOWN,http_429
2026-02-14T10:24:15Z,0B-OUCV-UQE9,B01N4LH1PN,ERROR,,,,,,,UNKNOWN,http_429
2026-02-14T10:24:15Z,0D-0039-WEPJ,B09V8GFY8C,ERROR,,,,,,,UNKNOWN,http_429
2026-02-14T10:24:15Z,0F-MLCO-206G,B00RO5R4JE,ERROR,,,,,,,UNKNOWN,http_429
2026-02-14T10:24:15Z,0Q-F5R3-333E,1848450486,ERROR,,,,,,,UNKNOWN,http_429
2026-02-14T10:24:15Z,0R-31MX-8MNY,B07B4NQSYS,ERROR,,,,,,,UNKNOWN,http_429
2026-02-14T10:24:15Z,0T-2B9X-7G65,B0B8T9L8RY,ERROR,,,,,,,UNKNOWN,http_429
2026-02-14T10:24:15Z,1B-X7OV-DC22,B00SH4QZIM,ERROR,,,,,,,UNKNOWN,http_429
2026-02-14T10:24:15Z,1I-68NK-QBN0,B095ZY4PCG,ERROR,,,,,,,UNKNOWN,http_429
2026-02-14T10:24:15Z,1L-X5VM-8E2W,B09S5RXYKR,ERROR,,,,,,,UNKNOWN,http_429
