order_id,currency,principal,shipping,giftwrap,tax,shipping_tax,giftwrap_tax,referral_fee,referral_fee_tax,fba_fee,fba_fee_tax,dsf_fee,dsf_fee_tax,fixed_fee,other_fee,posted_date,settlement_id
026-0075070-1777135,GBP,0.0,0.0,0.0,0.0,0.0,0.0,0.0,0.0,0.0,0.0,0.0,0.0,0.0,0.0,2025-12-11T17:20:49Z,026-0075070-1777135
026-0610074-2942711,GBP,0.0,0.0,0.0,0.0,0.0,0.0,0.0,0.0,0.0,0.0,0.0,0.0,0.0,0.0,2025-12-11T18:35:10Z,026-0610074-2942711
026-1199560-7160348,GBP,0.0,0.0,0.0,0.0,0.0,0.0,0.0,0.0,0.0,0.0,0.0,0.0,0.0,0.0,2025-12-12T10:21:04Z,026-1199560-7160348
026-2131436-8962709,GBP,0.0,0.0,0.0,0.0,0.0,0.0,0.0,0.0,0.0,0.0,0.0,0.0,0.0,0.0,2025-12-11T22:30:38Z,026-2131436-8962709
026-2583937-0325139,GBP,0.0,0.0,0.0,0.0,0.0,0.0,0.0,0.0,0.0,0.0,0.0,0.0,0.0,0.0,2025-12-11T17:22:43Z,026-2583937-0325139
026-3062289-9282726,GBP,0.0,0.0,0.0,0.0,0.0,0.0,0.0,0.0,0.0,0.0,0.0,0.0,0.0,0.0,2025-12-11T23:54:40Z,026-3062289-9282726
026-3682016-4743517,GBP,0.0,0.0,0.0,0.0,0.0,0.0,0.0,0.0,0.0,0.0,0.0,0.0,0.0,0.0,2025-12-11T17:38:56Z,026-3682016-4743517
026-4647431-9127565,GBP,0.0,0.0,0.0,0.0,0.0,0.0,0.0,0.0,0.0,0.0,0.0,0.0,0.0,0.0,2025-12-11T19:25:28Z,026-4647431-9127565
026-5884991-1923544,GBP,0.0,0.0,0.0,0.0,0.0,0.0,0.0,0.0,0.0,0.0,0.0,0.0,0.0,0.0,2025-12-11T21:37:19Z,026-5884991-1923544
026-6229365-6067533,GBP,0.0,0.0,0.0,0.0,0.0,0.0,0.0,0.0,0.0,0.0,0.0,0.0,0.0,0.0,2025-12-11T20:30:44Z,026-6229365-6067533
026-6542197-3223501,GBP,0.0,0.0,0.0,0.0,0.0,0.0,0.0,0.0,0.0,0.0,0.0,0.0,0.0,0.0,2025-12-11T22:47:32Z,026-6542197-3223501
026-7802097-4705940,GBP,0.0,0.0,0.0,0.0,0.0,0.0,0.0,0.0,0.0,0.0,0.0,0.0,0.0,0.0,2025-12-11T23:14:12Z,026-7802097-4705940
026-8248693-5973925,GBP,0.0,0.0,0.0,0.0,0.0,0.0,0.0,0.0,0.0,0.0,0.0,0.0,0.0,0.0,2025-12-11T21:47:15Z,026-8248693-5973925
026-8662747-0836305,GBP,0.0,0.0,0.0,0.0,0.0,0.0,0.0,0.0,0.0,0.0,0.0,0.0,0.0,0.0,2025-12-11T20:05:24Z,026-8662747-0836305
202-1638024-1644346,GBP,0.0,0.0,0.0,0.0,0.0,0.0,0.0,0.0,0.0,0.0,0.0,0.0,0.0,0.0,2025-12-11T20:29:29Z,202-1638024-1644346
202-3416191-0121118,GBP,0.0,0.0,0.0,0.0,0.0,0.0,0.0,0.0,0.0,0.0,0.0,0.0,0.0,0.0,2025-12-11T21:41:11Z,202-3416191-0121118
202-3418202-1509169,GBP,0.0,0.0,0.0,0.0,0.0,0.0,0.0,0.0,0.0,0.0,0.0,0.0,0.0,0.0,2025-12-11T20:41:49Z,202-3418202-1509169
202-4442963-7840345,GBP,0.0,0.0,0.0,0.0,0.0,0.0,0.0,0.0,0.0,0.0,0.0,0.0,0.0,0.0,2025-12-11T23:00:35Z,202-4442963-7840345
202-4483936-0709930,GBP,0.0,0.0,0.0,0.0,0.0,0.0,0.0,0.0,0.0,0.0,0.0,0.0,0.0,0.0,2025-12-11T21:14:06Z,202-4483936-0709930
202-4932250-6957914,GBP,0.0,0.0,0.0,0.0,0.0,0.0,0.0,0.0,0.0,0.0,0.0,0.0,0.0,0.0,2025-12-11T23:26:09Z,202-4932250-6957914
202-6095309-8350747,GBP,0.0,0.0,0.0,0.0,0.0,0.0,0.0,0.0,0.0,0.0,0.0,0.0,0.0,0.0,2025-12-11T22:10:54Z,202-6095309-8350747
202-6294201-5065944,GBP,0.0,0.0,0.0,0.0,0.0,0.0,0.0,0.0,0.0,0.0,0.0,0.0,0.0,0.0,2025-12-11T21:09:52Z,202-6294201-5065944
202-6535362-6036312,GBP,0.0,0.0,0.0,0.0,0.0,0.0,0.0,0.0,0.0,0.0,0.0,0.0,0.0,0.0,2025-12-11T23:43:23Z,202-6535362-6036312
202-6931697-0675560,GBP,0.0,0.0,0.0,0.0,0.0,0.0,0.0,0.0,0.0,0.0,0.0,0.0,0.0,0.0,2025-12-11T21:18:10Z,202-6931697-0675560
202-8609256-1345932,GBP,0.0,0.0,0.0,0.0,0.0,0.0,0.0,0.0,0.0,0.0,0.0,0.0,0.0,0.0,2025-12-11T20:43:03Z,202-8609256-1345932
202-9188248-1867506,GBP,0.0,0.0,0.0,0.0,0.0,0.0,0.0,0.0,0.0,0.0,0.0,0.0,0.0,0.0,2025-12-11T21:41:33Z,202-9188248-1867506
203-0247308-9057105,GBP,0.0,0.0,0.0,0.0,0.0,0.0,0.0,0.0,0.0,0.0,0.0,0.0,0.0,0.0,2025-12-11T22:36:26Z,203-0247308-9057105
203-0908282-3036315,GBP,0.0,0.0,0.0,0.0,0.0,0.0,0.0,0.0,0.0,0.0,0.0,0.0,0.0,0.0,2025-12-11T20:55:23Z,203-0908282-3036315
203-2063903-5917145,GBP,0.0,0.0,0.0,0.0,0.0,0.0,0.0,0.0,0.0,0.0,0.0,0.0,0.0,0.0,2025-12-11T20:49:50Z,203-2063903-5917145
203-2461262-9556335,GBP,0.0,0.0,0.0,0.0,0.0,0.0,0.0,0.0,0.0,0.0,0.0,0.0,0.0,0.0,2025-12-11T21:16:31Z,203-2461262-9556335
203-2546646-9464316,GBP,0.0,0.0,0.0,0.0,0.0,0.0,0.0,0.0,0.0,0.0,0.0,0.0,0.0,0.0,2025-12-11T22:26:07Z,203-2546646-9464316
203-3114135-9043502,GBP,0.0,0.0,0.0,0.0,0.0,0.0,0.0,0.0,0.0,0.0,0.0,0.0,0.0,0.0,2025-12-11T22:45:12Z,203-3114135-9043502
203-3895894-8021919,GBP,0.0,0.0,0.0,0.0,0.0,0.0,0.0,0.0,0.0,0.0,0.0,0.0,0.0,0.0,2025-12-11T23:30:45Z,203-3895894-8021919
203-4044717-7224310,GBP,0.0,0.0,0.0,0.0,0.0,0.0,0.0,0.0,0.0,0.0,0.0,0.0,0.0,0.0,2025-12-11T23:34:24Z,203-4044717-7224310
203-6167444-0514717,GBP,0.0,0.0,0.0,0.0,0.0,0.0,0.0,0.0,0.0,0.0,0.0,0.0,0.0,0.0,2025-12-11T19:39:43Z,203-6167444-0514717
203-6174693-3951546,GBP,0.0,0.0,0.0,0.0,0.0,0.0,0.0,0.0,0.0,0.0,0.0,0.0,0.0,0.0,2025-12-11T23:20:15Z,203-6174693-3951546
203-8478030-9240324,GBP,0.0,0.0,0.0,0.0,0.0,0.0,0.0,0.0,0.0,0.0,0.0,0.0,0.0,0.0,2025-12-11T21:17:20Z,203-8478030-9240324
203-9455319-9937952,GBP,0.0,0.0,0.0,0.0,0.0,0.0,0.0,0.0,0.0,0.0,0.0,0.0,0.0,0.0,2025-12-11T20:15:24Z,203-9455319-9937952
204-0111325-7577168,GBP,0.0,0.0,0.0,0.0,0.0,0.0,0.0,0.0,0.0,0.0,0.0,0.0,0.0,0.0,2025-12-11T23:30:02Z,204-0111325-7577168
204-0180603-3801963,GBP,0.0,0.0,0.0,0.0,0.0,0.0,0.0,0.0,0.0,0.0,0.0,0.0,0.0,0.0,2025-12-11T23:47:29Z,204-0180603-3801963
204-1155284-6733958,GBP,0.0,0.0,0.0,0.0,0.0,0.0,0.0,0.0,0.0,0.0,0.0,0.0,0.0,0.0,2025-12-11T21:11:15Z,204-1155284-6733958
204-1802328-6509910,GBP,0.0,0.0,0.0,0.0,0.0,0.0,0.0,0.0,0.0,0.0,0.0,0.0,0.0,0.0,2025-12-11T23:09:05Z,204-1802328-6509910
204-1810084-2885155,GBP,0.0,0.0,0.0,0.0,0.0,0.0,0.0,0.0,0.0,0.0,0.0,0.0,0.0,0.0,2025-12-11T21:42:24Z,204-1810084-2885155
204-2180773-1373911,GBP,0.0,0.0,0.0,0.0,0.0,0.0,0.0,0.0,0.0,0.0,0.0,0.0,0.0,0.0,2025-12-11T20:24:18Z,204-2180773-1373911
204-2788090-8973166,GBP,0.0,0.0,0.0,0.0,0.0,0.0,0.0,0.0,0.0,0.0,0.0,0.0,0.0,0.0,2025-12-11T21:12:26Z,204-2788090-8973166
204-4769572-6853931,GBP,0.0,0.0,0.0,0.0,0.0,0.0,0.0,0.0,0.0,0.0,0.0,0.0,0.0,0.0,2025-12-11T20:53:27Z,204-4769572-6853931
204-6225192-3648323,GBP,0.0,0.0,0.0,0.0,0.0,0.0,0.0,0.0,0.0,0.0,0.0,0.0,0.0,0.0,2025-12-11T20:39:15Z,204-6225192-3648323
204-6610466-6558758,GBP,0.0,0.0,0.0,0.0,0.0,0.0,0.0,0.0,0.0,0.0,0.0,0.0,0.0,0.0,2025-12-11T17:49:59Z,204-6610466-6558758
204-7439460-8865114,GBP,0.0,0.0,0.0,0.0,0.0,0.0,0.0,0.0,0.0,0.0,0.0,0.0,0.0,0.0,2025-12-11T21:45:07Z,204-7439460-8865114
204-7714344-0925927,GBP,0.0,0.0,0.0,0.0,0.0,0.0,0.0,0.0,0.0,0.0,0.0,0.0,0.0,0.0,2025-12-12T00:05:17Z,204-7714344-0925927
204-8102398-9167514,GBP,0.0,0.0,0.0,0.0,0.0,0.0,0.0,0.0,0.0,0.0,0.0,0.0,0.0,0.0,2025-12-11T18:06:13Z,204-8102398-9167514
204-9527013-2383559,GBP,0.0,0.0,0.0,0.0,0.0,0.0,0.0,0.0,0.0,0.0,0.0,0.0,0.0,0.0,2025-12-11T22:05:02Z,204-9527013-2383559
204-9669182-0199546,GBP,0.0,0.0,0.0,0.0,0.0,0.0,0.0,0.0,0.0,0.0,0.0,0.0,0.0,0.0,2025-12-11T23:54:52Z,204-9669182-0199546
204-9862317-2637123,GBP,0.0,0.0,0.0,0.0,0.0,0.0,0.0,0.0,0.0,0.0,0.0,0.0,0.0,0.0,2025-12-11T23:01:37Z,204-9862317-2637123
205-0422561-1629116,GBP,0.0,0.0,0.0,0.0,0.0,0.0,0.0,0.0,0.0,0.0,0.0,0.0,0.0,0.0,2025-12-11T22:59:04Z,205-0422561-1629116
205-1311985-5770768,GBP,0.0,0.0,0.0,0.0,0.0,0.0,0.0,0.0,0.0,0.0,0.0,0.0,0.0,0.0,2025-12-11T18:58:08Z,205-1311985-5770768
205-1665410-1035522,GBP,0.0,0.0,0.0,0.0,0.0,0.0,0.0,0.0,0.0,0.0,0.0,0.0,0.0,0.0,2025-12-12T00:03:01Z,205-1665410-1035522
205-2117088-7647520,GBP,0.0,0.0,0.0,0.0,0.0,0.0,0.0,0.0,0.0,0.0,0.0,0.0,0.0,0.0,2025-12-11T22:48:10Z,205-2117088-7647520
205-2477073-9541127,GBP,0.0,0.0,0.0,0.0,0.0,0.0,0.0,0.0,0.0,0.0,0.0,0.0,0.0,0.0,2025-12-11T18:11:21Z,205-2477073-9541127
205-3568786-3434743,GBP,0.0,0.0,0.0,0.0,0.0,0.0,0.0,0.0,0.0,0.0,0.0,0.0,0.0,0.0,2025-12-11T23:03:53Z,205-3568786-3434743
205-3686984-7489152,GBP,0.0,0.0,0.0,0.0,0.0,0.0,0.0,0.0,0.0,0.0,0.0,0.0,0.0,0.0,2025-12-11T20:50:04Z,205-3686984-7489152
205-4521401-6401160,GBP,0.0,0.0,0.0,0.0,0.0,0.0,0.0,0.0,0.0,0.0,0.0,0.0,0.0,0.0,2025-12-11T22:53:14Z,205-4521401-6401160
205-4649788-2813104,GBP,0.0,0.0,0.0,0.0,0.0,0.0,0.0,0.0,0.0,0.0,0.0,0.0,0.0,0.0,2025-12-11T20:58:12Z,205-4649788-2813104
205-5100330-6618711,GBP,0.0,0.0,0.0,0.0,0.0,0.0,0.0,0.0,0.0,0.0,0.0,0.0,0.0,0.0,2025-12-12T00:03:04Z,205-5100330-6618711
205-5314536-3301130,GBP,0.0,0.0,0.0,0.0,0.0,0.0,0.0,0.0,0.0,0.0,0.0,0.0,0.0,0.0,2025-12-11T19:18:58Z,205-5314536-3301130
205-6329509-4507567,GBP,0.0,0.0,0.0,0.0,0.0,0.0,0.0,0.0,0.0,0.0,0.0,0.0,0.0,0.0,2025-12-11T17:19:41Z,205-6329509-4507567
205-6634263-3422766,GBP,0.0,0.0,0.0,0.0,0.0,0.0,0.0,0.0,0.0,0.0,0.0,0.0,0.0,0.0,2025-12-11T21:28:38Z,205-6634263-3422766
205-7304286-1218753,GBP,0.0,0.0,0.0,0.0,0.0,0.0,0.0,0.0,0.0,0.0,0.0,0.0,0.0,0.0,2025-12-11T21:21:59Z,205-7304286-1218753
205-7500310-4675501,GBP,0.0,0.0,0.0,0.0,0.0,0.0,0.0,0.0,0.0,0.0,0.0,0.0,0.0,0.0,2025-12-11T23:09:49Z,205-7500310-4675501
205-8986897-1306746,GBP,0.0,0.0,0.0,0.0,0.0,0.0,0.0,0.0,0.0,0.0,0.0,0.0,0.0,0.0,2025-12-11T22:38:49Z,205-8986897-1306746
205-9007194-7276361,GBP,0.0,0.0,0.0,0.0,0.0,0.0,0.0,0.0,0.0,0.0,0.0,0.0,0.0,0.0,2025-12-11T21:59:18Z,205-9007194-7276361
205-9953143-2785900,GBP,0.0,0.0,0.0,0.0,0.0,0.0,0.0,0.0,0.0,0.0,0.0,0.0,0.0,0.0,2025-12-11T21:21:47Z,205-9953143-2785900
205-9993541-4183546,GBP,0.0,0.0,0.0,0.0,0.0,0.0,0.0,0.0,0.0,0.0,0.0,0.0,0.0,0.0,2025-12-11T22:08:45Z,205-9993541-4183546
206-0115166-7262732,GBP,0.0,0.0,0.0,0.0,0.0,0.0,0.0,0.0,0.0,0.0,0.0,0.0,0.0,0.0,2025-12-11T21:42:17Z,206-0115166-7262732
206-0164904-4909121,GBP,0.0,0.0,0.0,0.0,0.0,0.0,0.0,0.0,0.0,0.0,0.0,0.0,0.0,0.0,2025-12-11T19:38:13Z,206-0164904-4909121
206-0728841-6683505,GBP,0.0,0.0,0.0,0.0,0.0,0.0,0.0,0.0,0.0,0.0,0.0,0.0,0.0,0.0,2025-12-11T18:22:55Z,206-0728841-6683505
206-0898298-1990760,GBP,0.0,0.0,0.0,0.0,0.0,0.0,0.0,0.0,0.0,0.0,0.0,0.0,0.0,0.0,2025-12-11T20:51:34Z,206-0898298-1990760
206-1002969-4483539,GBP,0.0,0.0,0.0,0.0,0.0,0.0,0.0,0.0,0.0,0.0,0.0,0.0,0.0,0.0,2025-12-11T20:28:31Z,206-1002969-4483539
206-1572651-1869127,GBP,0.0,0.0,0.0,0.0,0.0,0.0,0.0,0.0,0.0,0.0,0.0,0.0,0.0,0.0,2025-12-11T21:49:41Z,206-1572651-1869127
206-3859445-9816358,GBP,0.0,0.0,0.0,0.0,0.0,0.0,0.0,0.0,0.0,0.0,0.0,0.0,0.0,0.0,2025-12-11T21:55:50Z,206-3859445-9816358
206-3930634-3321166,GBP,0.0,0.0,0.0,0.0,0.0,0.0,0.0,0.0,0.0,0.0,0.0,0.0,0.0,0.0,2025-12-11T23:29:42Z,206-3930634-3321166
206-5349874-1345962,GBP,0.0,0.0,0.0,0.0,0.0,0.0,0.0,0.0,0.0,0.0,0.0,0.0,0.0,0.0,2025-12-11T22:48:01Z,206-5349874-1345962
206-6495575-7264344,GBP,0.0,0.0,0.0,0.0,0.0,0.0,0.0,0.0,0.0,0.0,0.0,0.0,0.0,0.0,2025-12-11T20:39:40Z,206-6495575-7264344
206-6553061-4257946,GBP,0.0,0.0,0.0,0.0,0.0,0.0,0.0,0.0,0.0,0.0,0.0,0.0,0.0,0.0,2025-12-12T10:07:58Z,206-6553061-4257946
206-6654663-9578711,GBP,0.0,0.0,0.0,0.0,0.0,0.0,0.0,0.0,0.0,0.0,0.0,0.0,0.0,0.0,2025-12-11T17:29:07Z,206-6654663-9578711
206-6913480-7480319,GBP,0.0,0.0,0.0,0.0,0.0,0.0,0.0,0.0,0.0,0.0,0.0,0.0,0.0,0.0,2025-12-11T17:49:20Z,206-6913480-7480319
206-7870969-4115527,GBP,0.0,0.0,0.0,0.0,0.0,0.0,0.0,0.0,0.0,0.0,0.0,0.0,0.0,0.0,2025-12-11T23:33:08Z,206-7870969-4115527
206-8414668-9105905,GBP,0.0,0.0,0.0,0.0,0.0,0.0,0.0,0.0,0.0,0.0,0.0,0.0,0.0,0.0,2025-12-11T22:31:46Z,206-8414668-9105905
206-9793503-8724348,GBP,0.0,0.0,0.0,0.0,0.0,0.0,0.0,0.0,0.0,0.0,0.0,0.0,0.0,0.0,2025-12-12T10:24:55Z,206-9793503-8724348
