posted_date,transaction_type,amount_type,is_fee,amount,currency,tax_amount,tax_currency,order_id,shipment_id,inbound_shipment_id,fee_reason,fee_description,parsed_fba_shipment_id,date,date_source
,ServiceFee,FBAStorageFee,True,-0.52,GBP,,,,,,,,,2026-06-10,estimated
,ServiceFee,FBAStorageFee,True,-2.76,GBP,,,,,,,,,2026-06-10,estimated
,ServiceFee,FBAStorageFee,True,-0.54,GBP,,,,,,,,,2026-06-10,estimated
,ServiceFee,FBAStorageFee,True,-0.04,GBP,,,,,,,,,2026-06-10,estimated
,ServiceFee,FBAStorageFee,True,-0.51,GBP,,,,,,,,,2026-06-10,estimated
,ServiceFee,FBAStorageFee,True,-0.1,GBP,,,,,,,,,2026-06-10,estimated
,ServiceFee,FBAStorageFee,True,-0.93,GBP,,,,,,,,,2026-06-10,estimated
,ServiceFee,FBAStorageFee,True,-5.7,GBP,,,,,,,,,2026-06-10,estimated
,ServiceFee,FBAStorageFee,True,-0.05,GBP,,,,,,,,,2026-06-10,estimated
,ServiceFee,FBAStorageFee,True,-11.58,GBP,,,,,,,,,2026-06-10,estimated
,ServiceFee,FBAStorageFee,True,-0.18,GBP,,,,,,,,,2026-06-10,estimated
,ServiceFee,FBAStorageFee,True,-0.01,GBP,,,,,,,,,2026-06-10,estimated
,ServiceFee,FBAStorageFee,True,-3.21,GBP,,,,,,,,,2026-06-10,estimated
,ServiceFee,FBAStorageFee,True,-6.9,GBP,,,,,,,,,2026-06-10,estimated
,ServiceFee,FBAStorageFee,True,-4.64,GBP,,,,,,,,,2026-06-10,estimated
,ServiceFee,FBAStorageFee,True,-0.28,GBP,,,,,,,,,2026-06-10,estimated
,ServiceFee,FBAStorageFee,True,0.0,GBP,,,,,,,,,2026-06-10,estimated
,ServiceFee,FBAStorageFee,True,-0.91,GBP,,,,,,,,,2026-06-10,estimated
,ServiceFee,FBAStorageFee,True,-0.06,GBP,,,,,,,,,2026-06-10,estimated
,ServiceFee,FBAStorageFee,True,-0.74,GBP,,,,,,,,,2026-06-10,estimated
,ServiceFee,FBAStorageFee,True,-8.56,GBP,,,,,,,,,2026-06-10,estimated
,ServiceFee,FBAStorageFee,True,-0.03,GBP,,,,,,,,,2026-06-10,estimated
,ServiceFee,FBAStorageFee,True,-8.67,GBP,,,,,,,,,2026-06-10,estimated
,ServiceFee,FBAStorageFee,True,-0.81,GBP,,,,,,,,,2026-06-10,estimated
,ServiceFee,FBAStorageFee,True,-0.42,GBP,,,,,,,,,2026-06-10,estimated
,ServiceFee,FBAStorageFee,True,-0.02,GBP,,,,,,,,,2026-06-10,estimated
,ServiceFee,FBAStorageFee,True,-1.15,GBP,,,,,,,,,2026-06-10,estimated
,ServiceFee,FBAStorageFee,True,-0.08,GBP,,,,,,,,,2026-06-10,estimated
,ServiceFee,FBAStorageFee,True,-1.85,GBP,,,,,,,,,2026-06-10,estimated
,ServiceFee,FBAStorageFee,True,-0.07,GBP,,,,,,,,,2026-06-10,estimated
,ServiceFee,FBAStorageFee,True,-8.15,GBP,,,,,,,,,2026-06-10,estimated
,ServiceFee,FBAStorageFee,True,-0.21,GBP,,,,,,,,,2026-06-10,estimated
,ServiceFee,FBAStorageFee,True,-4.51,GBP,,,,,,,,,2026-06-10,estimated
,ServiceFee,FBAStorageFee,True,-0.12,GBP,,,,,,,,,2026-06-10,estimated
,ServiceFee,FBAStorageFee,True,-4.49,GBP,,,,,,,,,2026-06-10,estimated
,ServiceFee,FBAStorageFee,True,-6.33,GBP,,,,,,,,,2026-06-10,estimated
,ServiceFee,FBAStorageFee,True,-1.02,GBP,,,,,,,,,2026-06-10,estimated
,ServiceFee,FBAStorageFee,True,-3.97,GBP,,,,,,,,,2026-06-10,estimated
,ServiceFee,FBAStorageFee,True,-1.78,GBP,,,,,,,,,2026-06-10,estimated
,ServiceFee,FBAStorageFee,True,-1.48,GBP,,,,,,,,,2026-06-10,estimated
,ServiceFee,FBAStorageFee,True,-0.09,GBP,,,,,,,,,2026-06-10,estimated
,ServiceFee,FBAStorageFee,True,-1.37,GBP,,,,,,,,,2026-06-10,estimated
,ServiceFee,FBAStorageFee,True,-0.89,GBP,,,,,,,,,2026-06-10,estimated
,ServiceFee,FBAStorageFee,True,-3.14,GBP,,,,,,,,,2026-06-10,estimated
,ServiceFee,FBAStorageFee,True,-4.97,GBP,,,,,,,,,2026-06-10,estimated
,ServiceFee,FBAStorageFee,True,-4.12,GBP,,,,,,,,,2026-06-10,estimated
,ServiceFee,FBAStorageFee,True,-0.11,GBP,,,,,,,,,2026-06-10,estimated
,ServiceFee,FBAStorageFee,True,-13.05,GBP,,,,,,,,,2026-06-10,estimated
,ServiceFee,FBAStorageFee,True,-0.25,GBP,,,,,,,,,2026-06-10,estimated
,ServiceFee,FBAStorageFee,True,-0.56,GBP,,,,,,,,,2026-06-10,estimated
,ServiceFee,FBAStorageFee,True,-9.27,GBP,,,,,,,,,2026-06-10,estimated
,ServiceFee,FBAStorageFee,True,-2.4,GBP,,,,,,,,,2026-06-10,estimated
,ServiceFee,FBAStorageFee,True,0.0,EUR,,,,,,,,,2026-06-10,estimated
,ServiceFee,FBAStorageFee,True,-0.05,EUR,,,,,,,,,2026-06-10,estimated
,ServiceFee,FBAStorageFee,True,-0.02,EUR,,,,,,,,,2026-06-10,estimated
,ServiceFee,FBALongTermStorageFee,True,-0.11,GBP,,,,,,,,,2026-06-10,estimated
,ServiceFee,FBALongTermStorageFee,True,-9.11,GBP,,,,,,,,,2026-06-10,estimated
,ServiceFee,FBALongTermStorageFee,True,-0.22,GBP,,,,,,,,,2026-06-10,estimated
,ServiceFee,FBALongTermStorageFee,True,-0.53,GBP,,,,,,,,,2026-06-10,estimated
,ServiceFee,FBALongTermStorageFee,True,-0.06,GBP,,,,,,,,,2026-06-10,estimated
,ServiceFee,FBALongTermStorageFee,True,-0.03,GBP,,,,,,,,,2026-06-10,estimated
,ServiceFee,FBALongTermStorageFee,True,-0.02,GBP,,,,,,,,,2026-06-10,estimated
,ServiceFee,FBALongTermStorageFee,True,-0.52,GBP,,,,,,,,,2026-06-10,estimated
,ServiceFee,FBALongTermStorageFee,True,-0.17,GBP,,,,,,,,,2026-06-10,estimated
,ServiceFee,FBALongTermStorageFee,True,-0.21,GBP,,,,,,,,,2026-06-10,estimated
,ServiceFee,FBALongTermStorageFee,True,-0.47,GBP,,,,,,,,,2026-06-10,estimated
,ServiceFee,FBALongTermStorageFee,True,-0.01,GBP,,,,,,,,,2026-06-10,estimated
,ServiceFee,FBALongTermStorageFee,True,-2.11,GBP,,,,,,,,,2026-06-10,estimated
,ServiceFee,FBALongTermStorageFee,True,-0.46,GBP,,,,,,,,,2026-06-10,estimated
,ServiceFee,FBALongTermStorageFee,True,-0.13,GBP,,,,,,,,,2026-06-10,estimated
,ServiceFee,FBALongTermStorageFee,True,-0.09,GBP,,,,,,,,,2026-06-10,estimated
,ServiceFee,FBALongTermStorageFee,True,-0.14,GBP,,,,,,,,,2026-06-10,estimated
,ServiceFee,FBALongTermStorageFee,True,-0.04,GBP,,,,,,,,,2026-06-10,estimated
,ServiceFee,FBALongTermStorageFee,True,-0.15,GBP,,,,,,,,,2026-06-10,estimated
,ServiceFee,FBALongTermStorageFee,True,-0.05,GBP,,,,,,,,,2026-06-10,estimated
,ServiceFee,FBALongTermStorageFee,True,-0.1,GBP,,,,,,,,,2026-06-10,estimated
,ServiceFee,FBALongTermStorageFee,True,-0.42,GBP,,,,,,,,,2026-06-10,estimated
,ServiceFee,FBALongTermStorageFee,True,-0.76,GBP,,,,,,,,,2026-06-10,estimated
,ServiceFee,FBALongTermStorageFee,True,-0.05,EUR,,,,,,,,,2026-06-10,estimated
,ServiceFee,FBALongTermStorageFee,True,-0.07,EUR,,,,,,,,,2026-06-10,estimated
,ServiceFee,FBALongTermStorageFee,True,0.0,EUR,,,,,,,,,2026-06-10,estimated
,ServiceFee,FBAStorageFee,True,-3.18,GBP,,,,,,,,,2026-06-10,estimated
,ServiceFee,FBAStorageFee,True,-5.35,GBP,,,,,,,,,2026-06-10,estimated
,ServiceFee,FBAStorageFee,True,-0.83,GBP,,,,,,,,,2026-06-10,estimated
,ServiceFee,FBAStorageFee,True,-0.2,GBP,,,,,,,,,2026-06-10,estimated
,ServiceFee,FBAStorageFee,True,-1.19,GBP,,,,,,,,,2026-06-10,estimated
,ServiceFee,FBAStorageFee,True,-2.39,GBP,,,,,,,,,2026-06-10,estimated
,ServiceFee,FBAStorageFee,True,-4.76,GBP,,,,,,,,,2026-06-10,estimated
,ServiceFee,FBAStorageFee,True,-9.66,GBP,,,,,,,,,2026-06-10,estimated
,ServiceFee,FBAStorageFee,True,-3.08,GBP,,,,,,,,,2026-06-10,estimated
,ServiceFee,FBAStorageFee,True,-0.27,GBP,,,,,,,,,2026-06-10,estimated
,ServiceFee,FBAStorageFee,True,-9.09,GBP,,,,,,,,,2026-06-10,estimated
,ServiceFee,FBAStorageFee,True,-0.24,GBP,,,,,,,,,2026-06-10,estimated
,ServiceFee,FBAStorageFee,True,-6.07,GBP,,,,,,,,,2026-06-10,estimated
,ServiceFee,FBAStorageFee,True,-0.15,GBP,,,,,,,,,2026-06-10,estimated
,ServiceFee,FBAStorageFee,True,-0.64,GBP,,,,,,,,,2026-06-10,estimated
,ServiceFee,FBAStorageFee,True,-1.0,GBP,,,,,,,,,2026-06-10,estimated
,ServiceFee,FBAStorageFee,True,-5.46,GBP,,,,,,,,,2026-06-10,estimated
,ServiceFee,FBAStorageFee,True,-8.89,GBP,,,,,,,,,2026-06-10,estimated
,ServiceFee,FBAStorageFee,True,-0.14,GBP,,,,,,,,,2026-06-10,estimated
,ServiceFee,FBAStorageFee,True,-0.23,GBP,,,,,,,,,2026-06-10,estimated
,ServiceFee,FBAStorageFee,True,-8.83,GBP,,,,,,,,,2026-06-10,estimated
,ServiceFee,FBAStorageFee,True,-0.79,GBP,,,,,,,,,2026-06-10,estimated
,ServiceFee,FBAStorageFee,True,-0.3,GBP,,,,,,,,,2026-06-10,estimated
,ServiceFee,FBAStorageFee,True,-1.7,GBP,,,,,,,,,2026-06-10,estimated
,ServiceFee,FBAStorageFee,True,-7.02,GBP,,,,,,,,,2026-06-10,estimated
,ServiceFee,FBAStorageFee,True,-5.44,GBP,,,,,,,,,2026-06-10,estimated
,ServiceFee,FBAStorageFee,True,-8.4,GBP,,,,,,,,,2026-06-10,estimated
,ServiceFee,FBAStorageFee,True,-4.42,GBP,,,,,,,,,2026-06-10,estimated
,ServiceFee,FBAStorageFee,True,-1.1,GBP,,,,,,,,,2026-06-10,estimated
,ServiceFee,FBAStorageFee,True,-0.44,GBP,,,,,,,,,2026-06-10,estimated
,ServiceFee,FBAStorageFee,True,-3.65,GBP,,,,,,,,,2026-06-10,estimated
,ServiceFee,FBAStorageFee,True,-1.74,GBP,,,,,,,,,2026-06-10,estimated
,ServiceFee,FBAStorageFee,True,-1.24,GBP,,,,,,,,,2026-06-10,estimated
,ServiceFee,FBAStorageFee,True,-1.01,GBP,,,,,,,,,2026-06-10,estimated
,ServiceFee,FBAStorageFee,True,-2.53,GBP,,,,,,,,,2026-06-10,estimated
,ServiceFee,FBAStorageFee,True,-4.29,GBP,,,,,,,,,2026-06-10,estimated
,ServiceFee,FBAStorageFee,True,-3.78,GBP,,,,,,,,,2026-06-10,estimated
,ServiceFee,FBAStorageFee,True,-0.84,GBP,,,,,,,,,2026-06-10,estimated
,ServiceFee,FBAStorageFee,True,-13.7,GBP,,,,,,,,,2026-06-10,estimated
,ServiceFee,FBAStorageFee,True,-0.96,GBP,,,,,,,,,2026-06-10,estimated
,ServiceFee,FBAStorageFee,True,-7.27,GBP,,,,,,,,,2026-06-10,estimated
,ServiceFee,FBAStorageFee,True,-0.69,GBP,,,,,,,,,2026-06-10,estimated
,ServiceFee,FBAStorageFee,True,-2.36,GBP,,,,,,,,,2026-06-10,estimated
,ServiceFee,FBALongTermStorageFee,True,-0.28,GBP,,,,,,,,,2026-06-10,estimated
,ServiceFee,FBALongTermStorageFee,True,-0.12,GBP,,,,,,,,,2026-06-10,estimated
,ServiceFee,FBALongTermStorageFee,True,-0.6,GBP,,,,,,,,,2026-06-10,estimated
,ServiceFee,FBALongTermStorageFee,True,-0.43,GBP,,,,,,,,,2026-06-10,estimated
,ServiceFee,FBALongTermStorageFee,True,-0.98,GBP,,,,,,,,,2026-06-10,estimated
,ServiceFee,FBALongTermStorageFee,True,-0.25,GBP,,,,,,,,,2026-06-10,estimated
,ServiceFee,FBALongTermStorageFee,True,-0.34,GBP,,,,,,,,,2026-06-10,estimated
,ServiceFee,FBALongTermStorageFee,True,-0.33,GBP,,,,,,,,,2026-06-10,estimated
,ServiceFee,FBALongTermStorageFee,True,-0.07,GBP,,,,,,,,,2026-06-10,estimated
,ServiceFee,FBALongTermStorageFee,True,-0.31,GBP,,,,,,,,,2026-06-10,estimated
,ServiceFee,FBALongTermStorageFee,True,-0.27,GBP,,,,,,,,,2026-06-10,estimated
,ServiceFee,FBALongTermStorageFee,True,0.0,GBP,,,,,,,,,2026-06-10,estimated
,ServiceFee,FBALongTermStorageFee,True,-1.34,GBP,,,,,,,,,2026-06-10,estimated
,ServiceFee,FBALongTermStorageFee,True,-0.12,EUR,,,,,,,,,2026-06-10,estimated
,ServiceFee,FBALongTermStorageFee,True,-0.08,EUR,,,,,,,,,2026-06-10,estimated
,ServiceFee,FBALongTermStorageFee,True,-0.01,EUR,,,,,,,,,2026-06-10,estimated
,ServiceFee,FBAStorageFee,True,-7.36,GBP,,,,,,,,,2026-06-10,estimated
,ServiceFee,FBAStorageFee,True,-2.26,GBP,,,,,,,,,2026-06-10,estimated
,ServiceFee,FBAStorageFee,True,-6.56,GBP,,,,,,,,,2026-06-10,estimated
,ServiceFee,FBAStorageFee,True,-2.33,GBP,,,,,,,,,2026-06-10,estimated
,ServiceFee,FBAStorageFee,True,-3.51,GBP,,,,,,,,,2026-06-10,estimated
,ServiceFee,FBAStorageFee,True,-0.31,GBP,,,,,,,,,2026-06-10,estimated
,ServiceFee,FBAStorageFee,True,-4.58,GBP,,,,,,,,,2026-06-10,estimated
,ServiceFee,FBAStorageFee,True,-0.75,GBP,,,,,,,,,2026-06-10,estimated
,ServiceFee,FBAStorageFee,True,-0.85,GBP,,,,,,,,,2026-06-10,estimated
,ServiceFee,FBAStorageFee,True,-3.82,GBP,,,,,,,,,2026-06-10,estimated
,ServiceFee,FBAStorageFee,True,-4.39,GBP,,,,,,,,,2026-06-10,estimated
,ServiceFee,FBAStorageFee,True,-6.4,GBP,,,,,,,,,2026-06-10,estimated
,ServiceFee,FBAStorageFee,True,-0.71,GBP,,,,,,,,,2026-06-10,estimated
,ServiceFee,FBAStorageFee,True,-0.37,GBP,,,,,,,,,2026-06-10,estimated
,ServiceFee,FBAStorageFee,True,-7.2,GBP,,,,,,,,,2026-06-10,estimated
,ServiceFee,FBAStorageFee,True,-0.13,GBP,,,,,,,,,2026-06-10,estimated
,ServiceFee,FBAStorageFee,True,-5.16,GBP,,,,,,,,,2026-06-10,estimated
,ServiceFee,FBAStorageFee,True,-1.2,GBP,,,,,,,,,2026-06-10,estimated
,ServiceFee,FBAStorageFee,True,-0.4,GBP,,,,,,,,,2026-06-10,estimated
,ServiceFee,FBAStorageFee,True,-2.38,GBP,,,,,,,,,2026-06-10,estimated
,ServiceFee,FBAStorageFee,True,-1.75,GBP,,,,,,,,,2026-06-10,estimated
,ServiceFee,FBAStorageFee,True,-2.43,GBP,,,,,,,,,2026-06-10,estimated
,ServiceFee,FBAStorageFee,True,-3.49,GBP,,,,,,,,,2026-06-10,estimated
,ServiceFee,FBAStorageFee,True,-1.39,GBP,,,,,,,,,2026-06-10,estimated
,ServiceFee,FBAStorageFee,True,-12.17,GBP,,,,,,,,,2026-06-10,estimated
,ServiceFee,FBAStorageFee,True,-2.19,GBP,,,,,,,,,2026-06-10,estimated
,ServiceFee,FBAStorageFee,True,-2.75,GBP,,,,,,,,,2026-06-10,estimated
,ServiceFee,FBAStorageFee,True,-6.1,GBP,,,,,,,,,2026-06-10,estimated
,ServiceFee,FBAStorageFee,True,-0.46,GBP,,,,,,,,,2026-06-10,estimated
,ServiceFee,FBALongTermStorageFee,True,-0.09,EUR,,,,,,,,,2026-06-10,estimated
,ServiceFee,FBALongTermStorageFee,True,-0.63,GBP,,,,,,,,,2026-06-10,estimated
,ServiceFee,FBALongTermStorageFee,True,-1.48,GBP,,,,,,,,,2026-06-10,estimated
,ServiceFee,FBALongTermStorageFee,True,-0.26,GBP,,,,,,,,,2026-06-10,estimated
,ServiceFee,FBALongTermStorageFee,True,-0.61,GBP,,,,,,,,,2026-06-10,estimated
,ServiceFee,FBALongTermStorageFee,True,-0.08,GBP,,,,,,,,,2026-06-10,estimated
,ServiceFee,FBALongTermStorageFee,True,-0.81,GBP,,,,,,,,,2026-06-10,estimated
,ServiceFee,FBALongTermStorageFee,True,-0.55,GBP,,,,,,,,,2026-06-10,estimated
,ServiceFee,FBALongTermStorageFee,True,-0.86,GBP,,,,,,,,,2026-06-10,estimated
,ServiceFee,FBALongTermStorageFee,True,-0.16,GBP,,,,,,,,,2026-06-10,estimated
,ServiceFee,FBALongTermStorageFee,True,-0.83,GBP,,,,,,,,,2026-06-10,estimated
,ServiceFee,FBALongTermStorageFee,True,-0.19,GBP,,,,,,,,,2026-06-10,estimated
,ServiceFee,FBALongTermStorageFee,True,-0.64,GBP,,,,,,,,,2026-06-10,estimated
,ServiceFee,FBALongTermStorageFee,True,-0.69,GBP,,,,,,,,,2026-06-10,estimated
,ServiceFee,FBALongTermStorageFee,True,-0.35,GBP,,,,,,,,,2026-06-10,estimated
,ServiceFee,FBALongTermStorageFee,True,-0.45,GBP,,,,,,,,,2026-06-10,estimated
,ServiceFee,FBALongTermStorageFee,True,-0.65,GBP,,,,,,,,,2026-06-10,estimated
,ServiceFee,FBALongTermStorageFee,True,-0.32,GBP,,,,,,,,,2026-06-10,estimated
,ServiceFee,FBALongTermStorageFee,True,-1.3,GBP,,,,,,,,,2026-06-10,estimated
,ServiceFee,FBALongTermStorageFee,True,-0.88,GBP,,,,,,,,,2026-06-10,estimated
,ServiceFee,FBALongTermStorageFee,True,-0.18,GBP,,,,,,,,,2026-06-10,estimated
,ServiceFee,FBALongTermStorageFee,True,-0.38,GBP,,,,,,,,,2026-06-10,estimated
,ServiceFee,FBALongTermStorageFee,True,-1.09,GBP,,,,,,,,,2026-06-10,estimated
,ServiceFee,FBAStorageFee,True,-1.59,GBP,,,,,,,,,2026-06-10,estimated
,ServiceFee,FBAStorageFee,True,-2.28,GBP,,,,,,,,,2026-06-10,estimated
,ServiceFee,FBAStorageFee,True,-0.16,GBP,,,,,,,,,2026-06-10,estimated
,ServiceFee,FBAStorageFee,True,-1.51,GBP,,,,,,,,,2026-06-10,estimated
,ServiceFee,FBAStorageFee,True,-0.99,GBP,,,,,,,,,2026-06-10,estimated
,ServiceFee,FBAStorageFee,True,-3.67,GBP,,,,,,,,,2026-06-10,estimated
,ServiceFee,FBAStorageFee,True,-0.87,GBP,,,,,,,,,2026-06-10,estimated
,ServiceFee,FBAStorageFee,True,-0.17,GBP,,,,,,,,,2026-06-10,estimated
,ServiceFee,FBAStorageFee,True,-1.21,GBP,,,,,,,,,2026-06-10,estimated
,ServiceFee,FBAStorageFee,True,-1.14,GBP,,,,,,,,,2026-06-10,estimated
,ServiceFee,FBAStorageFee,True,-1.47,GBP,,,,,,,,,2026-06-10,estimated
,ServiceFee,FBAStorageFee,True,-1.86,GBP,,,,,,,,,2026-06-10,estimated
,ServiceFee,FBAStorageFee,True,-0.19,GBP,,,,,,,,,2026-06-10,estimated
,ServiceFee,FBAStorageFee,True,-2.7,GBP,,,,,,,,,2026-06-10,estimated
,ServiceFee,FBAStorageFee,True,-3.71,GBP,,,,,,,,,2026-06-10,estimated
,ServiceFee,FBAStorageFee,True,-1.99,GBP,,,,,,,,,2026-06-10,estimated
,ServiceFee,FBAStorageFee,True,-3.22,GBP,,,,,,,,,2026-06-10,estimated
,ServiceFee,FBAStorageFee,True,-1.77,GBP,,,,,,,,,2026-06-10,estimated
,ServiceFee,FBAStorageFee,True,-0.78,GBP,,,,,,,,,2026-06-10,estimated
,ServiceFee,FBAStorageFee,True,-0.9,GBP,,,,,,,,,2026-06-10,estimated
,ServiceFee,FBAStorageFee,True,-0.67,GBP,,,,,,,,,2026-06-10,estimated
,ServiceFee,FBAStorageFee,True,-2.02,GBP,,,,,,,,,2026-06-10,estimated
,ServiceFee,FBAStorageFee,True,-0.58,GBP,,,,,,,,,2026-06-10,estimated
,ServiceFee,FBAStorageFee,True,-1.26,GBP,,,,,,,,,2026-06-10,estimated
,ServiceFee,FBAStorageFee,True,-6.13,GBP,,,,,,,,,2026-06-10,estimated
,ServiceFee,FBAStorageFee,True,-1.33,GBP,,,,,,,,,2026-06-10,estimated
,ServiceFee,FBALongTermStorageFee,True,-0.13,EUR,,,,,,,,,2026-06-10,estimated
,ServiceFee,FBALongTermStorageFee,True,-0.24,EUR,,,,,,,,,2026-06-10,estimated
,ServiceFee,FBALongTermStorageFee,True,-1.84,GBP,,,,,,,,,2026-06-10,estimated
,ServiceFee,FBALongTermStorageFee,True,-2.87,GBP,,,,,,,,,2026-06-10,estimated
,ServiceFee,FBALongTermStorageFee,True,-0.24,GBP,,,,,,,,,2026-06-10,estimated
,ServiceFee,FBALongTermStorageFee,True,-0.57,GBP,,,,,,,,,2026-06-10,estimated
,ServiceFee,FBALongTermStorageFee,True,-0.3,GBP,,,,,,,,,2026-06-10,estimated
,ServiceFee,FBALongTermStorageFee,True,-1.91,GBP,,,,,,,,,2026-06-10,estimated
,ServiceFee,FBALongTermStorageFee,True,-2.49,GBP,,,,,,,,,2026-06-10,estimated
,ServiceFee,FBALongTermStorageFee,True,-0.2,GBP,,,,,,,,,2026-06-10,estimated
,ServiceFee,FBALongTermStorageFee,True,-1.75,GBP,,,,,,,,,2026-06-10,estimated
,ServiceFee,FBALongTermStorageFee,True,-0.49,GBP,,,,,,,,,2026-06-10,estimated
,ServiceFee,FBALongTermStorageFee,True,-0.36,GBP,,,,,,,,,2026-06-10,estimated
,ServiceFee,FBALongTermStorageFee,True,-0.48,GBP,,,,,,,,,2026-06-10,estimated
,ServiceFee,FBALongTermStorageFee,True,-0.67,GBP,,,,,,,,,2026-06-10,estimated
,ServiceFee,FBALongTermStorageFee,True,-0.9,GBP,,,,,,,,,2026-06-10,estimated
,ServiceFee,FBALongTermStorageFee,True,-0.72,GBP,,,,,,,,,2026-06-10,estimated
,ServiceFee,FBALongTermStorageFee,True,-0.71,GBP,,,,,,,,,2026-06-10,estimated
,ServiceFee,FBALongTermStorageFee,True,-2.42,GBP,,,,,,,,,2026-06-10,estimated
,ServiceFee,FBALongTermStorageFee,True,-1.03,GBP,,,,,,,,,2026-06-10,estimated
,ServiceFee,FBALongTermStorageFee,True,-1.13,GBP,,,,,,,,,2026-06-10,estimated
,ServiceFee,FBAStorageFee,True,-0.97,GBP,,,,,,,,,2026-06-10,estimated
,ServiceFee,FBAStorageFee,True,-1.66,GBP,,,,,,,,,2026-06-10,estimated
,ServiceFee,FBAStorageFee,True,-0.72,GBP,,,,,,,,,2026-06-10,estimated
,ServiceFee,FBAStorageFee,True,-0.66,GBP,,,,,,,,,2026-06-10,estimated
,ServiceFee,FBAStorageFee,True,-0.55,GBP,,,,,,,,,2026-06-10,estimated
,ServiceFee,FBAStorageFee,True,-0.47,GBP,,,,,,,,,2026-06-10,estimated
,ServiceFee,FBAStorageFee,True,-1.67,GBP,,,,,,,,,2026-06-10,estimated
,ServiceFee,FBAStorageFee,True,-2.04,GBP,,,,,,,,,2026-06-10,estimated
,ServiceFee,FBAStorageFee,True,-3.2,GBP,,,,,,,,,2026-06-10,estimated
,ServiceFee,FBAStorageFee,True,-1.65,GBP,,,,,,,,,2026-06-10,estimated
,ServiceFee,FBAStorageFee,True,-0.33,GBP,,,,,,,,,2026-06-10,estimated
,ServiceFee,FBAStorageFee,True,-0.48,GBP,,,,,,,,,2026-06-10,estimated
,ServiceFee,FBAStorageFee,True,-0.53,GBP,,,,,,,,,2026-06-10,estimated
,ServiceFee,FBAStorageFee,True,-1.08,GBP,,,,,,,,,2026-06-10,estimated
,ServiceFee,FBAStorageFee,True,-5.84,GBP,,,,,,,,,2026-06-10,estimated
,ServiceFee,FBAStorageFee,True,-1.89,GBP,,,,,,,,,2026-06-10,estimated
,ServiceFee,FBAStorageFee,True,-1.25,GBP,,,,,,,,,2026-06-10,estimated
,ServiceFee,FBALongTermStorageFee,True,-0.58,GBP,,,,,,,,,2026-06-10,estimated
,ServiceFee,FBALongTermStorageFee,True,-1.32,GBP,,,,,,,,,2026-06-10,estimated
,ServiceFee,FBALongTermStorageFee,True,-0.87,GBP,,,,,,,,,2026-06-10,estimated
,ServiceFee,FBALongTermStorageFee,True,-0.95,GBP,,,,,,,,,2026-06-10,estimated
,ServiceFee,FBALongTermStorageFee,True,-0.23,GBP,,,,,,,,,2026-06-10,estimated
,ServiceFee,FBALongTermStorageFee,True,-0.29,GBP,,,,,,,,,2026-06-10,estimated
,ServiceFee,FBALongTermStorageFee,True,-1.18,GBP,,,,,,,,,2026-06-10,estimated
,ServiceFee,FBALongTermStorageFee,True,-0.59,GBP,,,,,,,,,2026-06-10,estimated
,ServiceFee,FBALongTermStorageFee,True,-1.67,GBP,,,,,,,,,2026-06-10,estimated
,ServiceFee,FBALongTermStorageFee,True,-0.68,GBP,,,,,,,,,2026-06-10,estimated
,ServiceFee,FBALongTermStorageFee,True,-1.92,GBP,,,,,,,,,2026-06-10,estimated
,ServiceFee,FBAStorageFee,True,-0.38,GBP,,,,,,,,,2026-06-10,estimated
,ServiceFee,FBAStorageFee,True,-0.92,GBP,,,,,,,,,2026-06-10,estimated
,ServiceFee,FBAStorageFee,True,-0.5,GBP,,,,,,,,,2026-06-10,estimated
,ServiceFee,FBAStorageFee,True,-2.78,GBP,,,,,,,,,2026-06-10,estimated
,ServiceFee,FBAStorageFee,True,-0.62,GBP,,,,,,,,,2026-06-10,estimated
,ServiceFee,FBAStorageFee,True,-1.84,GBP,,,,,,,,,2026-06-10,estimated
,ServiceFee,FBAStorageFee,True,-0.88,GBP,,,,,,,,,2026-06-10,estimated
,ServiceFee,FBAStorageFee,True,-1.82,GBP,,,,,,,,,2026-06-10,estimated
,ServiceFee,FBAStorageFee,True,-0.34,GBP,,,,,,,,,2026-06-10,estimated
,ServiceFee,FBAStorageFee,True,-0.98,GBP,,,,,,,,,2026-06-10,estimated
,ServiceFee,FBAStorageFee,True,-2.23,GBP,,,,,,,,,2026-06-10,estimated
,ServiceFee,FBAStorageFee,True,-1.62,GBP,,,,,,,,,2026-06-10,estimated
,ServiceFee,FBAStorageFee,True,-0.29,GBP,,,,,,,,,2026-06-10,estimated
,ServiceFee,FBAStorageFee,True,-0.35,GBP,,,,,,,,,2026-06-10,estimated
,ServiceFee,FBAStorageFee,True,-0.39,GBP,,,,,,,,,2026-06-10,estimated
,ServiceFee,FBAStorageFee,True,-4.3,GBP,,,,,,,,,2026-06-10,estimated
,ServiceFee,FBAStorageFee,True,-4.24,GBP,,,,,,,,,2026-06-10,estimated
,ServiceFee,FBAStorageFee,True,-1.11,GBP,,,,,,,,,2026-06-10,estimated
,ServiceFee,FBAStorageFee,True,-0.07,EUR,,,,,,,,,2026-06-10,estimated
,ServiceFee,FBAStorageFee,True,-0.01,EUR,,,,,,,,,2026-06-10,estimated
,ServiceFee,FBALongTermStorageFee,True,-6.89,GBP,,,,,,,,,2026-06-10,estimated
,ServiceFee,FBALongTermStorageFee,True,-0.77,GBP,,,,,,,,,2026-06-10,estimated
,ServiceFee,FBALongTermStorageFee,True,-1.43,GBP,,,,,,,,,2026-06-10,estimated
,ServiceFee,FBALongTermStorageFee,True,-0.89,GBP,,,,,,,,,2026-06-10,estimated
,ServiceFee,FBALongTermStorageFee,True,-3.13,GBP,,,,,,,,,2026-06-10,estimated
,ServiceFee,FBALongTermStorageFee,True,-0.92,GBP,,,,,,,,,2026-06-10,estimated
,ServiceFee,FBALongTermStorageFee,True,-1.5,GBP,,,,,,,,,2026-06-10,estimated
,ServiceFee,FBALongTermStorageFee,True,-0.56,GBP,,,,,,,,,2026-06-10,estimated
,ServiceFee,FBALongTermStorageFee,True,-1.24,GBP,,,,,,,,,2026-06-10,estimated
,ServiceFee,FBALongTermStorageFee,True,-1.06,GBP,,,,,,,,,2026-06-10,estimated
,ServiceFee,FBALongTermStorageFee,True,-2.88,GBP,,,,,,,,,2026-06-10,estimated
,ServiceFee,FBAStorageFee,True,-38.54,GBP,,,,,,,FBA Inventory Storage Fee,,2026-06-10,estimated
,ServiceFee,FBAStorageFee,True,-0.1,EUR,,,,,,,FBA Inventory Storage Fee,,2026-06-10,estimated
,ServiceFee,FBALongTermStorageFee,True,-0.78,EUR,,,,,,,FBA Long Term Storage Fee,,2026-06-10,estimated
,ServiceFee,FBALongTermStorageFee,True,-31.65,GBP,,,,,,,FBA Long Term Storage Fee,,2026-06-10,estimated
,ServiceFee,FBAStorageFee,True,-29.87,GBP,,,,,,,FBA Inventory Storage Fee,,2026-06-10,estimated
