timestamp_utc,asof_date,marketplace,sku,asin,available,inbound_working,inbound_shipped,inbound_receiving,inbound_total,unsellable,researching,reserved_transfers,reserved_processing,reserved_customer,total_quantity,last_updated_time,source,notes
2026-02-12T00:00:00Z,2026-02-12,UK,02-7AZG-O0CV,B01N31JDVX,0,0,0,0,0,0,0,0,0,0,0,2025-12-10T03:32:48Z,SPAPI,
2026-02-12T00:00:00Z,2026-02-12,UK,03-7TNF-U2A1,B08C34199M,0,0,0,0,0,0,0,0,0,0,0,2025-05-29T13:07:18Z,SPAPI,
2026-02-12T00:00:00Z,2026-02-12,UK,04-FYSA-YCV0,B001JYLJB0,0,0,0,0,0,0,0,0,0,0,0,,SPAPI,
2026-02-12T00:00:00Z,2026-02-12,UK,04-PU0K-EVHU,B009NST7AY,0,0,0,0,0,0,0,0,0,0,0,,SPAPI,
2026-02-12T00:00:00Z,2026-02-12,UK,05-CH74-4EW3,B006R5Z7DC,0,0,0,0,0,0,0,0,0,0,0,2023-07-04T15:17:27Z,SPAPI,
2026-02-12T00:00:00Z,2026-02-12,UK,06-6WC0-UGFH,B004YJLV6K,0,0,0,0,0,0,0,0,0,0,0,,SPAPI,
2026-02-12T00:00:00Z,2026-02-12,UK,08-3ABG-PL11,B01N58L3PP,0,0,0,0,0,0,0,0,0,0,0,2024-12-08T02:22:18Z,SPAPI,
2026-02-12T00:00:00Z,2026-02-12,UK,09-CZ59-Q6OR,B09BR88BPW,0,0,0,0,0,0,0,0,0,0,0,2025-01-12T13:39:34Z,SPAPI,
2026-02-12T00:00:00Z,2026-02-12,UK,0A-HHXO-QF32,B0993N4XMC,0,0,0,0,0,0,0,0,0,0,0,2024-07-23T08:09:59Z,SPAPI,
2026-02-12T00:00:00Z,2026-02-12,UK,0B-IC3D-6S96,B00ICS6JWK,0,0,0,0,0,0,0,0,0,0,0,,SPAPI,
2026-02-12T00:00:00Z,2026-02-12,UK,0B-KZD0-FZB1,B07Y5KYLQ8,0,0,0,0,0,0,0,0,0,0,0,,SPAPI,
2026-02-12T00:00:00Z,2026-02-12,UK,0B-OUCV-UQE9,B01N4LH1PN,0,0,0,0,0,0,0,0,0,0,0,,SPAPI,
2026-02-12T00:00:00Z,2026-02-12,UK,0C-AOG2-B23Z,B003TYWR5K,0,0,0,0,0,0,0,0,0,0,0,2025-02-12T01:00:34Z,SPAPI,
2026-02-12T00:00:00Z,2026-02-12,UK,0D-0039-WEPJ,B09V8GFY8C,0,0,0,0,0,0,0,0,0,0,0,,SPAPI,
2026-02-12T00:00:00Z,2026-02-12,UK,0F-MLCO-206G,B00RO5R4JE,0,0,0,0,0,0,0,0,0,0,0,,SPAPI,
2026-02-12T00:00:00Z,2026-02-12,UK,0G-0234-E9NG,B08J1X9VVF,0,0,0,0,0,0,0,0,0,0,0,2024-02-18T18:02:55Z,SPAPI,
2026-02-12T00:00:00Z,2026-02-12,UK,0G-JB6S-PN34,B07H2WXMDJ,122,0,0,0,0,0,0,0,0,0,122,2026-01-26T03:28:39Z,SPAPI,
2026-02-12T00:00:00Z,2026-02-12,UK,0H-5V53-GPG4,B0CRRPCT5P,0,0,0,0,0,0,0,0,0,0,0,2025-12-13T12:31:16Z,SPAPI,
2026-02-12T00:00:00Z,2026-02-12,UK,0K-6BX5-D5AH,B093WHTJL7,0,0,0,0,0,0,0,0,0,0,0,2024-07-15T10:34:24Z,SPAPI,
2026-02-12T00:00:00Z,2026-02-12,UK,0N-JV0B-5UNV,B009L12MLO,0,0,0,0,0,0,0,0,0,0,0,2024-10-07T18:56:56Z,SPAPI,
2026-02-12T00:00:00Z,2026-02-12,UK,0N-VZG5-JH06,B0CJMMYYCJ,0,0,0,0,0,0,0,0,0,0,0,2025-06-26T03:59:18Z,SPAPI,
2026-02-12T00:00:00Z,2026-02-12,UK,0N-X5KF-213D,B09M3RB8R1,0,0,0,0,0,0,0,0,0,0,0,2025-08-12T16:30:11Z,SPAPI,
2026-02-12T00:00:00Z,2026-02-12,UK,0O-KL3Z-ZTQ9,B00GI299M4,0,0,0,0,0,0,0,0,0,0,0,,SPAPI,
2026-02-12T00:00:00Z,2026-02-12,UK,0Q-F5R3-333E,1848450486,0,0,0,0,0,0,0,0,0,0,0,2023-05-09T23:24:06Z,SPAPI,
2026-02-12T00:00:00Z,2026-02-12,UK,0R-31MX-8MNY,B07B4NQSYS,0,0,0,0,0,0,0,0,0,0,0,2023-12-05T11:27:49Z,SPAPI,
2026-02-12T00:00:00Z,2026-02-12,UK,0R-GRRH-W0Z9,B09NQD4S5N,6,0,0,0,0,0,0,0,0,0,6,2026-02-09T12:21:15Z,SPAPI,
2026-02-12T00:00:00Z,2026-02-12,UK,0T-2B9X-7G65,B0B8T9L8RY,0,0,0,0,0,0,0,0,0,0,0,,SPAPI,
2026-02-12T00:00:00Z,2026-02-12,UK,0T-LQK2-KFCY,B0CBNNKLYJ,0,0,0,0,0,0,0,0,0,0,0,2024-12-22T20:46:45Z,SPAPI,
2026-02-12T00:00:00Z,2026-02-12,UK,0W-VJRK-9VCG,B00M9UFVGM,0,0,0,0,0,0,0,0,0,0,0,2025-06-12T16:29:13Z,SPAPI,
2026-02-12T00:00:00Z,2026-02-12,UK,0X-VJWI-4OT8,B0BWFT5RGN,0,0,0,0,0,0,0,0,0,0,0,2025-09-18T04:41:25Z,SPAPI,
2026-02-12T00:00:00Z,2026-02-12,UK,0Z-Y60V-499R,B09NQBQW49,0,0,0,0,0,0,0,0,0,0,0,2025-11-16T14:29:08Z,SPAPI,
2026-02-12T00:00:00Z,2026-02-12,UK,10-JQEP-V8I7,B00CRGM45O,0,0,0,0,0,0,0,0,0,0,0,2025-02-18T02:31:13Z,SPAPI,
2026-02-12T00:00:00Z,2026-02-12,UK,10-KNVB-4BRI,B002GZJUQ2,0,0,0,0,0,0,0,0,0,0,0,2024-08-31T22:39:31Z,SPAPI,
2026-02-12T00:00:00Z,2026-02-12,UK,10-PGVO-YV15,B01H8QOUTA,0,0,0,0,0,0,0,0,0,0,0,2025-01-31T23:21:24Z,SPAPI,
2026-02-12T00:00:00Z,2026-02-12,UK,12-3VTE-5T3Z,9189143078,0,0,0,0,0,0,0,0,0,0,0,2025-10-18T01:15:41Z,SPAPI,
2026-02-12T00:00:00Z,2026-02-12,UK,12-749B-9EB5,B084HZRR8G,0,0,0,0,0,0,0,0,0,0,0,2025-02-02T17:50:14Z,SPAPI,
2026-02-12T00:00:00Z,2026-02-12,UK,16-5NE0-75DT,B097F7QHFF,0,0,0,0,0,0,0,0,0,0,0,2024-09-09T18:15:21Z,SPAPI,
2026-02-12T00:00:00Z,2026-02-12,UK,18-WD7G-J8U4,B0B32365PH,0,0,0,0,0,0,0,0,0,0,0,,SPAPI,
2026-02-12T00:00:00Z,2026-02-12,UK,1A-S381-J09C,B002ZTVMDI,0,0,0,0,0,0,0,0,0,0,0,2024-12-31T01:16:03Z,SPAPI,
2026-02-12T00:00:00Z,2026-02-12,UK,1B-X7OV-DC22,B00SH4QZIM,0,0,0,0,0,0,0,0,0,0,0,,SPAPI,
2026-02-12T00:00:00Z,2026-02-12,UK,1C-WYGV-IW8O,B00YPA854Y,0,0,0,0,0,0,0,0,0,0,0,2024-12-14T16:29:18Z,SPAPI,
2026-02-12T00:00:00Z,2026-02-12,UK,1D-E3I8-TUK8,B00O3XUG5E,0,0,0,0,0,0,0,0,0,0,0,2025-01-09T22:57:18Z,SPAPI,
2026-02-12T00:00:00Z,2026-02-12,UK,1I-68NK-QBN0,B095ZY4PCG,0,0,0,0,0,0,0,0,0,0,0,,SPAPI,
2026-02-12T00:00:00Z,2026-02-12,UK,1L-X5VM-8E2W,B09S5RXYKR,0,0,0,0,0,0,0,0,0,0,0,,SPAPI,
2026-02-12T00:00:00Z,2026-02-12,UK,1P-BRGG-P0N6,B07QGGFKYK,0,0,0,0,0,0,0,0,0,0,0,2024-08-28T23:11:25Z,SPAPI,
2026-02-12T00:00:00Z,2026-02-12,UK,1Q-OTO8-JG8E,B01G263L1K,0,0,0,0,0,0,0,0,0,0,0,2025-03-27T07:34:52Z,SPAPI,
2026-02-12T00:00:00Z,2026-02-12,UK,1S-ZFUI-RE1A,B0032NGZII,0,0,0,0,0,0,0,0,0,0,0,,SPAPI,
2026-02-12T00:00:00Z,2026-02-12,UK,1U-1W76-M840,B07V9CRX7Y,0,0,0,0,0,0,0,0,0,0,0,2025-11-02T05:57:28Z,SPAPI,
2026-02-12T00:00:00Z,2026-02-12,UK,1U-YF3T-TR74,B082BVCQMQ,0,0,0,0,0,0,0,0,0,0,0,2025-06-07T12:06:19Z,SPAPI,
2026-02-12T00:00:00Z,2026-02-12,UK,1V-9D9W-WOZP,B000FPU2SK,0,0,0,0,0,0,0,0,0,0,0,,SPAPI,
2026-02-12T00:00:00Z,2026-02-12,UK,2G-AYBQ-TUQG,B002KFZKZ8,7,0,0,0,0,0,0,0,0,0,7,2026-02-08T09:18:22Z,SPAPI,
2026-02-12T00:00:00Z,2026-02-12,UK,3X-EXDD-TD2K,B0D6W9DZX4,5,0,0,0,0,0,0,0,0,0,5,2026-02-10T00:40:27Z,SPAPI,
2026-02-12T00:00:00Z,2026-02-12,UK,4W-VS57-BV6A,B0C9LJNJWZ,16,0,0,0,0,0,0,0,1,0,17,2026-02-11T16:08:26Z,SPAPI,
2026-02-12T00:00:00Z,2026-02-12,UK,5Z-6Z0P-9TQQ,B08MW8XMNQ,12,0,0,0,0,0,0,0,0,0,12,2026-01-29T03:41:22Z,SPAPI,
2026-02-12T00:00:00Z,2026-02-12,UK,6Q-9G2A-IKVV,B000PSB13C,59,0,0,0,0,0,0,0,0,0,59,2026-02-06T03:18:22Z,SPAPI,
2026-02-12T00:00:00Z,2026-02-12,UK,6V-EEC1-2S9Z,B06WW79DX5,112,0,0,0,0,0,1,0,8,5,125,2026-02-12T03:52:17Z,SPAPI,
2026-02-12T00:00:00Z,2026-02-12,UK,714810,B002BX8ZFG,11,0,0,0,0,0,0,0,0,0,11,2026-02-12T05:30:34Z,SPAPI,
2026-02-12T00:00:00Z,2026-02-12,UK,7M-48OU-23X3,B004GFPFBO,4,0,0,0,0,0,0,0,0,0,4,2026-02-12T03:35:25Z,SPAPI,
2026-02-12T00:00:00Z,2026-02-12,UK,8M-LM6B-F2Q5,B00D1V5FPU,3,0,0,0,0,0,0,0,0,0,3,2026-01-29T11:42:25Z,SPAPI,
2026-02-12T00:00:00Z,2026-02-12,UK,8M-NHB7-T8TR,B0B2RBG672,4,0,0,0,0,0,0,0,0,0,4,2026-01-30T22:58:49Z,SPAPI,
2026-02-12T00:00:00Z,2026-02-12,UK,8U-QPFH-3EKQ,B07T9WVBZ2,10,0,0,0,0,0,0,0,0,0,10,2026-02-11T10:18:26Z,SPAPI,
2026-02-12T00:00:00Z,2026-02-12,UK,9X-HL62-83C7,B00BEUFYE2,6,0,0,0,0,0,0,0,0,0,6,2026-02-11T12:06:31Z,SPAPI,
2026-02-12T00:00:00Z,2026-02-12,UK,A1-KSU1-GZMS,B07BC1CMDK,17,0,0,0,0,0,0,0,0,0,17,2026-02-09T12:30:26Z,SPAPI,
2026-02-12T00:00:00Z,2026-02-12,UK,A2-T2AC-TW3L,B006PFN3BW,109,0,0,0,0,0,0,0,2,1,112,2026-02-12T03:45:19Z,SPAPI,
2026-02-12T00:00:00Z,2026-02-12,UK,AF-KIHX-ANYY,B0001P15T4,60,0,0,0,0,0,0,0,0,0,60,2026-02-10T20:32:18Z,SPAPI,
2026-02-12T00:00:00Z,2026-02-12,UK,AX-NKNU-29C1,B08M52B4M5,134,0,0,0,0,0,0,0,0,0,134,2026-01-26T23:33:25Z,SPAPI,
2026-02-12T00:00:00Z,2026-02-12,UK,BL-WX51-KQOK,B0897VHKW6,6,0,0,0,0,0,0,0,0,0,6,2026-02-03T18:13:18Z,SPAPI,
2026-02-12T00:00:00Z,2026-02-12,UK,C6-XGZB-J6QA,B0083HIM7U,1,0,0,0,0,0,0,0,0,0,1,2026-02-11T14:46:20Z,SPAPI,
2026-02-12T00:00:00Z,2026-02-12,UK,CJ-X0SS-QOUW,B0CG234KW1,9,0,0,0,0,0,0,0,0,0,9,2026-01-30T03:16:25Z,SPAPI,
2026-02-12T00:00:00Z,2026-02-12,UK,CX-SMCH-4DYA,B0012B80HG,7,0,0,0,0,0,0,0,0,0,7,2026-02-10T19:39:23Z,SPAPI,
2026-02-12T00:00:00Z,2026-02-12,UK,D0-C7C0-H6LN,B07F1MFWV1,11,0,0,0,0,0,0,0,0,0,11,2026-02-11T00:05:49Z,SPAPI,
2026-02-12T00:00:00Z,2026-02-12,UK,D8-1A3E-I37F,B001ET78RY,7,0,0,0,0,0,0,0,0,0,7,2026-02-05T14:30:23Z,SPAPI,
2026-02-12T00:00:00Z,2026-02-12,UK,DC-K5WH-R7F5,B0073FT7FY,99,0,0,0,0,1,0,0,2,1,103,2026-02-12T04:06:11Z,SPAPI,
2026-02-12T00:00:00Z,2026-02-12,UK,EV-CHU5-XU3G,B07QQDMJ6M,11,0,0,0,0,1,0,0,1,0,13,2026-02-12T00:05:25Z,SPAPI,
2026-02-12T00:00:00Z,2026-02-12,UK,FB-6FW0-Z82Q,B005F5TRBI,8,0,0,0,0,0,0,0,0,0,8,2026-02-07T14:50:22Z,SPAPI,
2026-02-12T00:00:00Z,2026-02-12,UK,GA-9DTN-9O1E,B086763VT8,1,0,0,0,0,0,0,0,0,0,1,2026-02-06T17:57:02Z,SPAPI,
2026-02-12T00:00:00Z,2026-02-12,UK,GJ-2OZK-0GCA,B0CS3VF4GK,1,0,0,0,0,0,0,0,1,0,2,2026-02-09T03:22:22Z,SPAPI,
2026-02-12T00:00:00Z,2026-02-12,UK,GK-YI4S-C158,B0009JJZ8A,1,0,0,0,0,0,0,0,0,0,1,2026-02-12T02:42:46Z,SPAPI,
2026-02-12T00:00:00Z,2026-02-12,UK,GY-FO04-RDYL,B09M3PQRBG,1,0,0,0,0,0,0,0,0,0,1,2026-02-10T15:54:42Z,SPAPI,
2026-02-12T00:00:00Z,2026-02-12,UK,H4-86XG-NLX6,B0CVNMZHZ6,1,0,0,0,0,0,0,0,0,0,1,2026-02-08T22:01:13Z,SPAPI,
2026-02-12T00:00:00Z,2026-02-12,UK,H6-E7MP-EBPD,B00000IU72,25,0,0,0,0,0,0,0,0,0,25,2026-02-09T04:35:23Z,SPAPI,
2026-02-12T00:00:00Z,2026-02-12,UK,HL-03ZR-QPHH,B09M3PFZC8,4,0,0,0,0,0,0,0,0,0,4,2026-01-20T07:08:30Z,SPAPI,
2026-02-12T00:00:00Z,2026-02-12,UK,HO-LSOY-8R05,B0BVZZDW1W,2,0,0,0,0,0,0,0,0,0,2,2026-02-06T15:57:36Z,SPAPI,
2026-02-12T00:00:00Z,2026-02-12,UK,HS-R5IP-7E1C,B00LXM3PGK,2,0,0,0,0,0,0,0,0,0,2,2026-01-25T05:29:29Z,SPAPI,
2026-02-12T00:00:00Z,2026-02-12,UK,IJ-V0PQ-4CZ4,B09NQCV872,8,0,0,0,0,0,0,0,0,0,8,2026-01-18T00:00:37Z,SPAPI,
2026-02-12T00:00:00Z,2026-02-12,UK,JB-RGB6-LZOJ,B0001P0DLU,71,0,0,0,0,0,0,0,0,0,71,2026-02-10T00:53:22Z,SPAPI,
2026-02-12T00:00:00Z,2026-02-12,UK,L1-54EX-56YC,B09445GL1C,7,0,0,0,0,0,1,0,1,0,8,2026-02-12T03:52:34Z,SPAPI,
2026-02-12T00:00:00Z,2026-02-12,UK,L5-PF3B-WHU4,B09LDDFK4R,3,0,0,0,0,0,0,0,0,0,3,2026-02-11T21:27:21Z,SPAPI,
2026-02-12T00:00:00Z,2026-02-12,UK,LP-QMNJ-J49G,B0CL5DHG37,10,0,0,0,0,0,0,0,0,0,10,2026-02-11T05:00:28Z,SPAPI,
2026-02-12T00:00:00Z,2026-02-12,UK,LR-7GM6-1RCH,B08MQB42B3,13,0,0,0,0,0,0,0,0,0,13,2026-02-11T20:42:21Z,SPAPI,
2026-02-12T00:00:00Z,2026-02-12,UK,OV-LVEL-DQL6,B08W25WKTN,9,0,0,0,0,0,0,0,0,0,9,2026-02-10T07:23:21Z,SPAPI,
2026-02-12T00:00:00Z,2026-02-12,UK,R4-0AXZ-ZZ9D,B0844ZRHS9,3,0,0,0,0,0,0,0,0,1,4,2026-02-03T18:05:13Z,SPAPI,
2026-02-12T00:00:00Z,2026-02-12,UK,R7-98IN-2PW8,B08CHKHTWX,43,0,0,0,0,0,1,0,0,0,43,2026-02-12T03:14:17Z,SPAPI,
2026-02-12T00:00:00Z,2026-02-12,UK,RI-VSUS-0YTD,B08MVGD2ND,14,0,0,0,0,0,0,0,0,0,14,2026-02-05T12:24:19Z,SPAPI,
2026-02-12T00:00:00Z,2026-02-12,UK,RW-AZK6-O4M2,B00F4LA0K0,31,0,0,0,0,0,0,0,0,0,31,2026-02-10T03:56:30Z,SPAPI,
2026-02-12T00:00:00Z,2026-02-12,UK,RZ-6ZL9-CZ7J,B075XT2J8X,47,0,0,0,0,0,0,0,0,0,47,2026-02-01T17:18:43Z,SPAPI,
2026-02-12T00:00:00Z,2026-02-12,UK,SU-5LQH-2DVN,B07SLLYRSP,3,0,0,0,0,0,0,0,0,0,3,2026-02-12T00:09:23Z,SPAPI,
2026-02-12T00:00:00Z,2026-02-12,UK,TJ-6LOP-OPEU,B08P63MSS9,16,0,0,0,0,0,0,0,0,0,16,2026-02-06T21:26:53Z,SPAPI,
2026-02-12T00:00:00Z,2026-02-12,UK,TK-E7QE-T40G,B000FPU2SK,17,0,0,0,0,2,0,0,0,0,19,2026-01-23T06:29:10Z,SPAPI,
2026-02-12T00:00:00Z,2026-02-12,UK,UR-Q7TM-1F3I,B072YZPBJ3,1,0,0,0,0,0,0,0,0,0,1,2026-01-24T05:55:21Z,SPAPI,
2026-02-12T00:00:00Z,2026-02-12,UK,US-AK96-YFSB,B002DPGTF0,3,0,0,0,0,0,0,0,0,0,3,2026-02-05T01:40:12Z,SPAPI,
2026-02-12T00:00:00Z,2026-02-12,UK,VF-3T0K-DR5O,B08KFFY86W,486,0,0,0,0,0,1,0,2,0,488,2026-02-12T03:05:35Z,SPAPI,
2026-02-12T00:00:00Z,2026-02-12,UK,VO-A6AR-18YS,B09NQDQ8X7,1,0,0,0,0,0,0,0,0,0,1,2026-02-07T01:38:23Z,SPAPI,
2026-02-12T00:00:00Z,2026-02-12,UK,VU-8KRA-QP5M,B0BNLWBLMV,33,0,0,0,0,0,0,0,0,1,34,2026-02-11T03:46:25Z,SPAPI,
2026-02-12T00:00:00Z,2026-02-12,UK,W3-8FN7-FSP0,B004J71OSC,10,0,0,0,0,0,0,0,0,0,10,2026-02-11T05:49:04Z,SPAPI,
2026-02-12T00:00:00Z,2026-02-12,UK,WE-1Z7L-SA2I,B08MVG9QZW,39,0,0,0,0,0,0,0,0,0,39,2026-02-09T06:08:20Z,SPAPI,
2026-02-12T00:00:00Z,2026-02-12,UK,WX-L5UA-UB1Q,B007R2ICTK,27,0,0,0,0,0,2,0,4,1,32,2026-02-12T04:46:32Z,SPAPI,
2026-02-12T00:00:00Z,2026-02-12,UK,X7-MY4W-H2I4,B00S9IXBVU,1,0,0,0,0,0,0,0,0,0,1,2026-02-11T20:59:27Z,SPAPI,
2026-02-12T00:00:00Z,2026-02-12,UK,XE-27ZG-EZPZ,B0001IWX7E,16,0,0,0,0,0,0,0,0,0,16,2026-02-09T16:47:00Z,SPAPI,
2026-02-12T00:00:00Z,2026-02-12,UK,XE-YPAI-HX9F,B086ZD7MG6,79,0,0,0,0,0,0,0,0,0,79,2026-02-11T04:05:55Z,SPAPI,
2026-02-12T00:00:00Z,2026-02-12,UK,XH-0LAE-FQO5,B00AOES9GE,23,0,0,0,0,0,0,0,1,0,24,2026-02-08T09:53:15Z,SPAPI,
2026-02-12T00:00:00Z,2026-02-12,UK,XY-UM2X-TPS3,B003VTZAM0,36,0,0,0,0,0,0,0,0,0,36,2026-01-23T07:20:35Z,SPAPI,
2026-02-12T00:00:00Z,2026-02-12,UK,YC-3L3M-BV48,B0CTD6Q6KY,10,0,0,0,0,0,0,0,0,0,10,2026-02-09T01:10:16Z,SPAPI,
2026-02-12T00:00:00Z,2026-02-12,UK,YO-EKK2-FRCC,B00BWU7MNU,6,0,0,0,0,0,0,0,0,0,6,2026-02-09T12:40:19Z,SPAPI,
2026-02-12T00:00:00Z,2026-02-12,UK,Z7-26PV-O9LR,B07J9JGZZV,30,0,0,0,0,0,1,0,0,1,31,2026-02-12T04:52:10Z,SPAPI,
2026-02-12T00:00:00Z,2026-02-12,UK,ZT-QPY3-P24I,B0D3JBBGSB,2,0,0,0,0,0,0,0,0,0,2,2026-02-07T17:10:10Z,SPAPI,
2026-02-12T00:00:00Z,2026-02-12,UK,1W-8WI9-7AUU,B0BLQRDTLL,0,0,0,0,0,0,0,0,0,0,0,2025-08-22T16:47:11Z,SPAPI,
2026-02-12T00:00:00Z,2026-02-12,UK,2L-M26G-560I,B075WYWJ5L,0,0,0,0,0,0,0,0,0,0,0,2025-11-03T09:50:02Z,SPAPI,
2026-02-12T00:00:00Z,2026-02-12,UK,2U-4KLP-68HB,B07NGGSR3D,0,0,0,0,0,0,0,0,0,0,0,2025-05-30T20:13:47Z,SPAPI,
2026-02-12T00:00:00Z,2026-02-12,UK,2X-8XI7-C9T5,B07L6H9GZ2,0,0,0,0,0,0,0,0,0,0,0,,SPAPI,
2026-02-12T00:00:00Z,2026-02-12,UK,3B-3H3V-Z93T,B0CP69JJGG,0,0,0,0,0,0,0,0,0,0,0,2026-02-03T17:02:15Z,SPAPI,
2026-02-12T00:00:00Z,2026-02-12,UK,3C-5W5L-CT0T,B0BZQCZYN7,0,0,0,0,0,0,0,0,0,0,0,2025-08-26T00:13:15Z,SPAPI,
2026-02-12T00:00:00Z,2026-02-12,UK,3E-62Y1-WPYU,B0DN6KL887,0,0,0,0,0,0,0,0,0,0,0,2026-01-04T18:23:49Z,SPAPI,
2026-02-12T00:00:00Z,2026-02-12,UK,3E-KHO2-YIAU,B012DV4306,0,0,0,0,0,0,0,0,0,0,0,2025-07-11T23:19:57Z,SPAPI,
2026-02-12T00:00:00Z,2026-02-12,UK,3N-WGU4-MT5X,B00SWSU5BG,0,0,0,0,0,0,0,0,0,0,0,,SPAPI,
2026-02-12T00:00:00Z,2026-02-12,UK,3Q-8PJ1-BLBC,B0BBWH7DBT,0,0,0,0,0,0,0,0,0,0,0,,SPAPI,
2026-02-12T00:00:00Z,2026-02-12,UK,3Q-JVVB-BIT7,0786964502,0,0,0,0,0,0,0,0,0,0,0,2025-05-25T20:16:45Z,SPAPI,
2026-02-12T00:00:00Z,2026-02-12,UK,3T-6QPR-E2MV,B06XGSJS7N,0,0,0,0,0,0,0,0,0,0,0,2026-01-11T21:08:18Z,SPAPI,
2026-02-12T00:00:00Z,2026-02-12,UK,3Z-03PB-Q1A8,B09NQ9ZHDQ,0,0,0,0,0,0,0,0,0,0,0,2025-08-28T22:05:49Z,SPAPI,
2026-02-12T00:00:00Z,2026-02-12,UK,3Z-45IC-N1H4,B07QPB3T1J,0,0,0,0,0,0,0,0,0,0,0,2025-09-01T02:17:34Z,SPAPI,
2026-02-12T00:00:00Z,2026-02-12,UK,49-4UKW-G81R,B00WI8O0RG,0,0,0,0,0,0,0,0,0,0,0,2026-02-01T20:53:34Z,SPAPI,
2026-02-12T00:00:00Z,2026-02-12,UK,4B-HMJG-PHW4,B00D1V5E5G,0,0,0,0,0,0,0,0,0,0,0,,SPAPI,
2026-02-12T00:00:00Z,2026-02-12,UK,4D-BI2L-5PZ8,B000Q351JG,0,0,0,0,0,0,0,0,0,0,0,2025-12-26T12:27:44Z,SPAPI,
2026-02-12T00:00:00Z,2026-02-12,UK,4F-HT42-FD26,B010E25DI2,0,0,0,0,0,0,0,0,0,0,0,2026-01-26T16:50:48Z,SPAPI,
2026-02-12T00:00:00Z,2026-02-12,UK,4F-I024-EY2R,B012AO02EM,0,0,0,0,0,0,0,0,0,0,0,2025-09-03T03:21:39Z,SPAPI,
2026-02-12T00:00:00Z,2026-02-12,UK,4J-IY7T-6LBS,9188805557,0,0,0,0,0,0,0,0,0,0,0,,SPAPI,
2026-02-12T00:00:00Z,2026-02-12,UK,4U-9ZL6-9G0Y,B07C8QSSR2,0,0,0,0,0,0,0,0,1,0,1,2026-02-08T14:17:21Z,SPAPI,
2026-02-12T00:00:00Z,2026-02-12,UK,4U-XT39-AMUJ,B07RRQX71T,0,0,0,0,0,0,0,0,0,0,0,2025-11-03T00:34:39Z,SPAPI,
2026-02-12T00:00:00Z,2026-02-12,UK,4V-19KJ-15J4,B00D2O8936,0,0,0,0,0,0,0,0,0,0,0,2025-06-16T01:09:46Z,SPAPI,
2026-02-12T00:00:00Z,2026-02-12,UK,51-79LN-GGLK,B09HHLMG1V,0,0,0,0,0,0,0,0,0,0,0,2025-09-01T23:07:45Z,SPAPI,
2026-02-12T00:00:00Z,2026-02-12,UK,52-BC73-O7B2,B0C7HGQRY6,0,0,0,0,0,0,0,0,0,0,0,,SPAPI,
2026-02-12T00:00:00Z,2026-02-12,UK,5H-EJ59-AZPA,B004ZMXOMA,0,0,0,0,0,0,0,0,0,0,0,2025-08-13T18:34:35Z,SPAPI,
2026-02-12T00:00:00Z,2026-02-12,UK,5M-QO6K-LNH0,B00ANP09LM,0,0,0,0,0,0,0,0,0,0,0,2025-12-17T11:34:00Z,SPAPI,
2026-02-12T00:00:00Z,2026-02-12,UK,5Q-LUQ1-L14K,B09MWLJFFX,0,0,0,0,0,0,0,0,0,0,0,,SPAPI,
2026-02-12T00:00:00Z,2026-02-12,UK,6E-U01F-GUCT,B0CSVLW6QL,0,0,0,0,0,0,0,0,0,0,0,,SPAPI,
2026-02-12T00:00:00Z,2026-02-12,UK,6L-SDA9-P13J,B00605WJ9O,0,0,0,0,0,0,0,0,0,0,0,2025-09-04T04:14:42Z,SPAPI,
2026-02-12T00:00:00Z,2026-02-12,UK,6P-IWYA-X18B,B07B8RJDXT,0,0,0,0,0,0,0,0,0,0,0,2025-12-01T00:54:35Z,SPAPI,
2026-02-12T00:00:00Z,2026-02-12,UK,6Z-8POQ-K5XH,B00ANOXX9I,0,0,0,0,0,0,0,0,0,0,0,2025-08-11T00:21:05Z,SPAPI,
2026-02-12T00:00:00Z,2026-02-12,UK,714776,B001KYTW0O,0,0,0,0,0,0,0,0,0,0,0,2025-12-08T00:10:21Z,SPAPI,
2026-02-12T00:00:00Z,2026-02-12,UK,77-GYTL-JFN4,B00009OY9U,0,0,0,0,0,0,0,0,0,0,0,,SPAPI,
2026-02-12T00:00:00Z,2026-02-12,UK,79-CPJ6-DSG6,9189143051,0,0,0,0,0,0,0,0,0,0,0,2025-12-15T09:17:49Z,SPAPI,
2026-02-12T00:00:00Z,2026-02-12,UK,7C-7V6B-QQZL,B003M36498,0,0,0,0,0,0,0,0,0,0,0,2025-07-10T16:34:46Z,SPAPI,
2026-02-12T00:00:00Z,2026-02-12,UK,7H-7G2P-ONWJ,B081Q9CFGC,0,0,0,0,0,0,0,0,0,0,0,2025-12-14T00:53:13Z,SPAPI,
2026-02-12T00:00:00Z,2026-02-12,UK,7I-1717-OHRW,B0CJMRL1WT,0,0,0,0,0,0,0,0,0,0,0,2025-09-13T20:29:10Z,SPAPI,
2026-02-12T00:00:00Z,2026-02-12,UK,7L-OT45-7LYB,B01NBDFDBC,0,0,0,0,0,0,0,0,0,0,0,2025-12-21T16:49:55Z,SPAPI,
2026-02-12T00:00:00Z,2026-02-12,UK,81-3DY5-BFOR,B07W45L22P,0,0,0,0,0,0,0,0,0,0,0,2025-12-22T01:17:22Z,SPAPI,
2026-02-12T00:00:00Z,2026-02-12,UK,86-0EBH-JQX6,B0D59LGPWS,0,0,0,0,0,0,0,0,0,0,0,2025-12-17T11:35:41Z,SPAPI,
2026-02-12T00:00:00Z,2026-02-12,UK,86-1VHQ-ABNK,B08WPCW7TH,0,0,0,0,0,15,1,0,0,0,15,2026-02-12T04:48:32Z,SPAPI,
2026-02-12T00:00:00Z,2026-02-12,UK,88-PT9Z-DP6C,B081SWQNFS,0,0,0,0,0,0,0,0,0,0,0,2025-09-03T00:56:25Z,SPAPI,
2026-02-12T00:00:00Z,2026-02-12,UK,8D-Y151-NFFF,B0031DCJWU,0,0,0,0,0,0,0,0,0,0,0,,SPAPI,
2026-02-12T00:00:00Z,2026-02-12,UK,8L-INBX-OUTU,B016Y8SWZQ,0,0,0,0,0,0,0,0,0,0,0,2026-01-06T13:34:36Z,SPAPI,
2026-02-12T00:00:00Z,2026-02-12,UK,8R-E0Y9-0LAU,B0BBHBX72C,0,0,0,0,0,0,0,0,0,0,0,2026-02-05T09:34:21Z,SPAPI,
2026-02-12T00:00:00Z,2026-02-12,UK,8S-MI05-1R1X,B09NQ9ZHDQ,0,0,0,0,0,0,0,0,0,0,0,,SPAPI,
2026-02-12T00:00:00Z,2026-02-12,UK,8T-HE78-3AQ3,B07772WMSM,0,0,0,0,0,0,0,0,0,0,0,2025-06-07T03:56:24Z,SPAPI,
2026-02-12T00:00:00Z,2026-02-12,UK,8W-I703-VOFQ,B074H6M7TW,0,0,0,0,0,0,0,0,0,0,0,,SPAPI,
2026-02-12T00:00:00Z,2026-02-12,UK,90-0G83-3P0X,B0054RRCQY,0,0,0,0,0,0,0,0,0,0,0,2025-06-09T03:46:43Z,SPAPI,
2026-02-12T00:00:00Z,2026-02-12,UK,91-PZCP-NNGD,B0198KU5PW,0,0,0,0,0,0,0,0,0,0,0,2025-06-14T20:57:52Z,SPAPI,
2026-02-12T00:00:00Z,2026-02-12,UK,93-TB6X-UKTU,B078K3B7R6,0,0,0,0,0,0,0,0,0,0,0,2025-08-01T05:41:23Z,SPAPI,
2026-02-12T00:00:00Z,2026-02-12,UK,94-7TOA-9ZBH,B07QNL4BNM,0,0,0,0,0,0,0,0,0,0,0,2025-06-29T19:38:16Z,SPAPI,
2026-02-12T00:00:00Z,2026-02-12,UK,94-X6R7-SCOW,B0B6GD6QF8,0,0,0,0,0,0,0,0,0,0,0,2025-10-11T10:23:01Z,SPAPI,
2026-02-12T00:00:00Z,2026-02-12,UK,98-MF34-BSCF,B079MFZL6K,0,0,0,0,0,0,0,0,0,0,0,2025-10-01T03:48:45Z,SPAPI,
2026-02-12T00:00:00Z,2026-02-12,UK,9D-PMDG-ALP4,B005BFZAK4,0,0,0,0,0,0,0,0,0,0,0,2025-04-24T00:28:16Z,SPAPI,
2026-02-12T00:00:00Z,2026-02-12,UK,9X-7TBD-NA16,B01N49MD2S,0,0,0,0,0,0,0,0,0,0,0,2025-12-29T05:36:15Z,SPAPI,
2026-02-12T00:00:00Z,2026-02-12,UK,A7-868U-HTPI,B003DZUDYC,0,0,0,0,0,0,0,0,0,0,0,2025-07-02T20:17:40Z,SPAPI,
2026-02-12T00:00:00Z,2026-02-12,UK,A9-2Y9G-M2K7,B00KB225MS,0,0,0,0,0,0,0,0,0,0,0,2025-11-02T12:03:40Z,SPAPI,
2026-02-12T00:00:00Z,2026-02-12,UK,AI-IG9I-YB5A,B081QV8W38,0,0,0,0,0,0,0,0,0,0,0,2025-08-12T20:23:16Z,SPAPI,
2026-02-12T00:00:00Z,2026-02-12,UK,AK-OB6V-HIYD,B00IUKPVYM,0,0,0,0,0,0,0,0,0,0,0,2025-10-30T23:46:38Z,SPAPI,
2026-02-12T00:00:00Z,2026-02-12,UK,B1-4B2R-MBRP,B0C4RR58SF,0,0,0,0,0,0,0,0,0,0,0,2025-08-13T20:24:58Z,SPAPI,
2026-02-12T00:00:00Z,2026-02-12,UK,B7-JEPF-6CU7,B00GI299M4,0,0,0,0,0,0,0,0,0,0,0,2025-09-09T16:17:00Z,SPAPI,
2026-02-12T00:00:00Z,2026-02-12,UK,BB-ZT14-1QQA,B086MBW9R9,0,0,0,0,0,0,0,0,0,0,0,2025-12-12T01:10:45Z,SPAPI,
2026-02-12T00:00:00Z,2026-02-12,UK,BD-TLOK-BCEE,B0D3JCG3YJ,0,0,0,0,0,0,0,0,0,0,0,,SPAPI,
2026-02-12T00:00:00Z,2026-02-12,UK,BM-1O5E-RW8I,B07BC5K5W5,0,0,0,0,0,0,0,0,0,0,0,2025-06-17T11:14:03Z,SPAPI,
2026-02-12T00:00:00Z,2026-02-12,UK,BQ-O3OI-FTJU,B01CKK8CU2,0,0,0,0,0,0,0,0,0,0,0,2026-01-31T13:52:30Z,SPAPI,
2026-02-12T00:00:00Z,2026-02-12,UK,CA-JM6T-ZXP6,B0CMY2G83J,0,0,0,0,0,0,0,0,0,0,0,2025-07-05T03:51:48Z,SPAPI,
2026-02-12T00:00:00Z,2026-02-12,UK,CH-RLZA-2OYU,B01M6BSYME,0,0,0,0,0,0,0,0,0,0,0,,SPAPI,
2026-02-12T00:00:00Z,2026-02-12,UK,CX-1R85-163Z,B0CVHD7892,0,0,0,0,0,0,0,0,0,0,0,2025-10-27T21:37:30Z,SPAPI,
2026-02-12T00:00:00Z,2026-02-12,UK,CY-5VNG-I5M8,B07Y354HMP,0,0,0,0,0,0,0,0,0,0,0,2025-11-18T00:33:43Z,SPAPI,
2026-02-12T00:00:00Z,2026-02-12,UK,D1-LSS7-93U8,B003SYNGE2,0,0,0,0,0,0,0,0,0,0,0,2025-10-30T04:03:09Z,SPAPI,
2026-02-12T00:00:00Z,2026-02-12,UK,D2-8SPY-Q095,B0052VXJGO,0,0,0,0,0,0,0,0,0,0,0,2026-02-07T21:51:18Z,SPAPI,
2026-02-12T00:00:00Z,2026-02-12,UK,D3-QTSY-BCV5,B09P24SGN5,0,0,0,0,0,0,0,0,0,0,0,2025-06-03T23:51:44Z,SPAPI,
2026-02-12T00:00:00Z,2026-02-12,UK,D7-MGBX-RX2P,B001Q77TI2,0,0,0,0,0,0,0,0,0,0,0,2026-01-02T18:04:09Z,SPAPI,
2026-02-12T00:00:00Z,2026-02-12,UK,D8-VDSF-LENN,B00P82UZ6Y,0,0,0,0,0,0,0,0,0,0,0,2025-10-05T18:08:59Z,SPAPI,
2026-02-12T00:00:00Z,2026-02-12,UK,DD-94AN-QL9L,B00VQTO21M,0,0,0,0,0,0,0,0,0,0,0,2025-09-03T23:32:25Z,SPAPI,
2026-02-12T00:00:00Z,2026-02-12,UK,DO-QDI1-K7R9,B0BBH71LQN,0,0,0,0,0,0,0,0,0,0,0,2025-12-06T14:55:57Z,SPAPI,
2026-02-12T00:00:00Z,2026-02-12,UK,DT-SPI3-IK34,B00BA4IOTY,0,0,0,0,0,0,0,0,0,0,0,2025-11-07T04:57:23Z,SPAPI,
2026-02-12T00:00:00Z,2026-02-12,UK,DV-USYD-8WR2,B0D3JD4FFD,0,0,0,0,0,0,0,0,0,0,0,2026-02-02T23:11:45Z,SPAPI,
2026-02-12T00:00:00Z,2026-02-12,UK,DX-1NE9-39YS,B08MT6CW12,0,0,0,0,0,0,0,0,0,0,0,,SPAPI,
2026-02-12T00:00:00Z,2026-02-12,UK,E4-HG4R-5022,B07TGKYLLT,0,0,0,0,0,0,0,0,0,0,0,2025-09-15T03:18:39Z,SPAPI,
2026-02-12T00:00:00Z,2026-02-12,UK,EA-FZ2V-D7II,B00D1V5NWK,0,0,0,0,0,0,0,0,0,0,0,2025-11-07T00:12:34Z,SPAPI,
2026-02-12T00:00:00Z,2026-02-12,UK,EE-KTDC-KCFY,B08FSDMVNP,0,0,0,0,0,0,0,0,0,0,0,2025-12-05T23:24:41Z,SPAPI,
2026-02-12T00:00:00Z,2026-02-12,UK,F7-PMJ2-SG6A,B07RZBBG14,0,0,0,0,0,0,0,0,0,0,0,2026-02-02T00:06:35Z,SPAPI,
2026-02-12T00:00:00Z,2026-02-12,UK,FA-LRV6-YRFW,B00BUY54DI,0,0,0,0,0,0,0,0,0,0,0,2025-10-08T04:01:09Z,SPAPI,
2026-02-12T00:00:00Z,2026-02-12,UK,FBA15K3QTGNT_unexpected_item_01,B07RRQX71T,0,0,0,0,0,0,0,0,0,0,0,2025-11-04T00:11:25Z,SPAPI,
2026-02-12T00:00:00Z,2026-02-12,UK,FD-R7YW-X0GH,B09NQC79GF,0,0,0,0,0,0,0,0,0,0,0,2025-09-29T12:48:35Z,SPAPI,
2026-02-12T00:00:00Z,2026-02-12,UK,FH-DOIH-J7JE,B01MUA5DU5,0,0,0,0,0,0,0,0,0,0,0,,SPAPI,
2026-02-12T00:00:00Z,2026-02-12,UK,FM-7COC-V8U2,B078SZDV17,0,0,0,0,0,0,0,0,0,0,0,,SPAPI,
2026-02-12T00:00:00Z,2026-02-12,UK,FZ-YQYO-ICX5,B0BTTHVGD3,0,0,0,0,0,0,0,0,0,0,0,,SPAPI,
2026-02-12T00:00:00Z,2026-02-12,UK,G8-L8EI-INMK,B0054SB72I,0,0,0,0,0,0,0,0,0,0,0,2025-11-03T21:01:55Z,SPAPI,
2026-02-12T00:00:00Z,2026-02-12,UK,G9-GAEI-FQI3,B0001IWI10,0,0,0,0,0,0,0,0,0,0,0,2025-09-18T04:41:29Z,SPAPI,
2026-02-12T00:00:00Z,2026-02-12,UK,GD-B8SW-1PCP,B0D2Y4NPKZ,0,0,0,0,0,0,0,0,0,0,0,2025-12-05T21:15:52Z,SPAPI,
2026-02-12T00:00:00Z,2026-02-12,UK,GH-PONH-K4WQ,B08L3FB3G2,0,0,0,0,0,0,0,0,0,0,0,2026-02-03T23:34:47Z,SPAPI,
2026-02-12T00:00:00Z,2026-02-12,UK,GH-XAAE-HRU7,B072K2PG11,0,0,0,0,0,0,0,0,0,0,0,,SPAPI,
2026-02-12T00:00:00Z,2026-02-12,UK,GW-1ECO-QZA7,B00N5SLQ7A,0,0,0,0,0,0,0,0,0,0,0,2025-09-24T12:35:25Z,SPAPI,
2026-02-12T00:00:00Z,2026-02-12,UK,H0-BYHY-BTUT,B08WX4Y25G,0,0,0,0,0,0,0,0,0,0,0,2025-07-15T10:02:15Z,SPAPI,
2026-02-12T00:00:00Z,2026-02-12,UK,H8-MI8Q-WG5C,B092K24B2Q,0,0,0,0,0,0,0,0,0,0,0,2025-08-13T00:34:01Z,SPAPI,
2026-02-12T00:00:00Z,2026-02-12,UK,HJ-DHEU-9WG8,B0DHDCRX76,0,0,0,0,0,0,0,0,0,0,0,,SPAPI,
2026-02-12T00:00:00Z,2026-02-12,UK,HL-B4VJ-L8FP,B0813VNJF8,0,0,0,0,0,0,0,0,0,0,0,2025-08-15T10:12:50Z,SPAPI,
2026-02-12T00:00:00Z,2026-02-12,UK,I2-6YKQ-CIBP,B007YX9O9E,0,0,0,0,0,0,0,0,0,0,0,2025-12-19T22:01:58Z,SPAPI,
2026-02-12T00:00:00Z,2026-02-12,UK,I5-DDJZ-N4EF,B07QLML4ZG,0,0,0,0,0,0,0,0,0,0,0,2025-09-01T00:31:25Z,SPAPI,
2026-02-12T00:00:00Z,2026-02-12,UK,IB-PMXX-S0AE,B002BWSZS4,0,0,0,0,0,0,0,0,0,0,0,2025-07-09T16:48:06Z,SPAPI,
2026-02-12T00:00:00Z,2026-02-12,UK,IB-U5FA-BO2Y,B0D3JC45CK,0,0,0,0,0,0,0,0,0,0,0,2026-02-05T17:43:50Z,SPAPI,
2026-02-12T00:00:00Z,2026-02-12,UK,IM-AYXV-79NJ,B09HXXMJV9,0,0,0,0,0,0,0,0,0,0,0,2025-11-11T21:35:38Z,SPAPI,
2026-02-12T00:00:00Z,2026-02-12,UK,IO-9ZD2-3HDO,B09SBGM9Q8,0,0,0,0,0,0,0,0,0,0,0,2025-06-26T10:05:09Z,SPAPI,
2026-02-12T00:00:00Z,2026-02-12,UK,IR-BP1X-M8DG,B008HSBYS4,0,0,0,0,0,0,0,0,0,0,0,2025-07-02T18:15:02Z,SPAPI,
2026-02-12T00:00:00Z,2026-02-12,UK,IZ-8NZ9-VXR2,B08XLT86GL,0,0,0,0,0,0,0,0,0,0,0,2025-05-28T16:26:14Z,SPAPI,
2026-02-12T00:00:00Z,2026-02-12,UK,J1-6I0O-YXCL,B08CHK57TB,0,0,0,0,0,0,0,0,0,0,0,,SPAPI,
2026-02-12T00:00:00Z,2026-02-12,UK,JE-D4LO-O2JD,B07JXBDGJB,0,0,0,0,0,0,0,0,0,0,0,2025-10-09T12:32:21Z,SPAPI,
2026-02-12T00:00:00Z,2026-02-12,UK,JH-97NP-GJDG,B007C3KBIY,0,0,0,0,0,0,0,0,0,0,0,2026-01-20T01:14:26Z,SPAPI,
2026-02-12T00:00:00Z,2026-02-12,UK,JL-VTP2-JF3Q,B07BLX7YG9,0,0,0,0,0,0,0,0,0,0,0,2026-01-28T02:10:25Z,SPAPI,
2026-02-12T00:00:00Z,2026-02-12,UK,JV-D1TI-6UF6,B002HY4YSQ,0,0,0,0,0,0,0,0,0,0,0,2026-01-06T13:34:44Z,SPAPI,
2026-02-12T00:00:00Z,2026-02-12,UK,JX-6USZ-SK7E,0786964502,0,0,0,0,0,0,0,0,0,0,0,2025-07-08T11:28:55Z,SPAPI,
2026-02-12T00:00:00Z,2026-02-12,UK,JY-781R-EYHZ,B005HXLH3O,0,0,0,0,0,0,0,0,0,0,0,2025-06-20T20:40:21Z,SPAPI,
2026-02-12T00:00:00Z,2026-02-12,UK,K0-71JR-UNLF,B01JL0WRI2,0,0,0,0,0,0,0,0,0,0,0,2026-01-13T23:49:38Z,SPAPI,
2026-02-12T00:00:00Z,2026-02-12,UK,K2-VE7K-V9TU,B08FR6S7CD,0,0,0,0,0,0,0,0,0,0,0,2025-05-07T15:30:40Z,SPAPI,
2026-02-12T00:00:00Z,2026-02-12,UK,K5-QUBI-YTWD,B0037B0C66,0,0,0,0,0,0,0,0,0,0,0,2025-08-27T19:16:12Z,SPAPI,
2026-02-12T00:00:00Z,2026-02-12,UK,K7-1K9P-TTAZ,B00VREYQYO,0,0,0,0,0,0,0,0,0,0,0,,SPAPI,
2026-02-12T00:00:00Z,2026-02-12,UK,KI-CR51-18J3,B0070Y60K8,0,0,0,0,0,0,0,0,0,0,0,2026-01-21T15:12:15Z,SPAPI,
2026-02-12T00:00:00Z,2026-02-12,UK,KQ-XRZK-09KK,B0CSG9BFMJ,0,0,0,0,0,0,0,0,0,0,0,,SPAPI,
2026-02-12T00:00:00Z,2026-02-12,UK,L2-WL35-LG0D,B07PRCJQFX,0,0,0,0,0,0,0,0,0,0,0,,SPAPI,
2026-02-12T00:00:00Z,2026-02-12,UK,L3-ZQ8U-A7LQ,B004I2N5AS,0,0,0,0,0,0,1,0,0,0,0,2026-02-12T03:22:06Z,SPAPI,
2026-02-12T00:00:00Z,2026-02-12,UK,LF-X542-9TDZ,B07YYG14S1,0,0,0,0,0,0,0,0,0,0,0,2025-12-07T17:13:50Z,SPAPI,
2026-02-12T00:00:00Z,2026-02-12,UK,LR-Q5V9-S4GK,B09P244SML,0,0,0,0,0,0,0,0,0,0,0,2025-06-13T22:08:08Z,SPAPI,
2026-02-12T00:00:00Z,2026-02-12,UK,LV-425G-BY4X,9188805646,0,0,0,0,0,0,0,0,0,0,0,2026-02-02T22:24:43Z,SPAPI,
2026-02-12T00:00:00Z,2026-02-12,UK,M5-71MK-T0DL,B0B337ZY41,0,0,0,0,0,0,0,0,0,0,0,2025-11-18T22:30:49Z,SPAPI,
2026-02-12T00:00:00Z,2026-02-12,UK,M7-TSI2-5W7I,B06XYTDCC5,0,0,0,0,0,0,0,0,0,0,0,,SPAPI,
2026-02-12T00:00:00Z,2026-02-12,UK,M8-LMW1-Z8AS,B00IQFGOGA,0,0,0,0,0,0,0,0,0,0,0,,SPAPI,
2026-02-12T00:00:00Z,2026-02-12,UK,MF-TPXM-F8AF,B0D3J9C8NN,0,0,0,0,0,0,0,0,0,0,0,2025-11-21T14:22:07Z,SPAPI,
2026-02-12T00:00:00Z,2026-02-12,UK,MN-LXY0-1MMT,B07DFB8DKB,0,0,0,0,0,0,0,0,0,0,0,2025-09-26T15:16:25Z,SPAPI,
2026-02-12T00:00:00Z,2026-02-12,UK,MR-727N-ZG8K,B07T2PV79R,0,0,0,0,0,0,0,0,0,0,0,2025-08-04T21:28:35Z,SPAPI,
2026-02-12T00:00:00Z,2026-02-12,UK,MU-717K-DELS,B076V4V2QQ,0,0,0,0,0,0,0,0,0,0,0,2025-04-09T22:01:07Z,SPAPI,
2026-02-12T00:00:00Z,2026-02-12,UK,MU-A667-UQ3J,B081TGZQVR,0,0,0,0,0,0,0,0,0,0,0,,SPAPI,
2026-02-12T00:00:00Z,2026-02-12,UK,MV-UNOG-CTUU,B00FO70GG2,0,0,0,0,0,0,0,0,0,0,0,2025-10-06T11:25:51Z,SPAPI,
2026-02-12T00:00:00Z,2026-02-12,UK,MW-1ILH-TLS4,B0CDH5Y3N9,0,0,0,0,0,0,0,0,0,0,0,2025-10-27T17:36:13Z,SPAPI,
2026-02-12T00:00:00Z,2026-02-12,UK,MW-9K5M-VKW8,B0073TTHBY,0,0,0,0,0,3,0,0,0,0,3,2026-02-12T04:20:16Z,SPAPI,
2026-02-12T00:00:00Z,2026-02-12,UK,MW-RSG9-3S2C,B07DRLVHM2,0,0,0,0,0,0,0,0,0,0,0,,SPAPI,
2026-02-12T00:00:00Z,2026-02-12,UK,MY-85FY-TSON,B0CKS4H64X,0,0,0,0,0,0,0,0,0,0,0,2025-06-07T13:09:29Z,SPAPI,
2026-02-12T00:00:00Z,2026-02-12,UK,MY-KL21-NMV5,B0913SVFD3,0,0,0,0,0,0,0,0,0,0,0,2026-01-06T13:35:18Z,SPAPI,
2026-02-12T00:00:00Z,2026-02-12,UK,MY-XMO2-EXY1,B0042SNS7S,0,0,0,0,0,0,0,0,0,0,0,2025-07-10T02:10:37Z,SPAPI,
2026-02-12T00:00:00Z,2026-02-12,UK,N4-5C3G-RJS1,B000MQ663C,0,0,0,0,0,0,0,0,0,0,0,2025-08-16T21:14:01Z,SPAPI,
2026-02-12T00:00:00Z,2026-02-12,UK,N7-A24N-WJA7,B09NM9TVYX,0,0,0,0,0,0,0,0,0,0,0,2025-12-03T23:46:42Z,SPAPI,
2026-02-12T00:00:00Z,2026-02-12,UK,NN-TSZ1-X2RD,B093FQYQJH,0,0,0,1,1,0,1,0,1,0,2,2026-02-12T03:50:27Z,SPAPI,
2026-02-12T00:00:00Z,2026-02-12,UK,NO-N6RP-Y30Q,B07NJCFPKF,0,0,0,0,0,0,0,0,0,0,0,2025-10-23T00:28:30Z,SPAPI,
2026-02-12T00:00:00Z,2026-02-12,UK,NX-0OE3-AD7U,B083G9XHT9,0,0,0,0,0,0,0,0,0,0,0,,SPAPI,
2026-02-12T00:00:00Z,2026-02-12,UK,NX-0Q7A-XR6H,B082DG6GJ6,0,0,0,0,0,0,0,0,0,0,0,2025-11-10T03:11:19Z,SPAPI,
2026-02-12T00:00:00Z,2026-02-12,UK,NX-YY01-TLFO,B004TRSSIQ,0,0,0,0,0,0,0,0,0,0,0,2025-10-20T22:57:24Z,SPAPI,
2026-02-12T00:00:00Z,2026-02-12,UK,OI-0483-CBVX,B07BC5J1WW,0,0,0,0,0,0,0,0,0,0,0,2025-08-15T16:55:51Z,SPAPI,
2026-02-12T00:00:00Z,2026-02-12,UK,OP-0TPO-SB3I,B08MQ1N1CC,0,0,0,0,0,0,0,0,0,0,0,2025-06-06T16:58:36Z,SPAPI,
2026-02-12T00:00:00Z,2026-02-12,UK,OT-3LZR-3R6K,B08CB36DY9,0,0,0,0,0,0,0,0,0,0,0,2025-12-02T17:33:45Z,SPAPI,
2026-02-12T00:00:00Z,2026-02-12,UK,OW-ONY2-KNM7,B09MTXZY2Y,0,0,0,0,0,0,0,0,0,0,0,2025-08-13T11:52:08Z,SPAPI,
2026-02-12T00:00:00Z,2026-02-12,UK,OZ-3NKR-VLYG,B0049A27FS,0,0,0,0,0,1,0,0,0,0,1,2025-11-10T04:27:24Z,SPAPI,
2026-02-12T00:00:00Z,2026-02-12,UK,PE-G94Y-4PYO,B011SEA38A,0,0,0,0,0,0,0,0,2,0,2,2026-02-12T05:25:12Z,SPAPI,
2026-02-12T00:00:00Z,2026-02-12,UK,PH-M7S4-05R5,B0D3JCMSF5,0,0,0,0,0,0,0,0,0,0,0,2025-06-13T00:54:36Z,SPAPI,
2026-02-12T00:00:00Z,2026-02-12,UK,PK-9T59-FNWW,B0D3JBK56B,0,0,0,0,0,0,0,0,0,0,0,2025-05-12T20:18:37Z,SPAPI,
2026-02-12T00:00:00Z,2026-02-12,UK,PN-0NVI-R2WQ,B06XGFW1Q2,0,0,0,0,0,0,0,0,0,0,0,2025-07-14T19:21:07Z,SPAPI,
2026-02-12T00:00:00Z,2026-02-12,UK,PT-7SUD-DDSG,B09NQ9ZHDQ,0,0,0,0,0,0,0,0,0,0,0,,SPAPI,
2026-02-12T00:00:00Z,2026-02-12,UK,PY-XV78-3OG5,B0D3J9M2H8,0,0,0,0,0,0,0,0,0,0,0,2026-01-06T13:34:22Z,SPAPI,
2026-02-12T00:00:00Z,2026-02-12,UK,Q1-00D7-5IQF,B0042SI594,0,0,0,0,0,0,0,0,0,0,0,2025-06-11T16:31:07Z,SPAPI,
2026-02-12T00:00:00Z,2026-02-12,UK,QD-UWUI-6381,B00DSYVL7Q,0,0,0,0,0,0,0,0,0,0,0,2025-05-17T15:21:49Z,SPAPI,
2026-02-12T00:00:00Z,2026-02-12,UK,QF-JFBE-D4VE,B008ID91XI,0,0,0,0,0,0,0,0,0,0,0,2025-09-04T19:02:49Z,SPAPI,
2026-02-12T00:00:00Z,2026-02-12,UK,QP-BCUW-E90M,B00O5NEUAY,0,0,0,0,0,0,0,0,0,0,0,2025-08-18T19:27:45Z,SPAPI,
2026-02-12T00:00:00Z,2026-02-12,UK,QT-C0ZN-T4R7,9188805972,0,0,0,0,0,0,0,0,0,0,0,2025-06-20T02:38:24Z,SPAPI,
2026-02-12T00:00:00Z,2026-02-12,UK,QV-8RC1-EYAM,B07DVPP57X,0,0,0,0,0,0,0,0,0,0,0,,SPAPI,
2026-02-12T00:00:00Z,2026-02-12,UK,QV-VH06-EAV3,B07CPKRL8Z,0,0,0,0,0,0,0,0,0,0,0,2025-08-01T02:46:59Z,SPAPI,
2026-02-12T00:00:00Z,2026-02-12,UK,QW-9XV0-Q3EH,B00J5H1E9K,0,0,0,0,0,0,0,0,0,0,0,2025-05-02T03:13:31Z,SPAPI,
2026-02-12T00:00:00Z,2026-02-12,UK,R0-ODDX-WROO,B076RY52XG,0,0,0,0,0,0,0,0,0,0,0,2025-07-22T16:14:06Z,SPAPI,
2026-02-12T00:00:00Z,2026-02-12,UK,R5-Y2AA-V5FS,B07Z2QNW7R,0,0,0,0,0,0,0,0,0,0,0,,SPAPI,
2026-02-12T00:00:00Z,2026-02-12,UK,RB-82FL-T88J,B0CJ8TNZ67,0,0,0,0,0,0,0,0,0,0,0,2026-01-31T12:38:09Z,SPAPI,
2026-02-12T00:00:00Z,2026-02-12,UK,RS-NSGK-AN7M,B09P24GP9M,0,0,0,0,0,0,0,0,0,0,0,2025-07-31T19:52:03Z,SPAPI,
2026-02-12T00:00:00Z,2026-02-12,UK,RY-2DTP-16YZ,B01N273YMX,0,0,0,0,0,0,0,0,0,0,0,2025-06-18T22:19:14Z,SPAPI,
2026-02-12T00:00:00Z,2026-02-12,UK,RY-U14K-5XDR,B005NG23OW,0,0,0,0,0,0,0,0,0,0,0,2025-09-18T04:42:27Z,SPAPI,
2026-02-12T00:00:00Z,2026-02-12,UK,S8-7VIK-3VEL,B0CT2BZ864,0,0,0,0,0,0,0,0,0,0,0,2025-09-24T22:30:24Z,SPAPI,
2026-02-12T00:00:00Z,2026-02-12,UK,SC-LYFM-ORXK,B07QXSDZJM,0,0,0,0,0,0,0,0,0,0,0,2025-12-15T06:22:54Z,SPAPI,
2026-02-12T00:00:00Z,2026-02-12,UK,SE-IQQJ-EOU3,B004R1ZS64,0,0,0,0,0,0,0,0,0,0,0,2025-11-13T04:15:41Z,SPAPI,
2026-02-12T00:00:00Z,2026-02-12,UK,SQ-7QYT-5D5B,B0915M1DLF,0,0,0,0,0,0,0,0,1,0,1,2026-02-12T05:57:30Z,SPAPI,
2026-02-12T00:00:00Z,2026-02-12,UK,SR-6OBB-WC03,B06XXDNH1P,0,0,0,0,0,0,0,0,0,0,0,2026-02-03T16:24:13Z,SPAPI,
2026-02-12T00:00:00Z,2026-02-12,UK,SR-JF1N-II8S,B094D24L5J,0,0,0,0,0,0,0,0,0,0,0,2025-05-06T16:49:28Z,SPAPI,
2026-02-12T00:00:00Z,2026-02-12,UK,SU-JM8R-2U82,B09ST7SSLW,0,0,0,0,0,0,0,0,0,0,0,2026-01-13T16:27:51Z,SPAPI,
2026-02-12T00:00:00Z,2026-02-12,UK,SZ-UL4K-SE7W,B002QGAF8S,0,0,0,0,0,0,0,0,0,0,0,2025-09-19T03:37:15Z,SPAPI,
2026-02-12T00:00:00Z,2026-02-12,UK,T8-6UWL-I3E1,B001OXH0X2,0,0,0,0,0,0,2,0,1,0,1,2026-02-12T04:22:47Z,SPAPI,
2026-02-12T00:00:00Z,2026-02-12,UK,TA-7DAZ-18PU,B0CNT2Z32S,0,0,0,0,0,0,0,0,0,0,0,2025-08-30T16:54:28Z,SPAPI,
2026-02-12T00:00:00Z,2026-02-12,UK,TA-HQMF-9SUB,B074JHRC6J,0,0,0,0,0,0,0,0,0,0,0,2025-06-15T11:43:58Z,SPAPI,
2026-02-12T00:00:00Z,2026-02-12,UK,TE-Y18U-S2O1,B08X1WM596,0,0,0,0,0,0,0,0,0,0,0,2025-11-23T17:46:38Z,SPAPI,
2026-02-12T00:00:00Z,2026-02-12,UK,TU-8I14-25ZR,B0CN5KRVXB,0,0,0,0,0,0,2,0,0,0,0,2026-02-12T04:12:34Z,SPAPI,
2026-02-12T00:00:00Z,2026-02-12,UK,U1-M5BM-8F5W,B0C9J86XCZ,0,0,0,0,0,0,0,0,0,0,0,2026-01-06T13:34:50Z,SPAPI,
2026-02-12T00:00:00Z,2026-02-12,UK,U4-61J7-ERHI,B088FKCDV6,0,0,0,0,0,0,0,0,0,0,0,2025-09-28T14:54:29Z,SPAPI,
2026-02-12T00:00:00Z,2026-02-12,UK,UL-D0Y8-ZNI5,B08DR97BX2,0,0,0,0,0,0,0,0,0,0,0,2025-12-31T05:10:51Z,SPAPI,
2026-02-12T00:00:00Z,2026-02-12,UK,UN-2721-RX94,B08ZJL6FGL,0,0,0,0,0,0,0,0,0,0,0,,SPAPI,
2026-02-12T00:00:00Z,2026-02-12,UK,UR-UAT8-4JSI,B00LDLBG3A,0,0,0,0,0,0,0,0,0,0,0,2025-09-18T08:02:18Z,SPAPI,
2026-02-12T00:00:00Z,2026-02-12,UK,UR-W905-8D8D,B00B2KJ59Y,0,0,0,0,0,0,0,0,0,0,0,2025-06-17T13:59:24Z,SPAPI,
2026-02-12T00:00:00Z,2026-02-12,UK,UT-WXOQ-6CZL,B08CVTBP81,0,0,0,0,0,0,0,0,0,0,0,2025-09-15T16:44:17Z,SPAPI,
2026-02-12T00:00:00Z,2026-02-12,UK,V1-ON8D-S6WQ,B06XY4DS8H,0,0,0,0,0,0,0,0,0,0,0,,SPAPI,
2026-02-12T00:00:00Z,2026-02-12,UK,VA-V4J8-WHCT,B08FKZMQH8,0,0,0,0,0,0,0,0,0,0,0,2025-06-29T00:42:28Z,SPAPI,
2026-02-12T00:00:00Z,2026-02-12,UK,VI-ICHI-WPB5,B004S0S0S2,0,0,0,0,0,0,0,0,0,0,0,2025-06-07T11:13:14Z,SPAPI,
2026-02-12T00:00:00Z,2026-02-12,UK,VL-48KZ-J3F2,B07L8N2TC1,0,0,0,0,0,0,0,0,0,0,0,2025-11-25T08:07:51Z,SPAPI,
2026-02-12T00:00:00Z,2026-02-12,UK,W3-H7LU-CTRI,B0002TT36Q,0,0,0,0,0,0,0,0,0,0,0,2025-08-06T21:28:24Z,SPAPI,
2026-02-12T00:00:00Z,2026-02-12,UK,WF-JLK1-5PKN,B08563KQKG,0,0,0,0,0,0,0,0,0,0,0,2025-08-22T16:50:10Z,SPAPI,
2026-02-12T00:00:00Z,2026-02-12,UK,WJ-YHKC-EES5,B07CN7NRF7,0,0,0,0,0,0,0,0,0,0,0,2026-02-02T06:10:37Z,SPAPI,
2026-02-12T00:00:00Z,2026-02-12,UK,WR-3V7D-BB7Z,B07BBZZ8RC,0,0,0,0,0,0,0,0,0,0,0,2025-10-16T16:31:17Z,SPAPI,
2026-02-12T00:00:00Z,2026-02-12,UK,WR-MNST-TKW6,B0BVZVSHZP,0,0,0,0,0,0,0,0,0,0,0,,SPAPI,
2026-02-12T00:00:00Z,2026-02-12,UK,X1-APP3-4HQ6,B0BMKQKC3M,0,0,0,0,0,0,0,0,0,0,0,2025-10-18T07:51:23Z,SPAPI,
2026-02-12T00:00:00Z,2026-02-12,UK,XG-Z9LW-Z27Q,B09NQ9YX9R,0,0,0,0,0,0,0,0,0,0,0,2025-11-20T22:18:31Z,SPAPI,
2026-02-12T00:00:00Z,2026-02-12,UK,XH-OMMJ-C7MT,B096BPSDRZ,0,0,0,0,0,0,0,0,0,0,0,2025-12-15T14:06:57Z,SPAPI,
2026-02-12T00:00:00Z,2026-02-12,UK,XJ-2FN3-M9FH,B099FBD93Y,0,0,0,0,0,0,0,0,0,0,0,2025-10-23T13:48:35Z,SPAPI,
2026-02-12T00:00:00Z,2026-02-12,UK,XL-BFPF-CBW4,B07QNL62Z2,0,0,0,0,0,0,0,0,0,0,0,2025-08-21T02:24:07Z,SPAPI,
2026-02-12T00:00:00Z,2026-02-12,UK,XN-OF53-7WRU,B0084CNKAI,0,0,0,0,0,0,0,0,0,0,0,2025-06-28T17:14:29Z,SPAPI,
2026-02-12T00:00:00Z,2026-02-12,UK,XY-SHVR-W7PG,B076VTQGGL,0,0,0,0,0,0,0,0,0,0,0,2025-09-21T00:52:04Z,SPAPI,
2026-02-12T00:00:00Z,2026-02-12,UK,Y5-REMJ-CY7A,B0BLTGP2JX,0,0,0,0,0,0,0,0,0,0,0,2025-09-11T17:09:05Z,SPAPI,
2026-02-12T00:00:00Z,2026-02-12,UK,YD-NO15-VYZL,B00VRF1XEY,0,0,0,0,0,0,0,0,0,0,0,,SPAPI,
2026-02-12T00:00:00Z,2026-02-12,UK,YJ-WD59-WWA2,B071X4RKYL,0,0,0,0,0,0,0,0,0,0,0,2025-10-02T17:02:38Z,SPAPI,
2026-02-12T00:00:00Z,2026-02-12,UK,Z3-ORV9-K8XD,B000FGECAI,0,0,0,0,0,0,0,0,0,0,0,2026-01-19T16:12:01Z,SPAPI,
2026-02-12T00:00:00Z,2026-02-12,UK,Z9-FBUQ-EZN3,B074RQ8G8Z,0,0,0,0,0,0,0,0,0,0,0,2025-12-16T01:53:10Z,SPAPI,
2026-02-12T00:00:00Z,2026-02-12,UK,ZB-PV7O-TKUD,B0BBH9MHBH,0,0,0,0,0,0,0,0,0,0,0,2025-08-07T20:31:22Z,SPAPI,
2026-02-12T00:00:00Z,2026-02-12,UK,ZI-1MA2-8QGC,B08M8CQHHV,0,0,0,0,0,0,0,0,0,0,0,2025-11-24T03:48:24Z,SPAPI,
2026-02-12T00:00:00Z,2026-02-12,UK,ZJ-9IR6-7M3A,B07RXCFY28,0,0,0,0,0,0,0,0,0,0,0,2025-10-12T17:17:45Z,SPAPI,
2026-02-12T00:00:00Z,2026-02-12,UK,ZU-PFDN-JSYV,B07MW9H6P4,0,0,0,0,0,0,0,0,0,0,0,2025-11-25T17:44:21Z,SPAPI,
2026-02-12T00:00:00Z,2026-02-12,UK,ZV-RLOD-Q0JI,B0BS1WDHP7,0,0,0,0,0,0,0,0,0,0,0,2025-11-30T18:13:40Z,SPAPI,
