timestamp_utc,asof_date,marketplace,sku,asin,our_price,buy_box_price,buy_box_present_flag,outcome_known_flag,we_present_flag,buy_box_channel,lowest_fba_price,lowest_fbm_price,offer_count_fba,offer_count_fbm,bsr,bsr_category,source,notes
2026-02-18T11:32:14Z,2026-02-18,UK,0G-JB6S-PN34,B07H2WXMDJ,5.9,,0,0,1,Unknown,5.9,,9,,,,SPAPI,
2026-02-18T11:32:14Z,2026-02-18,UK,0R-GRRH-W0Z9,B09NQD4S5N,8.99,5.76,1,1,1,FBM,8.99,5.76,2,5,,,SPAPI,
2026-02-18T11:32:14Z,2026-02-18,UK,2G-AYBQ-TUQG,B002KFZKZ8,21.99,14.97,1,1,1,FBM,21.99,14.77,2,5,,,SPAPI,
2026-02-18T11:32:14Z,2026-02-18,UK,3X-EXDD-TD2K,B0D6W9DZX4,49.99,49.99,1,1,1,FBA,32.5,52.79,1,3,,,SPAPI,
2026-02-18T11:32:14Z,2026-02-18,UK,4W-VS57-BV6A,B0C9LJNJWZ,35.91,35.0,1,1,1,FBA,22.35,35.0,1,10,,,SPAPI,low velocity consistent
2026-02-18T11:32:14Z,2026-02-18,UK,5Z-6Z0P-9TQQ,B08MW8XMNQ,3.64,,0,0,1,Unknown,3.63,3.62,2,1,,,SPAPI,
2026-02-18T11:32:14Z,2026-02-18,UK,6Q-9G2A-IKVV,B000PSB13C,16.0,9.99,1,1,1,FBA,9.99,11.0,3,4,,,SPAPI,
2026-02-18T11:32:14Z,2026-02-18,UK,6V-EEC1-2S9Z,B06WW79DX5,7.49,7.49,1,1,1,FBA,7.49,8.4,2,8,,,SPAPI,high velocity consistent
2026-02-18T11:32:14Z,2026-02-18,UK,714810,B002BX8ZFG,9.99,9.99,1,1,1,FBA,9.99,,1,,,,SPAPI,
2026-02-18T11:32:14Z,2026-02-18,UK,7M-48OU-23X3,B004GFPFBO,16.99,13.0,1,1,1,FBA,17.91,13.0,1,12,,,SPAPI,
2026-02-18T11:32:14Z,2026-02-18,UK,8M-LM6B-F2Q5,B00D1V5FPU,5.45,5.45,1,1,1,FBA,2.99,2.99,2,5,,,SPAPI,
2026-02-18T11:32:14Z,2026-02-18,UK,8M-NHB7-T8TR,B0B2RBG672,29.23,29.23,1,1,1,FBA,29.23,29.22,3,6,,,SPAPI,
2026-02-18T11:32:14Z,2026-02-18,UK,8U-QPFH-3EKQ,B07T9WVBZ2,6.46,5.36,1,1,1,FBA,5.36,,2,,,,SPAPI,
2026-02-18T11:32:14Z,2026-02-18,UK,9X-HL62-83C7,B00BEUFYE2,5.87,4.99,1,1,1,FBA,4.98,6.95,5,3,,,SPAPI,
2026-02-18T11:32:14Z,2026-02-18,UK,A1-KSU1-GZMS,B07BC1CMDK,2.99,2.99,1,1,1,FBA,2.99,4.73,2,1,,,SPAPI,
2026-02-18T11:32:14Z,2026-02-18,UK,A2-T2AC-TW3L,B006PFN3BW,11.14,11.15,1,1,1,FBM,11.14,11.15,3,14,,,SPAPI,
2026-02-18T11:32:14Z,2026-02-18,UK,AF-KIHX-ANYY,B0001P15T4,4.99,3.97,1,1,1,FBM,4.99,3.89,1,10,,,SPAPI,
2026-02-18T11:32:14Z,2026-02-18,UK,AX-NKNU-29C1,B08M52B4M5,3.99,,0,0,1,Unknown,3.99,4.99,1,3,,,SPAPI,high velocity inconsistent | buy_box_price_missing
2026-02-18T11:32:14Z,2026-02-18,UK,BL-WX51-KQOK,B0897VHKW6,9.99,,0,0,1,Unknown,9.99,,1,,,,SPAPI,
2026-02-18T11:32:14Z,2026-02-18,UK,CJ-X0SS-QOUW,B0CG234KW1,14.22,10.19,1,1,1,FBM,10.77,10.19,2,2,,,SPAPI,
2026-02-18T11:32:14Z,2026-02-18,UK,CX-SMCH-4DYA,B0012B80HG,8.84,8.38,1,1,1,FBA,8.38,,7,,,,SPAPI,
2026-02-18T11:32:14Z,2026-02-18,UK,D0-C7C0-H6LN,B07F1MFWV1,6.0,,0,0,1,Unknown,6.0,,2,,,,SPAPI,
2026-02-18T11:32:14Z,2026-02-18,UK,D8-1A3E-I37F,B001ET78RY,34.99,34.99,1,1,1,FBA,34.99,,1,,,,SPAPI,
2026-02-18T11:32:14Z,2026-02-18,UK,DC-K5WH-R7F5,B0073FT7FY,3.0,3.0,1,1,1,FBA,3.0,2.99,4,8,,,SPAPI,
2026-02-18T11:32:14Z,2026-02-18,UK,EV-CHU5-XU3G,B07QQDMJ6M,7.49,7.49,1,1,1,FBA,7.49,8.2,5,3,,,SPAPI,
2026-02-18T11:32:14Z,2026-02-18,UK,FB-6FW0-Z82Q,B005F5TRBI,6.37,5.94,1,1,1,FBA,5.94,5.94,3,7,,,SPAPI,
2026-02-18T11:32:14Z,2026-02-18,UK,GA-9DTN-9O1E,B086763VT8,36.99,36.99,1,1,1,FBA,36.99,36.99,2,5,,,SPAPI,
2026-02-18T11:32:14Z,2026-02-18,UK,GY-FO04-RDYL,B09M3PQRBG,8.71,6.17,1,1,1,FBA,6.17,9.73,3,3,,,SPAPI,
2026-02-18T11:32:14Z,2026-02-18,UK,H6-E7MP-EBPD,B00000IU72,18.08,17.99,1,1,1,FBA,17.99,17.96,2,14,,,SPAPI,
2026-02-18T11:32:14Z,2026-02-18,UK,HL-03ZR-QPHH,B09M3PFZC8,8.71,6.17,1,1,1,FBA,6.17,9.73,3,1,,,SPAPI,
2026-02-18T11:32:14Z,2026-02-18,UK,HS-R5IP-7E1C,B00LXM3PGK,9.99,,0,0,1,Unknown,9.99,5.7,1,6,,,SPAPI,
2026-02-18T11:32:14Z,2026-02-18,UK,IJ-V0PQ-4CZ4,B09NQCV872,8.99,5.75,1,1,1,FBM,8.99,5.75,2,6,,,SPAPI,
2026-02-18T11:32:14Z,2026-02-18,UK,JB-RGB6-LZOJ,B0001P0DLU,9.98,5.95,1,1,1,FBA,5.95,6.75,2,12,,,SPAPI,mid velocity consistent
2026-02-18T11:32:14Z,2026-02-18,UK,L1-54EX-56YC,B09445GL1C,12.53,12.53,1,1,1,FBA,12.53,12.53,3,3,,,SPAPI,candidate_with_stock_and_price_fluctuation
2026-02-18T11:32:14Z,2026-02-18,UK,L5-PF3B-WHU4,B09LDDFK4R,39.99,39.99,1,1,1,FBA,39.99,,1,,,,SPAPI,
2026-02-18T11:32:14Z,2026-02-18,UK,LP-QMNJ-J49G,B0CL5DHG37,5.99,,0,0,1,Unknown,5.99,5.09,1,1,,,SPAPI,
2026-02-18T11:32:14Z,2026-02-18,UK,LR-7GM6-1RCH,B08MQB42B3,38.06,37.29,1,1,1,FBA,29.99,36.9,4,7,,,SPAPI,
2026-02-18T11:32:14Z,2026-02-18,UK,OV-LVEL-DQL6,B08W25WKTN,16.08,14.67,1,1,1,FBA,14.67,13.99,4,13,,,SPAPI,
2026-02-18T11:32:14Z,2026-02-18,UK,R4-0AXZ-ZZ9D,B0844ZRHS9,12.2,11.99,1,1,1,FBA,9.72,11.99,4,7,,,SPAPI,
2026-02-18T11:32:14Z,2026-02-18,UK,R7-98IN-2PW8,B08CHKHTWX,5.83,5.45,1,1,1,FBM,5.75,5.4,6,17,,,SPAPI,
2026-02-18T11:32:14Z,2026-02-18,UK,RI-VSUS-0YTD,B08MVGD2ND,7.25,6.99,1,1,1,FBM,7.25,6.99,3,2,,,SPAPI,
2026-02-18T11:32:14Z,2026-02-18,UK,RW-AZK6-O4M2,B00F4LA0K0,4.6,3.84,1,1,1,FBA,3.79,3.5,4,7,,,SPAPI,
2026-02-18T11:32:14Z,2026-02-18,UK,RZ-6ZL9-CZ7J,B075XT2J8X,6.97,6.35,1,1,1,FBA,6.35,6.35,5,6,,,SPAPI,low velocity inconsistent
2026-02-18T11:32:14Z,2026-02-18,UK,TJ-6LOP-OPEU,B08P63MSS9,8.97,,0,0,1,Unknown,8.97,8.68,2,3,,,SPAPI,low velocity consistent | buy_box_price_missing
2026-02-18T11:32:14Z,2026-02-18,UK,TK-E7QE-T40G,B000FPU2SK,9.11,7.68,1,1,1,FBA,7.68,,4,,,,SPAPI,
2026-02-18T11:32:14Z,2026-02-18,UK,UR-Q7TM-1F3I,B072YZPBJ3,17.17,15.92,1,1,1,FBM,20.79,15.92,1,19,,,SPAPI,
2026-02-18T11:32:14Z,2026-02-18,UK,US-AK96-YFSB,B002DPGTF0,7.9,7.9,1,1,1,FBA,7.9,7.9,2,1,,,SPAPI,
2026-02-18T11:32:14Z,2026-02-18,UK,VF-3T0K-DR5O,B08KFFY86W,5.35,4.79,1,1,1,FBA,4.79,4.79,17,4,,,SPAPI,mid velocity inconsistent
2026-02-18T11:32:14Z,2026-02-18,UK,VO-A6AR-18YS,B09NQDQ8X7,8.99,5.76,1,1,1,FBM,8.99,5.76,2,5,,,SPAPI,
2026-02-18T11:32:14Z,2026-02-18,UK,VU-8KRA-QP5M,B0BNLWBLMV,12.88,12.88,1,1,1,FBA,12.88,12.88,5,10,,,SPAPI,
2026-02-18T11:32:14Z,2026-02-18,UK,W3-8FN7-FSP0,B004J71OSC,7.99,,0,0,1,Unknown,7.99,13.52,1,2,,,SPAPI,
2026-02-18T11:32:14Z,2026-02-18,UK,WE-1Z7L-SA2I,B08MVG9QZW,7.49,6.99,1,1,1,FBM,7.49,6.99,2,1,,,SPAPI,
2026-02-18T11:32:14Z,2026-02-18,UK,X7-MY4W-H2I4,B00S9IXBVU,7.53,6.95,1,1,1,FBA,6.95,6.95,2,3,,,SPAPI,
2026-02-18T11:32:14Z,2026-02-18,UK,XE-27ZG-EZPZ,B0001IWX7E,4.36,2.99,1,1,1,FBA,2.99,5.39,2,3,,,SPAPI,
2026-02-18T11:32:14Z,2026-02-18,UK,XE-YPAI-HX9F,B086ZD7MG6,9.0,8.09,1,1,1,FBA,8.09,11.1,3,4,,,SPAPI,added_for_phase1_live_test_2026-02-16
2026-02-18T11:32:14Z,2026-02-18,UK,XH-0LAE-FQO5,B00AOES9GE,6.9,6.13,1,1,1,FBA,6.13,,5,,,,SPAPI,low velocity inconsistent
2026-02-18T11:32:14Z,2026-02-18,UK,XY-UM2X-TPS3,B003VTZAM0,11.47,9.99,1,1,1,FBM,9.99,9.99,6,5,,,SPAPI,mid velocity consistent
2026-02-18T11:32:14Z,2026-02-18,UK,YC-3L3M-BV48,B0CTD6Q6KY,119.95,79.0,1,1,1,FBA,79.0,,2,,,,SPAPI,low velocity inconsistent
2026-02-18T11:32:14Z,2026-02-18,UK,YO-EKK2-FRCC,B00BWU7MNU,6.42,5.98,1,1,1,FBA,5.98,5.98,5,6,,,SPAPI,
2026-02-18T11:32:14Z,2026-02-18,UK,Z7-26PV-O9LR,B07J9JGZZV,9.2,9.08,1,1,1,FBA,9.08,9.74,8,7,,,SPAPI,
2026-02-18T11:32:14Z,2026-02-18,UK,ZT-QPY3-P24I,B0D3JBBGSB,79.97,79.63,1,1,1,FBA,27.1,79.63,13,3,,,SPAPI,
