asof_utc,sku,asin,sale_status,merchant_status,in_stock_flag,writer_mode,parked_flag,park_reason_codes,cpt_tier
2026-02-18T06:42:51Z,---,,dropped,,0,READ_ONLY,1,PARK_MERCHANT_INACTIVE|PARK_NO_LISTING_ROW|PARK_OUT_OF_STOCK|PARK_SALE_STATUS_DROPPED,PARKED
2026-02-18T06:42:51Z,02-7AZG-O0CV,B01N31JDVX,active,inactive,0,READ_ONLY,1,PARK_MERCHANT_INACTIVE|PARK_NO_LISTING_ROW|PARK_OUT_OF_STOCK,PARKED
2026-02-18T06:42:51Z,03-7TNF-U2A1,B08C34199M,dropped,inactive,0,READ_ONLY,1,PARK_MERCHANT_INACTIVE|PARK_NO_LISTING_ROW|PARK_OUT_OF_STOCK|PARK_SALE_STATUS_DROPPED,PARKED
2026-02-18T06:42:51Z,04-FYSA-YCV0,B001JYLJB0,,,0,READ_ONLY,1,PARK_MERCHANT_INACTIVE|PARK_NO_LISTING_ROW|PARK_OUT_OF_STOCK,PARKED
2026-02-18T06:42:51Z,04-PU0K-EVHU,B009NST7AY,,,0,READ_ONLY,1,PARK_MERCHANT_INACTIVE|PARK_NO_LISTING_ROW|PARK_OUT_OF_STOCK,PARKED
2026-02-18T06:42:51Z,05-CH74-4EW3,B006R5Z7DC,,,0,READ_ONLY,1,PARK_MERCHANT_INACTIVE|PARK_NO_LISTING_ROW|PARK_OUT_OF_STOCK,PARKED
2026-02-18T06:42:51Z,06-6WC0-UGFH,B004YJLV6K,active,inactive,0,READ_ONLY,1,PARK_MERCHANT_INACTIVE|PARK_NO_LISTING_ROW|PARK_OUT_OF_STOCK,PARKED
2026-02-18T06:42:51Z,08-3ABG-PL11,,dropped,,0,READ_ONLY,1,PARK_MERCHANT_INACTIVE|PARK_NO_LISTING_ROW|PARK_OUT_OF_STOCK|PARK_SALE_STATUS_DROPPED,PARKED
2026-02-18T06:42:51Z,09-CZ59-Q6OR,,dropped,,0,READ_ONLY,1,PARK_MERCHANT_INACTIVE|PARK_NO_LISTING_ROW|PARK_OUT_OF_STOCK|PARK_SALE_STATUS_DROPPED,PARKED
2026-02-18T06:42:51Z,0A-HHXO-QF32,B0993N4XMC,,,0,READ_ONLY,1,PARK_MERCHANT_INACTIVE|PARK_NO_LISTING_ROW|PARK_OUT_OF_STOCK,PARKED
2026-02-18T06:42:51Z,0B-IC3D-6S96,B00ICS6JWK,,inactive,0,READ_ONLY,1,PARK_MERCHANT_INACTIVE|PARK_NO_LISTING_ROW|PARK_OUT_OF_STOCK,PARKED
2026-02-18T06:42:51Z,0B-KZD0-FZB1,B07Y5KYLQ8,,,0,READ_ONLY,1,PARK_MERCHANT_INACTIVE|PARK_NO_LISTING_ROW|PARK_OUT_OF_STOCK,PARKED
2026-02-18T06:42:51Z,0B-OUCV-UQE9,B01N4LH1PN,,,0,READ_ONLY,1,PARK_MERCHANT_INACTIVE|PARK_NO_LISTING_ROW|PARK_OUT_OF_STOCK,PARKED
2026-02-18T06:42:51Z,0C-AOG2-B23Z,,dropped,,0,READ_ONLY,1,PARK_MERCHANT_INACTIVE|PARK_NO_LISTING_ROW|PARK_OUT_OF_STOCK|PARK_SALE_STATUS_DROPPED,PARKED
2026-02-18T06:42:51Z,0D-0039-WEPJ,B09V8GFY8C,,,0,READ_ONLY,1,PARK_MERCHANT_INACTIVE|PARK_NO_LISTING_ROW|PARK_OUT_OF_STOCK,PARKED
2026-02-18T06:42:51Z,0F-MLCO-206G,B00RO5R4JE,,,0,READ_ONLY,1,PARK_MERCHANT_INACTIVE|PARK_NO_LISTING_ROW|PARK_OUT_OF_STOCK,PARKED
2026-02-18T06:42:51Z,0G-0234-E9NG,,dropped,,0,READ_ONLY,1,PARK_MERCHANT_INACTIVE|PARK_NO_LISTING_ROW|PARK_OUT_OF_STOCK|PARK_SALE_STATUS_DROPPED,PARKED
2026-02-18T06:42:51Z,0G-JB6S-PN34,B07H2WXMDJ,active,active,1,READ_ONLY,0,,ACTIVE_READONLY
2026-02-18T06:42:51Z,0H-5V53-GPG4,B0CRRPCT5P,dropped,inactive,0,READ_ONLY,1,PARK_MERCHANT_INACTIVE|PARK_NO_LISTING_ROW|PARK_OUT_OF_STOCK|PARK_SALE_STATUS_DROPPED,PARKED
2026-02-18T06:42:51Z,0K-6BX5-D5AH,,dropped,,0,READ_ONLY,1,PARK_MERCHANT_INACTIVE|PARK_NO_LISTING_ROW|PARK_OUT_OF_STOCK|PARK_SALE_STATUS_DROPPED,PARKED
2026-02-18T06:42:51Z,0N-JV0B-5UNV,,dropped,,0,READ_ONLY,1,PARK_MERCHANT_INACTIVE|PARK_NO_LISTING_ROW|PARK_OUT_OF_STOCK|PARK_SALE_STATUS_DROPPED,PARKED
2026-02-18T06:42:51Z,0N-VZG5-JH06,B0CJMMYYCJ,dropped,inactive,0,READ_ONLY,1,PARK_MERCHANT_INACTIVE|PARK_NO_LISTING_ROW|PARK_OUT_OF_STOCK|PARK_SALE_STATUS_DROPPED,PARKED
2026-02-18T06:42:51Z,0N-X5KF-213D,B09M3RB8R1,dropped,inactive,0,READ_ONLY,1,PARK_MERCHANT_INACTIVE|PARK_NO_LISTING_ROW|PARK_OUT_OF_STOCK|PARK_SALE_STATUS_DROPPED,PARKED
2026-02-18T06:42:51Z,0Q-F5R3-333E,1848450486,,,0,READ_ONLY,1,PARK_MERCHANT_INACTIVE|PARK_NO_LISTING_ROW|PARK_OUT_OF_STOCK,PARKED
2026-02-18T06:42:51Z,0R-31MX-8MNY,B07B4NQSYS,,,0,READ_ONLY,1,PARK_MERCHANT_INACTIVE|PARK_NO_LISTING_ROW|PARK_OUT_OF_STOCK,PARKED
2026-02-18T06:42:51Z,0R-GRRH-W0Z9,B09NQD4S5N,active,active,1,READ_ONLY,0,,ACTIVE_READONLY
2026-02-18T06:42:51Z,0T-2B9X-7G65,B0B8T9L8RY,,,0,READ_ONLY,1,PARK_MERCHANT_INACTIVE|PARK_NO_LISTING_ROW|PARK_OUT_OF_STOCK,PARKED
2026-02-18T06:42:51Z,0T-LQK2-KFCY,,dropped,,0,READ_ONLY,1,PARK_MERCHANT_INACTIVE|PARK_NO_LISTING_ROW|PARK_OUT_OF_STOCK|PARK_SALE_STATUS_DROPPED,PARKED
2026-02-18T06:42:51Z,0W-VJRK-9VCG,,dropped,,0,READ_ONLY,1,PARK_MERCHANT_INACTIVE|PARK_NO_LISTING_ROW|PARK_OUT_OF_STOCK|PARK_SALE_STATUS_DROPPED,PARKED
2026-02-18T06:42:51Z,0X-VJWI-4OT8,B0BWFT5RGN,dropped,inactive,0,READ_ONLY,1,PARK_MERCHANT_INACTIVE|PARK_NO_LISTING_ROW|PARK_OUT_OF_STOCK|PARK_SALE_STATUS_DROPPED,PARKED
2026-02-18T06:42:51Z,0Z-Y60V-499R,B09NQBQW49,active,inactive,0,READ_ONLY,1,PARK_MERCHANT_INACTIVE|PARK_NO_LISTING_ROW|PARK_OUT_OF_STOCK,PARKED
2026-02-18T06:42:51Z,10-JQEP-V8I7,,dropped,,0,READ_ONLY,1,PARK_MERCHANT_INACTIVE|PARK_NO_LISTING_ROW|PARK_OUT_OF_STOCK|PARK_SALE_STATUS_DROPPED,PARKED
2026-02-18T06:42:51Z,10-KNVB-4BRI,,dropped,,0,READ_ONLY,1,PARK_MERCHANT_INACTIVE|PARK_NO_LISTING_ROW|PARK_OUT_OF_STOCK|PARK_SALE_STATUS_DROPPED,PARKED
2026-02-18T06:42:51Z,10-PGVO-YV15,,dropped,,0,READ_ONLY,1,PARK_MERCHANT_INACTIVE|PARK_NO_LISTING_ROW|PARK_OUT_OF_STOCK|PARK_SALE_STATUS_DROPPED,PARKED
2026-02-18T06:42:51Z,12-3VTE-5T3Z,9189143078,dropped,inactive,0,READ_ONLY,1,PARK_MERCHANT_INACTIVE|PARK_NO_LISTING_ROW|PARK_OUT_OF_STOCK|PARK_SALE_STATUS_DROPPED,PARKED
2026-02-18T06:42:51Z,12-749B-9EB5,,dropped,,0,READ_ONLY,1,PARK_MERCHANT_INACTIVE|PARK_NO_LISTING_ROW|PARK_OUT_OF_STOCK|PARK_SALE_STATUS_DROPPED,PARKED
2026-02-18T06:42:51Z,16-5NE0-75DT,,dropped,,0,READ_ONLY,1,PARK_MERCHANT_INACTIVE|PARK_NO_LISTING_ROW|PARK_OUT_OF_STOCK|PARK_SALE_STATUS_DROPPED,PARKED
2026-02-18T06:42:51Z,18-WD7G-J8U4,B0B32365PH,,inactive,0,READ_ONLY,1,PARK_MERCHANT_INACTIVE|PARK_NO_LISTING_ROW|PARK_OUT_OF_STOCK,PARKED
2026-02-18T06:42:51Z,1A-S381-J09C,,dropped,,0,READ_ONLY,1,PARK_MERCHANT_INACTIVE|PARK_NO_LISTING_ROW|PARK_OUT_OF_STOCK|PARK_SALE_STATUS_DROPPED,PARKED
2026-02-18T06:42:51Z,1B-X7OV-DC22,B00SH4QZIM,,,0,READ_ONLY,1,PARK_MERCHANT_INACTIVE|PARK_NO_LISTING_ROW|PARK_OUT_OF_STOCK,PARKED
2026-02-18T06:42:51Z,1C-WYGV-IW8O,,dropped,,0,READ_ONLY,1,PARK_MERCHANT_INACTIVE|PARK_NO_LISTING_ROW|PARK_OUT_OF_STOCK|PARK_SALE_STATUS_DROPPED,PARKED
2026-02-18T06:42:51Z,1D-E3I8-TUK8,,dropped,,0,READ_ONLY,1,PARK_MERCHANT_INACTIVE|PARK_NO_LISTING_ROW|PARK_OUT_OF_STOCK|PARK_SALE_STATUS_DROPPED,PARKED
2026-02-18T06:42:51Z,1I-68NK-QBN0,B095ZY4PCG,,,0,READ_ONLY,1,PARK_MERCHANT_INACTIVE|PARK_NO_LISTING_ROW|PARK_OUT_OF_STOCK,PARKED
2026-02-18T06:42:51Z,1L-X5VM-8E2W,B09S5RXYKR,,,0,READ_ONLY,1,PARK_MERCHANT_INACTIVE|PARK_NO_LISTING_ROW|PARK_OUT_OF_STOCK,PARKED
2026-02-18T06:42:51Z,1P-BRGG-P0N6,,dropped,,0,READ_ONLY,1,PARK_MERCHANT_INACTIVE|PARK_NO_LISTING_ROW|PARK_OUT_OF_STOCK|PARK_SALE_STATUS_DROPPED,PARKED
2026-02-18T06:42:51Z,1Q-OTO8-JG8E,,dropped,,0,READ_ONLY,1,PARK_MERCHANT_INACTIVE|PARK_NO_LISTING_ROW|PARK_OUT_OF_STOCK|PARK_SALE_STATUS_DROPPED,PARKED
2026-02-18T06:42:51Z,1S-ZFUI-RE1A,,dropped,,0,READ_ONLY,1,PARK_MERCHANT_INACTIVE|PARK_NO_LISTING_ROW|PARK_OUT_OF_STOCK|PARK_SALE_STATUS_DROPPED,PARKED
2026-02-18T06:42:51Z,1U-1W76-M840,B07V9CRX7Y,,inactive,0,READ_ONLY,1,PARK_MERCHANT_INACTIVE|PARK_NO_LISTING_ROW|PARK_OUT_OF_STOCK,PARKED
2026-02-18T06:42:51Z,1U-YF3T-TR74,B082BVCQMQ,active,inactive,0,READ_ONLY,1,PARK_MERCHANT_INACTIVE|PARK_NO_LISTING_ROW|PARK_OUT_OF_STOCK,PARKED
2026-02-18T06:42:51Z,1W-8WI9-7AUU,B0BLQRDTLL,dropped,inactive,0,READ_ONLY,1,PARK_MERCHANT_INACTIVE|PARK_NO_LISTING_ROW|PARK_OUT_OF_STOCK|PARK_SALE_STATUS_DROPPED,PARKED
2026-02-18T06:42:51Z,26-E5TZ-WU0I,,dropped,,0,READ_ONLY,1,PARK_MERCHANT_INACTIVE|PARK_NO_LISTING_ROW|PARK_OUT_OF_STOCK|PARK_SALE_STATUS_DROPPED,PARKED
2026-02-18T06:42:51Z,27-VH0D-TKGK,,dropped,,0,READ_ONLY,1,PARK_MERCHANT_INACTIVE|PARK_NO_LISTING_ROW|PARK_OUT_OF_STOCK|PARK_SALE_STATUS_DROPPED,PARKED
2026-02-18T06:42:51Z,2C-S7N4-TU7U,,dropped,,0,READ_ONLY,1,PARK_MERCHANT_INACTIVE|PARK_NO_LISTING_ROW|PARK_OUT_OF_STOCK|PARK_SALE_STATUS_DROPPED,PARKED
2026-02-18T06:42:51Z,2G-AYBQ-TUQG,B002KFZKZ8,active,active,1,READ_ONLY,0,,ACTIVE_READONLY
2026-02-18T06:42:51Z,2I-R2RY-BZ85,,dropped,,0,READ_ONLY,1,PARK_MERCHANT_INACTIVE|PARK_NO_LISTING_ROW|PARK_OUT_OF_STOCK|PARK_SALE_STATUS_DROPPED,PARKED
2026-02-18T06:42:51Z,2K-6X85-CXUL,,dropped,,0,READ_ONLY,1,PARK_MERCHANT_INACTIVE|PARK_NO_LISTING_ROW|PARK_OUT_OF_STOCK|PARK_SALE_STATUS_DROPPED,PARKED
2026-02-18T06:42:51Z,2L-4Y1Q-E6OA,,dropped,,0,READ_ONLY,1,PARK_MERCHANT_INACTIVE|PARK_NO_LISTING_ROW|PARK_OUT_OF_STOCK|PARK_SALE_STATUS_DROPPED,PARKED
2026-02-18T06:42:51Z,2L-M26G-560I,B075WYWJ5L,dropped,inactive,0,READ_ONLY,1,PARK_MERCHANT_INACTIVE|PARK_NO_LISTING_ROW|PARK_OUT_OF_STOCK|PARK_SALE_STATUS_DROPPED,PARKED
2026-02-18T06:42:51Z,2S-T29M-BDIZ,,dropped,,0,READ_ONLY,1,PARK_MERCHANT_INACTIVE|PARK_NO_LISTING_ROW|PARK_OUT_OF_STOCK|PARK_SALE_STATUS_DROPPED,PARKED
2026-02-18T06:42:51Z,2T-07RT-8IMX,,dropped,,0,READ_ONLY,1,PARK_MERCHANT_INACTIVE|PARK_NO_LISTING_ROW|PARK_OUT_OF_STOCK|PARK_SALE_STATUS_DROPPED,PARKED
2026-02-18T06:42:51Z,2U-4KLP-68HB,B07NGGSR3D,active,inactive,0,READ_ONLY,1,PARK_MERCHANT_INACTIVE|PARK_NO_LISTING_ROW|PARK_OUT_OF_STOCK,PARKED
2026-02-18T06:42:51Z,2U-EUMC-7E5P,,dropped,,0,READ_ONLY,1,PARK_MERCHANT_INACTIVE|PARK_NO_LISTING_ROW|PARK_OUT_OF_STOCK|PARK_SALE_STATUS_DROPPED,PARKED
2026-02-18T06:42:51Z,2X-8XI7-C9T5,B07L6H9GZ2,active,inactive,0,READ_ONLY,1,PARK_MERCHANT_INACTIVE|PARK_NO_LISTING_ROW|PARK_OUT_OF_STOCK,PARKED
2026-02-18T06:42:51Z,2Z-WVXG-I7W1,,dropped,,0,READ_ONLY,1,PARK_MERCHANT_INACTIVE|PARK_NO_LISTING_ROW|PARK_OUT_OF_STOCK|PARK_SALE_STATUS_DROPPED,PARKED
2026-02-18T06:42:51Z,3A-T942-KVZH,,dropped,,0,READ_ONLY,1,PARK_MERCHANT_INACTIVE|PARK_NO_LISTING_ROW|PARK_OUT_OF_STOCK|PARK_SALE_STATUS_DROPPED,PARKED
2026-02-18T06:42:51Z,3B-3H3V-Z93T,B0CP69JJGG,active,inactive,0,READ_ONLY,1,PARK_MERCHANT_INACTIVE|PARK_NO_LISTING_ROW|PARK_OUT_OF_STOCK,PARKED
2026-02-18T06:42:51Z,3C-5W5L-CT0T,B0BZQCZYN7,dropped,inactive,0,READ_ONLY,1,PARK_MERCHANT_INACTIVE|PARK_NO_LISTING_ROW|PARK_OUT_OF_STOCK|PARK_SALE_STATUS_DROPPED,PARKED
2026-02-18T06:42:51Z,3C-HIAR-JEF0,,dropped,,0,READ_ONLY,1,PARK_MERCHANT_INACTIVE|PARK_NO_LISTING_ROW|PARK_OUT_OF_STOCK|PARK_SALE_STATUS_DROPPED,PARKED
2026-02-18T06:42:51Z,3E-62Y1-WPYU,B0DN6KL887,active,inactive,0,READ_ONLY,1,PARK_MERCHANT_INACTIVE|PARK_NO_LISTING_ROW|PARK_OUT_OF_STOCK,PARKED
2026-02-18T06:42:51Z,3E-KHO2-YIAU,B012DV4306,discontinued,inactive,0,READ_ONLY,1,PARK_MERCHANT_INACTIVE|PARK_NO_LISTING_ROW|PARK_OUT_OF_STOCK|PARK_SALE_STATUS_DISCONTINUED,PARKED
2026-02-18T06:42:51Z,3K-PWXF-IHKI,,dropped,,0,READ_ONLY,1,PARK_MERCHANT_INACTIVE|PARK_NO_LISTING_ROW|PARK_OUT_OF_STOCK|PARK_SALE_STATUS_DROPPED,PARKED
2026-02-18T06:42:51Z,3L-1I88-19GF,,dropped,,0,READ_ONLY,1,PARK_MERCHANT_INACTIVE|PARK_NO_LISTING_ROW|PARK_OUT_OF_STOCK|PARK_SALE_STATUS_DROPPED,PARKED
2026-02-18T06:42:51Z,3L-LSBT-PRST,,dropped,,0,READ_ONLY,1,PARK_MERCHANT_INACTIVE|PARK_NO_LISTING_ROW|PARK_OUT_OF_STOCK|PARK_SALE_STATUS_DROPPED,PARKED
2026-02-18T06:42:51Z,3M-SOO9-5R17,,dropped,,0,READ_ONLY,1,PARK_MERCHANT_INACTIVE|PARK_NO_LISTING_ROW|PARK_OUT_OF_STOCK|PARK_SALE_STATUS_DROPPED,PARKED
2026-02-18T06:42:51Z,3N-WGU4-MT5X,B00SWSU5BG,,inactive,0,READ_ONLY,1,PARK_MERCHANT_INACTIVE|PARK_NO_LISTING_ROW|PARK_OUT_OF_STOCK,PARKED
2026-02-18T06:42:51Z,3Q-8PJ1-BLBC,B0BBWH7DBT,active,inactive,0,READ_ONLY,1,PARK_MERCHANT_INACTIVE|PARK_NO_LISTING_ROW|PARK_OUT_OF_STOCK,PARKED
2026-02-18T06:42:51Z,3Q-JJ0H-Y8K7,,dropped,,0,READ_ONLY,1,PARK_MERCHANT_INACTIVE|PARK_NO_LISTING_ROW|PARK_OUT_OF_STOCK|PARK_SALE_STATUS_DROPPED,PARKED
2026-02-18T06:42:51Z,3Q-JVVB-BIT7,0786964502,discontinued,inactive,0,READ_ONLY,1,PARK_MERCHANT_INACTIVE|PARK_NO_LISTING_ROW|PARK_OUT_OF_STOCK|PARK_SALE_STATUS_DISCONTINUED,PARKED
2026-02-18T06:42:51Z,3T-6QPR-E2MV,B06XGSJS7N,active,inactive,0,READ_ONLY,1,PARK_MERCHANT_INACTIVE|PARK_NO_LISTING_ROW|PARK_OUT_OF_STOCK,PARKED
2026-02-18T06:42:51Z,3V-HQSI-8QRU,,dropped,,0,READ_ONLY,1,PARK_MERCHANT_INACTIVE|PARK_NO_LISTING_ROW|PARK_OUT_OF_STOCK|PARK_SALE_STATUS_DROPPED,PARKED
2026-02-18T06:42:51Z,3X-9BNK-4A9V,,dropped,,0,READ_ONLY,1,PARK_MERCHANT_INACTIVE|PARK_NO_LISTING_ROW|PARK_OUT_OF_STOCK|PARK_SALE_STATUS_DROPPED,PARKED
2026-02-18T06:42:51Z,3X-EXDD-TD2K,B0D6W9DZX4,active,active,1,READ_ONLY,0,,ACTIVE_READONLY
2026-02-18T06:42:51Z,3Z-03PB-Q1A8,B09NQ9ZHDQ,dropped,inactive,0,READ_ONLY,1,PARK_MERCHANT_INACTIVE|PARK_NO_LISTING_ROW|PARK_OUT_OF_STOCK|PARK_SALE_STATUS_DROPPED,PARKED
2026-02-18T06:42:51Z,3Z-45IC-N1H4,B07QPB3T1J,dropped,inactive,0,READ_ONLY,1,PARK_MERCHANT_INACTIVE|PARK_NO_LISTING_ROW|PARK_OUT_OF_STOCK|PARK_SALE_STATUS_DROPPED,PARKED
2026-02-18T06:42:51Z,3Z-S01D-H4GA,,dropped,,0,READ_ONLY,1,PARK_MERCHANT_INACTIVE|PARK_NO_LISTING_ROW|PARK_OUT_OF_STOCK|PARK_SALE_STATUS_DROPPED,PARKED
2026-02-18T06:42:51Z,46-MOBK-YBS1,,dropped,,0,READ_ONLY,1,PARK_MERCHANT_INACTIVE|PARK_NO_LISTING_ROW|PARK_OUT_OF_STOCK|PARK_SALE_STATUS_DROPPED,PARKED
2026-02-18T06:42:51Z,49-4UKW-G81R,B00WI8O0RG,active,inactive,0,READ_ONLY,1,PARK_MERCHANT_INACTIVE|PARK_NO_LISTING_ROW|PARK_OUT_OF_STOCK,PARKED
2026-02-18T06:42:51Z,4A-DZKT-5L3H,,dropped,,0,READ_ONLY,1,PARK_MERCHANT_INACTIVE|PARK_NO_LISTING_ROW|PARK_OUT_OF_STOCK|PARK_SALE_STATUS_DROPPED,PARKED
2026-02-18T06:42:51Z,4B-HMJG-PHW4,B00D1V5E5G,discontinued,inactive,0,READ_ONLY,1,PARK_MERCHANT_INACTIVE|PARK_NO_LISTING_ROW|PARK_OUT_OF_STOCK|PARK_SALE_STATUS_DISCONTINUED,PARKED
2026-02-18T06:42:51Z,4C-6VFW-JO2C,,dropped,,0,READ_ONLY,1,PARK_MERCHANT_INACTIVE|PARK_NO_LISTING_ROW|PARK_OUT_OF_STOCK|PARK_SALE_STATUS_DROPPED,PARKED
2026-02-18T06:42:51Z,4D-BI2L-5PZ8,B000Q351JG,active,inactive,0,READ_ONLY,1,PARK_MERCHANT_INACTIVE|PARK_NO_LISTING_ROW|PARK_OUT_OF_STOCK,PARKED
2026-02-18T06:42:51Z,4D-KUD8-5IQP,,dropped,,0,READ_ONLY,1,PARK_MERCHANT_INACTIVE|PARK_NO_LISTING_ROW|PARK_OUT_OF_STOCK|PARK_SALE_STATUS_DROPPED,PARKED
2026-02-18T06:42:51Z,4F-HT42-FD26,B010E25DI2,active,inactive,0,READ_ONLY,1,PARK_MERCHANT_INACTIVE|PARK_NO_LISTING_ROW|PARK_OUT_OF_STOCK,PARKED
2026-02-18T06:42:51Z,4F-I024-EY2R,B012AO02EM,dropped,inactive,0,READ_ONLY,1,PARK_MERCHANT_INACTIVE|PARK_NO_LISTING_ROW|PARK_OUT_OF_STOCK|PARK_SALE_STATUS_DROPPED,PARKED
2026-02-18T06:42:51Z,4J-IY7T-6LBS,9188805557,active,inactive,0,READ_ONLY,1,PARK_MERCHANT_INACTIVE|PARK_NO_LISTING_ROW|PARK_OUT_OF_STOCK,PARKED
2026-02-18T06:42:51Z,4U-9ZL6-9G0Y,B07C8QSSR2,active,inactive,0,READ_ONLY,1,PARK_MERCHANT_INACTIVE|PARK_NO_LISTING_ROW|PARK_OUT_OF_STOCK,PARKED
2026-02-18T06:42:51Z,4U-XT39-AMUJ,B07RRQX71T,dropped,inactive,0,READ_ONLY,1,PARK_MERCHANT_INACTIVE|PARK_NO_LISTING_ROW|PARK_OUT_OF_STOCK|PARK_SALE_STATUS_DROPPED,PARKED
2026-02-18T06:42:51Z,4V-19KJ-15J4,B00D2O8936,dropped,inactive,0,READ_ONLY,1,PARK_MERCHANT_INACTIVE|PARK_NO_LISTING_ROW|PARK_OUT_OF_STOCK|PARK_SALE_STATUS_DROPPED,PARKED
2026-02-18T06:42:51Z,4V-OE5G-EJKM,,dropped,,0,READ_ONLY,1,PARK_MERCHANT_INACTIVE|PARK_NO_LISTING_ROW|PARK_OUT_OF_STOCK|PARK_SALE_STATUS_DROPPED,PARKED
2026-02-18T06:42:51Z,4W-VS57-BV6A,B0C9LJNJWZ,active,active,1,READ_ONLY,0,,ACTIVE_READONLY
2026-02-18T06:42:51Z,4Y-2V2S-KSTO,,dropped,,0,READ_ONLY,1,PARK_MERCHANT_INACTIVE|PARK_NO_LISTING_ROW|PARK_OUT_OF_STOCK|PARK_SALE_STATUS_DROPPED,PARKED
2026-02-18T06:42:51Z,50-U3CD-LWFE,,dropped,,0,READ_ONLY,1,PARK_MERCHANT_INACTIVE|PARK_NO_LISTING_ROW|PARK_OUT_OF_STOCK|PARK_SALE_STATUS_DROPPED,PARKED
2026-02-18T06:42:51Z,51-79LN-GGLK,B09HHLMG1V,discontinued,inactive,0,READ_ONLY,1,PARK_MERCHANT_INACTIVE|PARK_NO_LISTING_ROW|PARK_OUT_OF_STOCK|PARK_SALE_STATUS_DISCONTINUED,PARKED
2026-02-18T06:42:51Z,52-BC73-O7B2,B0C7HGQRY6,dropped,inactive,0,READ_ONLY,1,PARK_MERCHANT_INACTIVE|PARK_NO_LISTING_ROW|PARK_OUT_OF_STOCK|PARK_SALE_STATUS_DROPPED,PARKED
2026-02-18T06:42:51Z,55-5RSU-1KG1,,dropped,,0,READ_ONLY,1,PARK_MERCHANT_INACTIVE|PARK_NO_LISTING_ROW|PARK_OUT_OF_STOCK|PARK_SALE_STATUS_DROPPED,PARKED
2026-02-18T06:42:51Z,56-K5VJ-WKGX,,dropped,,0,READ_ONLY,1,PARK_MERCHANT_INACTIVE|PARK_NO_LISTING_ROW|PARK_OUT_OF_STOCK|PARK_SALE_STATUS_DROPPED,PARKED
2026-02-18T06:42:51Z,5B-DQES-2T3E,,dropped,,0,READ_ONLY,1,PARK_MERCHANT_INACTIVE|PARK_NO_LISTING_ROW|PARK_OUT_OF_STOCK|PARK_SALE_STATUS_DROPPED,PARKED
2026-02-18T06:42:51Z,5H-EJ59-AZPA,B004ZMXOMA,discontinued,inactive,0,READ_ONLY,1,PARK_MERCHANT_INACTIVE|PARK_NO_LISTING_ROW|PARK_OUT_OF_STOCK|PARK_SALE_STATUS_DISCONTINUED,PARKED
2026-02-18T06:42:51Z,5M-QO6K-LNH0,B00ANP09LM,dropped,inactive,0,READ_ONLY,1,PARK_MERCHANT_INACTIVE|PARK_NO_LISTING_ROW|PARK_OUT_OF_STOCK|PARK_SALE_STATUS_DROPPED,PARKED
2026-02-18T06:42:51Z,5Q-LUQ1-L14K,B09MWLJFFX,active,inactive,0,READ_ONLY,1,PARK_MERCHANT_INACTIVE|PARK_NO_LISTING_ROW|PARK_OUT_OF_STOCK,PARKED
2026-02-18T06:42:51Z,5R-LL8J-AP4S,,dropped,,0,READ_ONLY,1,PARK_MERCHANT_INACTIVE|PARK_NO_LISTING_ROW|PARK_OUT_OF_STOCK|PARK_SALE_STATUS_DROPPED,PARKED
2026-02-18T06:42:51Z,5Z-6Z0P-9TQQ,B08MW8XMNQ,discontinued,active,1,READ_ONLY,1,PARK_SALE_STATUS_DISCONTINUED,PARKED
2026-02-18T06:42:51Z,62-2H0B-RRR3,,dropped,,0,READ_ONLY,1,PARK_MERCHANT_INACTIVE|PARK_NO_LISTING_ROW|PARK_OUT_OF_STOCK|PARK_SALE_STATUS_DROPPED,PARKED
2026-02-18T06:42:51Z,66-6EUM-PSH8,,dropped,,0,READ_ONLY,1,PARK_MERCHANT_INACTIVE|PARK_NO_LISTING_ROW|PARK_OUT_OF_STOCK|PARK_SALE_STATUS_DROPPED,PARKED
2026-02-18T06:42:51Z,6E-GK4T-QBFF,,dropped,,0,READ_ONLY,1,PARK_MERCHANT_INACTIVE|PARK_NO_LISTING_ROW|PARK_OUT_OF_STOCK|PARK_SALE_STATUS_DROPPED,PARKED
2026-02-18T06:42:51Z,6E-U01F-GUCT,B0CSVLW6QL,,inactive,0,READ_ONLY,1,PARK_MERCHANT_INACTIVE|PARK_NO_LISTING_ROW|PARK_OUT_OF_STOCK,PARKED
2026-02-18T06:42:51Z,6H-ZZN4-I77B,,dropped,,0,READ_ONLY,1,PARK_MERCHANT_INACTIVE|PARK_NO_LISTING_ROW|PARK_OUT_OF_STOCK|PARK_SALE_STATUS_DROPPED,PARKED
2026-02-18T06:42:51Z,6L-LO0H-2WGF,,dropped,,0,READ_ONLY,1,PARK_MERCHANT_INACTIVE|PARK_NO_LISTING_ROW|PARK_OUT_OF_STOCK|PARK_SALE_STATUS_DROPPED,PARKED
2026-02-18T06:42:51Z,6L-R2ZY-X2E0,,dropped,,0,READ_ONLY,1,PARK_MERCHANT_INACTIVE|PARK_NO_LISTING_ROW|PARK_OUT_OF_STOCK|PARK_SALE_STATUS_DROPPED,PARKED
2026-02-18T06:42:51Z,6L-SDA9-P13J,B00605WJ9O,active,inactive,0,READ_ONLY,1,PARK_MERCHANT_INACTIVE|PARK_NO_LISTING_ROW|PARK_OUT_OF_STOCK,PARKED
2026-02-18T06:42:51Z,6P-IWYA-X18B,B07B8RJDXT,active,inactive,0,READ_ONLY,1,PARK_MERCHANT_INACTIVE|PARK_NO_LISTING_ROW|PARK_OUT_OF_STOCK,PARKED
2026-02-18T06:42:51Z,6Q-9G2A-IKVV,B000PSB13C,active,active,1,READ_ONLY,0,,ACTIVE_READONLY
2026-02-18T06:42:51Z,6S-TT0C-48SV,,dropped,,0,READ_ONLY,1,PARK_MERCHANT_INACTIVE|PARK_NO_LISTING_ROW|PARK_OUT_OF_STOCK|PARK_SALE_STATUS_DROPPED,PARKED
2026-02-18T06:42:51Z,6V-0L0T-OF72,,dropped,,0,READ_ONLY,1,PARK_MERCHANT_INACTIVE|PARK_NO_LISTING_ROW|PARK_OUT_OF_STOCK|PARK_SALE_STATUS_DROPPED,PARKED
2026-02-18T06:42:51Z,6V-EEC1-2S9Z,B06WW79DX5,active,active,1,READ_ONLY,0,,ACTIVE_READONLY
2026-02-18T06:42:51Z,6Z-8POQ-K5XH,B00ANOXX9I,dropped,inactive,0,READ_ONLY,1,PARK_MERCHANT_INACTIVE|PARK_NO_LISTING_ROW|PARK_OUT_OF_STOCK|PARK_SALE_STATUS_DROPPED,PARKED
2026-02-18T06:42:51Z,714776,B001KYTW0O,,inactive,0,READ_ONLY,1,PARK_MERCHANT_INACTIVE|PARK_NO_LISTING_ROW|PARK_OUT_OF_STOCK,PARKED
2026-02-18T06:42:51Z,714810,B002BX8ZFG,,active,1,READ_ONLY,0,,ACTIVE_READONLY
2026-02-18T06:42:51Z,77-GYTL-JFN4,B00009OY9U,active,inactive,0,READ_ONLY,1,PARK_MERCHANT_INACTIVE|PARK_NO_LISTING_ROW|PARK_OUT_OF_STOCK,PARKED
2026-02-18T06:42:51Z,79-CPJ6-DSG6,9189143051,active,inactive,0,READ_ONLY,1,PARK_MERCHANT_INACTIVE|PARK_NO_LISTING_ROW|PARK_OUT_OF_STOCK,PARKED
2026-02-18T06:42:51Z,7C-7V6B-QQZL,B003M36498,dropped,inactive,0,READ_ONLY,1,PARK_MERCHANT_INACTIVE|PARK_NO_LISTING_ROW|PARK_OUT_OF_STOCK|PARK_SALE_STATUS_DROPPED,PARKED
2026-02-18T06:42:51Z,7C-MBEY-QA37,,dropped,,0,READ_ONLY,1,PARK_MERCHANT_INACTIVE|PARK_NO_LISTING_ROW|PARK_OUT_OF_STOCK|PARK_SALE_STATUS_DROPPED,PARKED
2026-02-18T06:42:51Z,7C-XI7G-FMUU,,dropped,,0,READ_ONLY,1,PARK_MERCHANT_INACTIVE|PARK_NO_LISTING_ROW|PARK_OUT_OF_STOCK|PARK_SALE_STATUS_DROPPED,PARKED
2026-02-18T06:42:51Z,7H-7G2P-ONWJ,B081Q9CFGC,active,inactive,0,READ_ONLY,1,PARK_MERCHANT_INACTIVE|PARK_NO_LISTING_ROW|PARK_OUT_OF_STOCK,PARKED
2026-02-18T06:42:51Z,7I-1717-OHRW,B0CJMRL1WT,dropped,inactive,0,READ_ONLY,1,PARK_MERCHANT_INACTIVE|PARK_NO_LISTING_ROW|PARK_OUT_OF_STOCK|PARK_SALE_STATUS_DROPPED,PARKED
2026-02-18T06:42:51Z,7I-GPVA-PDJ6,,dropped,,0,READ_ONLY,1,PARK_MERCHANT_INACTIVE|PARK_NO_LISTING_ROW|PARK_OUT_OF_STOCK|PARK_SALE_STATUS_DROPPED,PARKED
2026-02-18T06:42:51Z,7L-OT45-7LYB,B01NBDFDBC,active,inactive,0,READ_ONLY,1,PARK_MERCHANT_INACTIVE|PARK_NO_LISTING_ROW|PARK_OUT_OF_STOCK,PARKED
2026-02-18T06:42:51Z,7M-48OU-23X3,B004GFPFBO,active,active,1,READ_ONLY,0,,ACTIVE_READONLY
2026-02-18T06:42:51Z,7R-DKJR-F0UF,,dropped,,0,READ_ONLY,1,PARK_MERCHANT_INACTIVE|PARK_NO_LISTING_ROW|PARK_OUT_OF_STOCK|PARK_SALE_STATUS_DROPPED,PARKED
2026-02-18T06:42:51Z,7U-508Y-MZAQ,,dropped,,0,READ_ONLY,1,PARK_MERCHANT_INACTIVE|PARK_NO_LISTING_ROW|PARK_OUT_OF_STOCK|PARK_SALE_STATUS_DROPPED,PARKED
2026-02-18T06:42:51Z,7W-PCZV-CX51,,dropped,,0,READ_ONLY,1,PARK_MERCHANT_INACTIVE|PARK_NO_LISTING_ROW|PARK_OUT_OF_STOCK|PARK_SALE_STATUS_DROPPED,PARKED
2026-02-18T06:42:51Z,7Y-B7S7-O5OZ,,dropped,,0,READ_ONLY,1,PARK_MERCHANT_INACTIVE|PARK_NO_LISTING_ROW|PARK_OUT_OF_STOCK|PARK_SALE_STATUS_DROPPED,PARKED
2026-02-18T06:42:51Z,81-3DY5-BFOR,B07W45L22P,active,inactive,0,READ_ONLY,1,PARK_MERCHANT_INACTIVE|PARK_NO_LISTING_ROW|PARK_OUT_OF_STOCK,PARKED
2026-02-18T06:42:51Z,86-0EBH-JQX6,B0D59LGPWS,dropped,inactive,0,READ_ONLY,1,PARK_MERCHANT_INACTIVE|PARK_NO_LISTING_ROW|PARK_OUT_OF_STOCK|PARK_SALE_STATUS_DROPPED,PARKED
2026-02-18T06:42:51Z,86-1VHQ-ABNK,B08WPCW7TH,active,inactive,0,READ_ONLY,1,PARK_MERCHANT_INACTIVE|PARK_NO_LISTING_ROW|PARK_OUT_OF_STOCK,PARKED
2026-02-18T06:42:51Z,88-PT9Z-DP6C,B081SWQNFS,discontinued,inactive,0,READ_ONLY,1,PARK_MERCHANT_INACTIVE|PARK_NO_LISTING_ROW|PARK_OUT_OF_STOCK|PARK_SALE_STATUS_DISCONTINUED,PARKED
2026-02-18T06:42:51Z,8D-Y151-NFFF,B0031DCJWU,active,inactive,0,READ_ONLY,1,PARK_MERCHANT_INACTIVE|PARK_NO_LISTING_ROW|PARK_OUT_OF_STOCK,PARKED
2026-02-18T06:42:51Z,8G-5YVC-GJ6P,,dropped,,0,READ_ONLY,1,PARK_MERCHANT_INACTIVE|PARK_NO_LISTING_ROW|PARK_OUT_OF_STOCK|PARK_SALE_STATUS_DROPPED,PARKED
2026-02-18T06:42:51Z,8G-7PJ0-25UD,,dropped,,0,READ_ONLY,1,PARK_MERCHANT_INACTIVE|PARK_NO_LISTING_ROW|PARK_OUT_OF_STOCK|PARK_SALE_STATUS_DROPPED,PARKED
2026-02-18T06:42:51Z,8G-JH1T-98X4,,dropped,,0,READ_ONLY,1,PARK_MERCHANT_INACTIVE|PARK_NO_LISTING_ROW|PARK_OUT_OF_STOCK|PARK_SALE_STATUS_DROPPED,PARKED
2026-02-18T06:42:51Z,8K-FX05-CCPX,,dropped,,0,READ_ONLY,1,PARK_MERCHANT_INACTIVE|PARK_NO_LISTING_ROW|PARK_OUT_OF_STOCK|PARK_SALE_STATUS_DROPPED,PARKED
2026-02-18T06:42:51Z,8L-INBX-OUTU,B016Y8SWZQ,active,inactive,0,READ_ONLY,1,PARK_MERCHANT_INACTIVE|PARK_NO_LISTING_ROW|PARK_OUT_OF_STOCK,PARKED
2026-02-18T06:42:51Z,8M-LM6B-F2Q5,B00D1V5FPU,active,active,1,READ_ONLY,0,,ACTIVE_READONLY
2026-02-18T06:42:51Z,8M-NHB7-T8TR,B0B2RBG672,active,active,1,READ_ONLY,0,,ACTIVE_READONLY
2026-02-18T06:42:51Z,8N-DRTH-Z7K0,,dropped,,0,READ_ONLY,1,PARK_MERCHANT_INACTIVE|PARK_NO_LISTING_ROW|PARK_OUT_OF_STOCK|PARK_SALE_STATUS_DROPPED,PARKED
2026-02-18T06:42:51Z,8N-T5OY-DSW9,,dropped,,0,READ_ONLY,1,PARK_MERCHANT_INACTIVE|PARK_NO_LISTING_ROW|PARK_OUT_OF_STOCK|PARK_SALE_STATUS_DROPPED,PARKED
2026-02-18T06:42:51Z,8R-0UT9-SEOY,,dropped,,0,READ_ONLY,1,PARK_MERCHANT_INACTIVE|PARK_NO_LISTING_ROW|PARK_OUT_OF_STOCK|PARK_SALE_STATUS_DROPPED,PARKED
2026-02-18T06:42:51Z,8R-E0Y9-0LAU,B0BBHBX72C,active,inactive,0,READ_ONLY,1,PARK_MERCHANT_INACTIVE|PARK_NO_LISTING_ROW|PARK_OUT_OF_STOCK,PARKED
2026-02-18T06:42:51Z,8S-MI05-1R1X,B09NQ9ZHDQ,,inactive,0,READ_ONLY,1,PARK_MERCHANT_INACTIVE|PARK_NO_LISTING_ROW|PARK_OUT_OF_STOCK,PARKED
2026-02-18T06:42:51Z,8T-HE78-3AQ3,B07772WMSM,dropped,inactive,0,READ_ONLY,1,PARK_MERCHANT_INACTIVE|PARK_NO_LISTING_ROW|PARK_OUT_OF_STOCK|PARK_SALE_STATUS_DROPPED,PARKED
2026-02-18T06:42:51Z,8U-QPFH-3EKQ,B07T9WVBZ2,active,active,1,READ_ONLY,0,,ACTIVE_READONLY
2026-02-18T06:42:51Z,8W-I703-VOFQ,B074H6M7TW,,inactive,0,READ_ONLY,1,PARK_MERCHANT_INACTIVE|PARK_NO_LISTING_ROW|PARK_OUT_OF_STOCK,PARKED
2026-02-18T06:42:51Z,8Y-8UTW-YHVV,,dropped,,0,READ_ONLY,1,PARK_MERCHANT_INACTIVE|PARK_NO_LISTING_ROW|PARK_OUT_OF_STOCK|PARK_SALE_STATUS_DROPPED,PARKED
2026-02-18T06:42:51Z,90-0G83-3P0X,B0054RRCQY,dropped,inactive,0,READ_ONLY,1,PARK_MERCHANT_INACTIVE|PARK_NO_LISTING_ROW|PARK_OUT_OF_STOCK|PARK_SALE_STATUS_DROPPED,PARKED
2026-02-18T06:42:51Z,91-PZCP-NNGD,B0198KU5PW,dropped,inactive,0,READ_ONLY,1,PARK_MERCHANT_INACTIVE|PARK_NO_LISTING_ROW|PARK_OUT_OF_STOCK|PARK_SALE_STATUS_DROPPED,PARKED
2026-02-18T06:42:51Z,93-TB6X-UKTU,B078K3B7R6,dropped,inactive,0,READ_ONLY,1,PARK_MERCHANT_INACTIVE|PARK_NO_LISTING_ROW|PARK_OUT_OF_STOCK|PARK_SALE_STATUS_DROPPED,PARKED
2026-02-18T06:42:51Z,94-7TOA-9ZBH,B07QNL4BNM,dropped,inactive,0,READ_ONLY,1,PARK_MERCHANT_INACTIVE|PARK_NO_LISTING_ROW|PARK_OUT_OF_STOCK|PARK_SALE_STATUS_DROPPED,PARKED
2026-02-18T06:42:51Z,94-X6R7-SCOW,B0B6GD6QF8,discontinued,inactive,0,READ_ONLY,1,PARK_MERCHANT_INACTIVE|PARK_NO_LISTING_ROW|PARK_OUT_OF_STOCK|PARK_SALE_STATUS_DISCONTINUED,PARKED
2026-02-18T06:42:51Z,96-FPCV-82R1,,dropped,,0,READ_ONLY,1,PARK_MERCHANT_INACTIVE|PARK_NO_LISTING_ROW|PARK_OUT_OF_STOCK|PARK_SALE_STATUS_DROPPED,PARKED
2026-02-18T06:42:51Z,98-MF34-BSCF,B079MFZL6K,discontinued,inactive,0,READ_ONLY,1,PARK_MERCHANT_INACTIVE|PARK_NO_LISTING_ROW|PARK_OUT_OF_STOCK|PARK_SALE_STATUS_DISCONTINUED,PARKED
2026-02-18T06:42:51Z,9C-ZLCN-WWGK,,dropped,,0,READ_ONLY,1,PARK_MERCHANT_INACTIVE|PARK_NO_LISTING_ROW|PARK_OUT_OF_STOCK|PARK_SALE_STATUS_DROPPED,PARKED
2026-02-18T06:42:51Z,9D-PMDG-ALP4,B005BFZAK4,active,inactive,0,READ_ONLY,1,PARK_MERCHANT_INACTIVE|PARK_NO_LISTING_ROW|PARK_OUT_OF_STOCK,PARKED
2026-02-18T06:42:51Z,9G-57PS-EN16,,dropped,,0,READ_ONLY,1,PARK_MERCHANT_INACTIVE|PARK_NO_LISTING_ROW|PARK_OUT_OF_STOCK|PARK_SALE_STATUS_DROPPED,PARKED
2026-02-18T06:42:51Z,9H-K7TV-V6NU,,dropped,,0,READ_ONLY,1,PARK_MERCHANT_INACTIVE|PARK_NO_LISTING_ROW|PARK_OUT_OF_STOCK|PARK_SALE_STATUS_DROPPED,PARKED
2026-02-18T06:42:51Z,9I-A0BY-EW0X,,dropped,,0,READ_ONLY,1,PARK_MERCHANT_INACTIVE|PARK_NO_LISTING_ROW|PARK_OUT_OF_STOCK|PARK_SALE_STATUS_DROPPED,PARKED
2026-02-18T06:42:51Z,9I-QC5D-QDT2,,dropped,,0,READ_ONLY,1,PARK_MERCHANT_INACTIVE|PARK_NO_LISTING_ROW|PARK_OUT_OF_STOCK|PARK_SALE_STATUS_DROPPED,PARKED
2026-02-18T06:42:51Z,9Q-K2SI-Q5LI,,dropped,,0,READ_ONLY,1,PARK_MERCHANT_INACTIVE|PARK_NO_LISTING_ROW|PARK_OUT_OF_STOCK|PARK_SALE_STATUS_DROPPED,PARKED
2026-02-18T06:42:51Z,9Q-XGAX-ZGBT,,dropped,,0,READ_ONLY,1,PARK_MERCHANT_INACTIVE|PARK_NO_LISTING_ROW|PARK_OUT_OF_STOCK|PARK_SALE_STATUS_DROPPED,PARKED
2026-02-18T06:42:51Z,9R-YGAK-KTA0,,dropped,,0,READ_ONLY,1,PARK_MERCHANT_INACTIVE|PARK_NO_LISTING_ROW|PARK_OUT_OF_STOCK|PARK_SALE_STATUS_DROPPED,PARKED
2026-02-18T06:42:51Z,9X-7TBD-NA16,B01N49MD2S,active,inactive,0,READ_ONLY,1,PARK_MERCHANT_INACTIVE|PARK_NO_LISTING_ROW|PARK_OUT_OF_STOCK,PARKED
2026-02-18T06:42:51Z,9X-HL62-83C7,B00BEUFYE2,active,active,1,READ_ONLY,0,,ACTIVE_READONLY
2026-02-18T06:42:51Z,A1-KSU1-GZMS,B07BC1CMDK,active,active,1,READ_ONLY,0,,ACTIVE_READONLY
2026-02-18T06:42:51Z,A2-T2AC-TW3L,B006PFN3BW,active,active,1,READ_ONLY,0,,ACTIVE_READONLY
2026-02-18T06:42:51Z,A7-868U-HTPI,B003DZUDYC,dropped,inactive,0,READ_ONLY,1,PARK_MERCHANT_INACTIVE|PARK_NO_LISTING_ROW|PARK_OUT_OF_STOCK|PARK_SALE_STATUS_DROPPED,PARKED
2026-02-18T06:42:51Z,A9-2Y9G-M2K7,B00KB225MS,active,inactive,0,READ_ONLY,1,PARK_MERCHANT_INACTIVE|PARK_NO_LISTING_ROW|PARK_OUT_OF_STOCK,PARKED
2026-02-18T06:42:51Z,A9-31T9-JF3W,,dropped,,0,READ_ONLY,1,PARK_MERCHANT_INACTIVE|PARK_NO_LISTING_ROW|PARK_OUT_OF_STOCK|PARK_SALE_STATUS_DROPPED,PARKED
2026-02-18T06:42:51Z,AB-B7ZS-3CGI,,dropped,,0,READ_ONLY,1,PARK_MERCHANT_INACTIVE|PARK_NO_LISTING_ROW|PARK_OUT_OF_STOCK|PARK_SALE_STATUS_DROPPED,PARKED
2026-02-18T06:42:51Z,AF-KIHX-ANYY,B0001P15T4,active,active,1,READ_ONLY,0,,ACTIVE_READONLY
2026-02-18T06:42:51Z,AI-IG9I-YB5A,B081QV8W38,discontinued,inactive,0,READ_ONLY,1,PARK_MERCHANT_INACTIVE|PARK_NO_LISTING_ROW|PARK_OUT_OF_STOCK|PARK_SALE_STATUS_DISCONTINUED,PARKED
2026-02-18T06:42:51Z,AK-OB6V-HIYD,B00IUKPVYM,active,inactive,0,READ_ONLY,1,PARK_MERCHANT_INACTIVE|PARK_NO_LISTING_ROW|PARK_OUT_OF_STOCK,PARKED
2026-02-18T06:42:51Z,APPLY-B0CSGSCWTP,,dropped,,0,READ_ONLY,1,PARK_MERCHANT_INACTIVE|PARK_NO_LISTING_ROW|PARK_OUT_OF_STOCK|PARK_SALE_STATUS_DROPPED,PARKED
2026-02-18T06:42:51Z,APPLY-B0CSH9HXQ5,,dropped,,0,READ_ONLY,1,PARK_MERCHANT_INACTIVE|PARK_NO_LISTING_ROW|PARK_OUT_OF_STOCK|PARK_SALE_STATUS_DROPPED,PARKED
2026-02-18T06:42:51Z,APPLY2,,dropped,,0,READ_ONLY,1,PARK_MERCHANT_INACTIVE|PARK_NO_LISTING_ROW|PARK_OUT_OF_STOCK|PARK_SALE_STATUS_DROPPED,PARKED
2026-02-18T06:42:51Z,APPROVAL-1,,dropped,,0,READ_ONLY,1,PARK_MERCHANT_INACTIVE|PARK_NO_LISTING_ROW|PARK_OUT_OF_STOCK|PARK_SALE_STATUS_DROPPED,PARKED
2026-02-18T06:42:51Z,AQ-4A75-UZQ4,,dropped,,0,READ_ONLY,1,PARK_MERCHANT_INACTIVE|PARK_NO_LISTING_ROW|PARK_OUT_OF_STOCK|PARK_SALE_STATUS_DROPPED,PARKED
2026-02-18T06:42:51Z,AQ-QMA9-SLHK,,dropped,,0,READ_ONLY,1,PARK_MERCHANT_INACTIVE|PARK_NO_LISTING_ROW|PARK_OUT_OF_STOCK|PARK_SALE_STATUS_DROPPED,PARKED
2026-02-18T06:42:51Z,AX-NKNU-29C1,B08M52B4M5,active,active,1,READ_ONLY,0,,ACTIVE_READONLY
2026-02-18T06:42:51Z,AY-LA00-LUJD,,dropped,,0,READ_ONLY,1,PARK_MERCHANT_INACTIVE|PARK_NO_LISTING_ROW|PARK_OUT_OF_STOCK|PARK_SALE_STATUS_DROPPED,PARKED
2026-02-18T06:42:51Z,B0-FSK3-1L88,,dropped,,0,READ_ONLY,1,PARK_MERCHANT_INACTIVE|PARK_NO_LISTING_ROW|PARK_OUT_OF_STOCK|PARK_SALE_STATUS_DROPPED,PARKED
2026-02-18T06:42:51Z,B1-4B2R-MBRP,B0C4RR58SF,discontinued,inactive,0,READ_ONLY,1,PARK_MERCHANT_INACTIVE|PARK_NO_LISTING_ROW|PARK_OUT_OF_STOCK|PARK_SALE_STATUS_DISCONTINUED,PARKED
2026-02-18T06:42:51Z,B2-5FFM-153A,,dropped,,0,READ_ONLY,1,PARK_MERCHANT_INACTIVE|PARK_NO_LISTING_ROW|PARK_OUT_OF_STOCK|PARK_SALE_STATUS_DROPPED,PARKED
2026-02-18T06:42:51Z,B7-9S5E-KOHG,,dropped,,0,READ_ONLY,1,PARK_MERCHANT_INACTIVE|PARK_NO_LISTING_ROW|PARK_OUT_OF_STOCK|PARK_SALE_STATUS_DROPPED,PARKED
2026-02-18T06:42:51Z,B7-D9X9-FWYR,,dropped,,0,READ_ONLY,1,PARK_MERCHANT_INACTIVE|PARK_NO_LISTING_ROW|PARK_OUT_OF_STOCK|PARK_SALE_STATUS_DROPPED,PARKED
2026-02-18T06:42:51Z,B7-JEPF-6CU7,B00GI299M4,active,inactive,0,READ_ONLY,1,PARK_MERCHANT_INACTIVE|PARK_NO_LISTING_ROW|PARK_OUT_OF_STOCK,PARKED
2026-02-18T06:42:51Z,BB-JN90-IUUP,,dropped,,0,READ_ONLY,1,PARK_MERCHANT_INACTIVE|PARK_NO_LISTING_ROW|PARK_OUT_OF_STOCK|PARK_SALE_STATUS_DROPPED,PARKED
2026-02-18T06:42:51Z,BB-ZT14-1QQA,B086MBW9R9,active,inactive,0,READ_ONLY,1,PARK_MERCHANT_INACTIVE|PARK_NO_LISTING_ROW|PARK_OUT_OF_STOCK,PARKED
2026-02-18T06:42:51Z,BC-6AFY-0M24,,dropped,,0,READ_ONLY,1,PARK_MERCHANT_INACTIVE|PARK_NO_LISTING_ROW|PARK_OUT_OF_STOCK|PARK_SALE_STATUS_DROPPED,PARKED
2026-02-18T06:42:51Z,BD-TLOK-BCEE,B0D3JCG3YJ,active,inactive,0,READ_ONLY,1,PARK_MERCHANT_INACTIVE|PARK_NO_LISTING_ROW|PARK_OUT_OF_STOCK,PARKED
2026-02-18T06:42:51Z,BF-EX14-XMNB,,dropped,,0,READ_ONLY,1,PARK_MERCHANT_INACTIVE|PARK_NO_LISTING_ROW|PARK_OUT_OF_STOCK|PARK_SALE_STATUS_DROPPED,PARKED
2026-02-18T06:42:51Z,BF-KVJ0-RUA9,,dropped,,0,READ_ONLY,1,PARK_MERCHANT_INACTIVE|PARK_NO_LISTING_ROW|PARK_OUT_OF_STOCK|PARK_SALE_STATUS_DROPPED,PARKED
2026-02-18T06:42:51Z,BH-QYC3-K7VG,,dropped,,0,READ_ONLY,1,PARK_MERCHANT_INACTIVE|PARK_NO_LISTING_ROW|PARK_OUT_OF_STOCK|PARK_SALE_STATUS_DROPPED,PARKED
2026-02-18T06:42:51Z,BJ-1TEF-1BUZ,,dropped,,0,READ_ONLY,1,PARK_MERCHANT_INACTIVE|PARK_NO_LISTING_ROW|PARK_OUT_OF_STOCK|PARK_SALE_STATUS_DROPPED,PARKED
2026-02-18T06:42:51Z,BL-WX51-KQOK,B0897VHKW6,active,active,1,READ_ONLY,0,,ACTIVE_READONLY
2026-02-18T06:42:51Z,BM-1O5E-RW8I,B07BC5K5W5,dropped,inactive,0,READ_ONLY,1,PARK_MERCHANT_INACTIVE|PARK_NO_LISTING_ROW|PARK_OUT_OF_STOCK|PARK_SALE_STATUS_DROPPED,PARKED
2026-02-18T06:42:51Z,BQ-O3OI-FTJU,B01CKK8CU2,active,inactive,0,READ_ONLY,1,PARK_MERCHANT_INACTIVE|PARK_NO_LISTING_ROW|PARK_OUT_OF_STOCK,PARKED
2026-02-18T06:42:51Z,BT-7DBY-VHSC,,dropped,,0,READ_ONLY,1,PARK_MERCHANT_INACTIVE|PARK_NO_LISTING_ROW|PARK_OUT_OF_STOCK|PARK_SALE_STATUS_DROPPED,PARKED
2026-02-18T06:42:51Z,BU-H22U-ACK3,,dropped,,0,READ_ONLY,1,PARK_MERCHANT_INACTIVE|PARK_NO_LISTING_ROW|PARK_OUT_OF_STOCK|PARK_SALE_STATUS_DROPPED,PARKED
2026-02-18T06:42:51Z,C1-4N7O-1LWT,,dropped,,0,READ_ONLY,1,PARK_MERCHANT_INACTIVE|PARK_NO_LISTING_ROW|PARK_OUT_OF_STOCK|PARK_SALE_STATUS_DROPPED,PARKED
2026-02-18T06:42:51Z,C5-V0VF-ZQAV,,dropped,,0,READ_ONLY,1,PARK_MERCHANT_INACTIVE|PARK_NO_LISTING_ROW|PARK_OUT_OF_STOCK|PARK_SALE_STATUS_DROPPED,PARKED
2026-02-18T06:42:51Z,C6-XGZB-J6QA,B0083HIM7U,,inactive,0,READ_ONLY,1,PARK_MERCHANT_INACTIVE|PARK_NO_LISTING_ROW|PARK_OUT_OF_STOCK,PARKED
2026-02-18T06:42:51Z,C7-D8C6-UWDV,,dropped,,0,READ_ONLY,1,PARK_MERCHANT_INACTIVE|PARK_NO_LISTING_ROW|PARK_OUT_OF_STOCK|PARK_SALE_STATUS_DROPPED,PARKED
2026-02-18T06:42:51Z,CA-JM6T-ZXP6,B0CMY2G83J,discontinued,inactive,0,READ_ONLY,1,PARK_MERCHANT_INACTIVE|PARK_NO_LISTING_ROW|PARK_OUT_OF_STOCK|PARK_SALE_STATUS_DISCONTINUED,PARKED
2026-02-18T06:42:51Z,CC-9HJK-1XR3,,dropped,,0,READ_ONLY,1,PARK_MERCHANT_INACTIVE|PARK_NO_LISTING_ROW|PARK_OUT_OF_STOCK|PARK_SALE_STATUS_DROPPED,PARKED
2026-02-18T06:42:51Z,CH-RLZA-2OYU,B01M6BSYME,,inactive,0,READ_ONLY,1,PARK_MERCHANT_INACTIVE|PARK_NO_LISTING_ROW|PARK_OUT_OF_STOCK,PARKED
2026-02-18T06:42:51Z,CJ-DLBW-HKFS,,dropped,,0,READ_ONLY,1,PARK_MERCHANT_INACTIVE|PARK_NO_LISTING_ROW|PARK_OUT_OF_STOCK|PARK_SALE_STATUS_DROPPED,PARKED
2026-02-18T06:42:51Z,CJ-X0SS-QOUW,B0CG234KW1,active,active,1,READ_ONLY,0,,ACTIVE_READONLY
2026-02-18T06:42:51Z,CLFAPPLY1,,dropped,,0,READ_ONLY,1,PARK_MERCHANT_INACTIVE|PARK_NO_LISTING_ROW|PARK_OUT_OF_STOCK|PARK_SALE_STATUS_DROPPED,PARKED
2026-02-18T06:42:51Z,CN-NR50-TSFE,,dropped,,0,READ_ONLY,1,PARK_MERCHANT_INACTIVE|PARK_NO_LISTING_ROW|PARK_OUT_OF_STOCK|PARK_SALE_STATUS_DROPPED,PARKED
2026-02-18T06:42:51Z,CQ-GZA7-CZBW,,dropped,,0,READ_ONLY,1,PARK_MERCHANT_INACTIVE|PARK_NO_LISTING_ROW|PARK_OUT_OF_STOCK|PARK_SALE_STATUS_DROPPED,PARKED
2026-02-18T06:42:51Z,CX-1R85-163Z,B0CVHD7892,dropped,inactive,0,READ_ONLY,1,PARK_MERCHANT_INACTIVE|PARK_NO_LISTING_ROW|PARK_OUT_OF_STOCK|PARK_SALE_STATUS_DROPPED,PARKED
2026-02-18T06:42:51Z,CX-SMCH-4DYA,B0012B80HG,active,active,1,READ_ONLY,0,,ACTIVE_READONLY
2026-02-18T06:42:51Z,CY-5VNG-I5M8,B07Y354HMP,discontinued,inactive,0,READ_ONLY,1,PARK_MERCHANT_INACTIVE|PARK_NO_LISTING_ROW|PARK_OUT_OF_STOCK|PARK_SALE_STATUS_DISCONTINUED,PARKED
2026-02-18T06:42:51Z,D0-C7C0-H6LN,B07F1MFWV1,active,active,1,READ_ONLY,0,,ACTIVE_READONLY
2026-02-18T06:42:51Z,D1-LSS7-93U8,B003SYNGE2,active,inactive,0,READ_ONLY,1,PARK_MERCHANT_INACTIVE|PARK_NO_LISTING_ROW|PARK_OUT_OF_STOCK,PARKED
2026-02-18T06:42:51Z,D2-8SPY-Q095,B0052VXJGO,active,inactive,0,READ_ONLY,1,PARK_MERCHANT_INACTIVE|PARK_NO_LISTING_ROW|PARK_OUT_OF_STOCK,PARKED
2026-02-18T06:42:51Z,D3-QTSY-BCV5,B09P24SGN5,dropped,inactive,0,READ_ONLY,1,PARK_MERCHANT_INACTIVE|PARK_NO_LISTING_ROW|PARK_OUT_OF_STOCK|PARK_SALE_STATUS_DROPPED,PARKED
2026-02-18T06:42:51Z,D3-R4XE-XV0R,,dropped,,0,READ_ONLY,1,PARK_MERCHANT_INACTIVE|PARK_NO_LISTING_ROW|PARK_OUT_OF_STOCK|PARK_SALE_STATUS_DROPPED,PARKED
2026-02-18T06:42:51Z,D6-Y4EX-C9HL,,dropped,,0,READ_ONLY,1,PARK_MERCHANT_INACTIVE|PARK_NO_LISTING_ROW|PARK_OUT_OF_STOCK|PARK_SALE_STATUS_DROPPED,PARKED
2026-02-18T06:42:51Z,D7-MGBX-RX2P,B001Q77TI2,active,inactive,0,READ_ONLY,1,PARK_MERCHANT_INACTIVE|PARK_NO_LISTING_ROW|PARK_OUT_OF_STOCK,PARKED
2026-02-18T06:42:51Z,D8-1A3E-I37F,B001ET78RY,active,active,1,READ_ONLY,0,,ACTIVE_READONLY
2026-02-18T06:42:51Z,D8-QDS3-LH4T,,dropped,,0,READ_ONLY,1,PARK_MERCHANT_INACTIVE|PARK_NO_LISTING_ROW|PARK_OUT_OF_STOCK|PARK_SALE_STATUS_DROPPED,PARKED
2026-02-18T06:42:51Z,D8-VDSF-LENN,B00P82UZ6Y,discontinued,inactive,0,READ_ONLY,1,PARK_MERCHANT_INACTIVE|PARK_NO_LISTING_ROW|PARK_OUT_OF_STOCK|PARK_SALE_STATUS_DISCONTINUED,PARKED
2026-02-18T06:42:51Z,D9-42IB-HEVC,,dropped,,0,READ_ONLY,1,PARK_MERCHANT_INACTIVE|PARK_NO_LISTING_ROW|PARK_OUT_OF_STOCK|PARK_SALE_STATUS_DROPPED,PARKED
2026-02-18T06:42:51Z,DC-K5WH-R7F5,B0073FT7FY,active,active,1,READ_ONLY,0,,ACTIVE_READONLY
2026-02-18T06:42:51Z,DD-94AN-QL9L,B00VQTO21M,dropped,inactive,0,READ_ONLY,1,PARK_MERCHANT_INACTIVE|PARK_NO_LISTING_ROW|PARK_OUT_OF_STOCK|PARK_SALE_STATUS_DROPPED,PARKED
2026-02-18T06:42:51Z,DK-9CZR-7SUV,,dropped,,0,READ_ONLY,1,PARK_MERCHANT_INACTIVE|PARK_NO_LISTING_ROW|PARK_OUT_OF_STOCK|PARK_SALE_STATUS_DROPPED,PARKED
2026-02-18T06:42:51Z,DO-QDI1-K7R9,B0BBH71LQN,discontinued,inactive,0,READ_ONLY,1,PARK_MERCHANT_INACTIVE|PARK_NO_LISTING_ROW|PARK_OUT_OF_STOCK|PARK_SALE_STATUS_DISCONTINUED,PARKED
2026-02-18T06:42:51Z,DT-SPI3-IK34,B00BA4IOTY,dropped,inactive,0,READ_ONLY,1,PARK_MERCHANT_INACTIVE|PARK_NO_LISTING_ROW|PARK_OUT_OF_STOCK|PARK_SALE_STATUS_DROPPED,PARKED
2026-02-18T06:42:51Z,DV-USYD-8WR2,B0D3JD4FFD,active,inactive,0,READ_ONLY,1,PARK_MERCHANT_INACTIVE|PARK_NO_LISTING_ROW|PARK_OUT_OF_STOCK,PARKED
2026-02-18T06:42:51Z,DW-459L-AFIY,,dropped,,0,READ_ONLY,1,PARK_MERCHANT_INACTIVE|PARK_NO_LISTING_ROW|PARK_OUT_OF_STOCK|PARK_SALE_STATUS_DROPPED,PARKED
2026-02-18T06:42:51Z,DX-1NE9-39YS,B08MT6CW12,dropped,inactive,0,READ_ONLY,1,PARK_MERCHANT_INACTIVE|PARK_NO_LISTING_ROW|PARK_OUT_OF_STOCK|PARK_SALE_STATUS_DROPPED,PARKED
2026-02-18T06:42:51Z,DY-51D1-CSIX,,dropped,,0,READ_ONLY,1,PARK_MERCHANT_INACTIVE|PARK_NO_LISTING_ROW|PARK_OUT_OF_STOCK|PARK_SALE_STATUS_DROPPED,PARKED
2026-02-18T06:42:51Z,E0-9FJI-8AD2,,dropped,,0,READ_ONLY,1,PARK_MERCHANT_INACTIVE|PARK_NO_LISTING_ROW|PARK_OUT_OF_STOCK|PARK_SALE_STATUS_DROPPED,PARKED
2026-02-18T06:42:51Z,E1-W7LJ-CUKO,,dropped,,0,READ_ONLY,1,PARK_MERCHANT_INACTIVE|PARK_NO_LISTING_ROW|PARK_OUT_OF_STOCK|PARK_SALE_STATUS_DROPPED,PARKED
2026-02-18T06:42:51Z,E4-HG4R-5022,B07TGKYLLT,dropped,inactive,0,READ_ONLY,1,PARK_MERCHANT_INACTIVE|PARK_NO_LISTING_ROW|PARK_OUT_OF_STOCK|PARK_SALE_STATUS_DROPPED,PARKED
2026-02-18T06:42:51Z,E7-LAKI-9FEO,,dropped,,0,READ_ONLY,1,PARK_MERCHANT_INACTIVE|PARK_NO_LISTING_ROW|PARK_OUT_OF_STOCK|PARK_SALE_STATUS_DROPPED,PARKED
2026-02-18T06:42:51Z,E8-4EWH-VI2G,,dropped,,0,READ_ONLY,1,PARK_MERCHANT_INACTIVE|PARK_NO_LISTING_ROW|PARK_OUT_OF_STOCK|PARK_SALE_STATUS_DROPPED,PARKED
2026-02-18T06:42:51Z,E8-MXNZ-4UKU,,dropped,,0,READ_ONLY,1,PARK_MERCHANT_INACTIVE|PARK_NO_LISTING_ROW|PARK_OUT_OF_STOCK|PARK_SALE_STATUS_DROPPED,PARKED
2026-02-18T06:42:51Z,EA-FZ2V-D7II,B00D1V5NWK,dropped,inactive,0,READ_ONLY,1,PARK_MERCHANT_INACTIVE|PARK_NO_LISTING_ROW|PARK_OUT_OF_STOCK|PARK_SALE_STATUS_DROPPED,PARKED
2026-02-18T06:42:51Z,EE-KTDC-KCFY,B08FSDMVNP,dropped,inactive,0,READ_ONLY,1,PARK_MERCHANT_INACTIVE|PARK_NO_LISTING_ROW|PARK_OUT_OF_STOCK|PARK_SALE_STATUS_DROPPED,PARKED
2026-02-18T06:42:51Z,EH-ZRT0-U4YM,,dropped,,0,READ_ONLY,1,PARK_MERCHANT_INACTIVE|PARK_NO_LISTING_ROW|PARK_OUT_OF_STOCK|PARK_SALE_STATUS_DROPPED,PARKED
2026-02-18T06:42:51Z,EI-2WXL-O395,,dropped,,0,READ_ONLY,1,PARK_MERCHANT_INACTIVE|PARK_NO_LISTING_ROW|PARK_OUT_OF_STOCK|PARK_SALE_STATUS_DROPPED,PARKED
2026-02-18T06:42:51Z,EL-1QQR-J77R,,dropped,,0,READ_ONLY,1,PARK_MERCHANT_INACTIVE|PARK_NO_LISTING_ROW|PARK_OUT_OF_STOCK|PARK_SALE_STATUS_DROPPED,PARKED
2026-02-18T06:42:51Z,EO-RQ6J-PAPY,,dropped,,0,READ_ONLY,1,PARK_MERCHANT_INACTIVE|PARK_NO_LISTING_ROW|PARK_OUT_OF_STOCK|PARK_SALE_STATUS_DROPPED,PARKED
2026-02-18T06:42:51Z,EQ-EZL7-FAU3,,dropped,,0,READ_ONLY,1,PARK_MERCHANT_INACTIVE|PARK_NO_LISTING_ROW|PARK_OUT_OF_STOCK|PARK_SALE_STATUS_DROPPED,PARKED
2026-02-18T06:42:51Z,ET-D23X-A5I2,,dropped,,0,READ_ONLY,1,PARK_MERCHANT_INACTIVE|PARK_NO_LISTING_ROW|PARK_OUT_OF_STOCK|PARK_SALE_STATUS_DROPPED,PARKED
2026-02-18T06:42:51Z,EV-CHU5-XU3G,B07QQDMJ6M,active,active,1,READ_ONLY,0,,ACTIVE_READONLY
2026-02-18T06:42:51Z,F7-3B20-C9TW,,dropped,,0,READ_ONLY,1,PARK_MERCHANT_INACTIVE|PARK_NO_LISTING_ROW|PARK_OUT_OF_STOCK|PARK_SALE_STATUS_DROPPED,PARKED
2026-02-18T06:42:51Z,F7-PMJ2-SG6A,B07RZBBG14,,inactive,0,READ_ONLY,1,PARK_MERCHANT_INACTIVE|PARK_NO_LISTING_ROW|PARK_OUT_OF_STOCK,PARKED
2026-02-18T06:42:51Z,F9-ETRB-6FVQ,,dropped,,0,READ_ONLY,1,PARK_MERCHANT_INACTIVE|PARK_NO_LISTING_ROW|PARK_OUT_OF_STOCK|PARK_SALE_STATUS_DROPPED,PARKED
2026-02-18T06:42:51Z,FA-LRV6-YRFW,B00BUY54DI,active,inactive,0,READ_ONLY,1,PARK_MERCHANT_INACTIVE|PARK_NO_LISTING_ROW|PARK_OUT_OF_STOCK,PARKED
2026-02-18T06:42:51Z,FB-6FW0-Z82Q,B005F5TRBI,active,active,1,READ_ONLY,0,,ACTIVE_READONLY
2026-02-18T06:42:51Z,FBA15K3QTGNT_UNEXPECTED_ITEM_01,B07RRQX71T,discontinued,inactive,0,READ_ONLY,1,PARK_MERCHANT_INACTIVE|PARK_NO_LISTING_ROW|PARK_OUT_OF_STOCK|PARK_SALE_STATUS_DISCONTINUED,PARKED
2026-02-18T06:42:51Z,FD-R7YW-X0GH,B09NQC79GF,,inactive,0,READ_ONLY,1,PARK_MERCHANT_INACTIVE|PARK_NO_LISTING_ROW|PARK_OUT_OF_STOCK,PARKED
2026-02-18T06:42:51Z,FH-DOIH-J7JE,B01MUA5DU5,active,inactive,0,READ_ONLY,1,PARK_MERCHANT_INACTIVE|PARK_NO_LISTING_ROW|PARK_OUT_OF_STOCK,PARKED
2026-02-18T06:42:51Z,FM-7COC-V8U2,B078SZDV17,dropped,inactive,0,READ_ONLY,1,PARK_MERCHANT_INACTIVE|PARK_NO_LISTING_ROW|PARK_OUT_OF_STOCK|PARK_SALE_STATUS_DROPPED,PARKED
2026-02-18T06:42:51Z,FN-ZANK-PHQO,,dropped,,0,READ_ONLY,1,PARK_MERCHANT_INACTIVE|PARK_NO_LISTING_ROW|PARK_OUT_OF_STOCK|PARK_SALE_STATUS_DROPPED,PARKED
2026-02-18T06:42:51Z,FQ-DRSZ-XVJI,,dropped,,0,READ_ONLY,1,PARK_MERCHANT_INACTIVE|PARK_NO_LISTING_ROW|PARK_OUT_OF_STOCK|PARK_SALE_STATUS_DROPPED,PARKED
2026-02-18T06:42:51Z,FQ-MTRD-YPII,,dropped,,0,READ_ONLY,1,PARK_MERCHANT_INACTIVE|PARK_NO_LISTING_ROW|PARK_OUT_OF_STOCK|PARK_SALE_STATUS_DROPPED,PARKED
2026-02-18T06:42:51Z,FR-41MF-KWKU,,dropped,,0,READ_ONLY,1,PARK_MERCHANT_INACTIVE|PARK_NO_LISTING_ROW|PARK_OUT_OF_STOCK|PARK_SALE_STATUS_DROPPED,PARKED
2026-02-18T06:42:51Z,FW-WGL2-H61I,,dropped,,0,READ_ONLY,1,PARK_MERCHANT_INACTIVE|PARK_NO_LISTING_ROW|PARK_OUT_OF_STOCK|PARK_SALE_STATUS_DROPPED,PARKED
2026-02-18T06:42:51Z,FX-3YH6-IF6A,,dropped,,0,READ_ONLY,1,PARK_MERCHANT_INACTIVE|PARK_NO_LISTING_ROW|PARK_OUT_OF_STOCK|PARK_SALE_STATUS_DROPPED,PARKED
2026-02-18T06:42:51Z,FY-HXC0-DSPO,,dropped,,0,READ_ONLY,1,PARK_MERCHANT_INACTIVE|PARK_NO_LISTING_ROW|PARK_OUT_OF_STOCK|PARK_SALE_STATUS_DROPPED,PARKED
2026-02-18T06:42:51Z,FY-L1AO-4YOT,,dropped,,0,READ_ONLY,1,PARK_MERCHANT_INACTIVE|PARK_NO_LISTING_ROW|PARK_OUT_OF_STOCK|PARK_SALE_STATUS_DROPPED,PARKED
2026-02-18T06:42:51Z,FY-TQNI-4ZV5,,dropped,,0,READ_ONLY,1,PARK_MERCHANT_INACTIVE|PARK_NO_LISTING_ROW|PARK_OUT_OF_STOCK|PARK_SALE_STATUS_DROPPED,PARKED
2026-02-18T06:42:51Z,FZ-YQYO-ICX5,B0BTTHVGD3,active,inactive,0,READ_ONLY,1,PARK_MERCHANT_INACTIVE|PARK_NO_LISTING_ROW|PARK_OUT_OF_STOCK,PARKED
2026-02-18T06:42:51Z,G0-25T9-9YZS,,dropped,,0,READ_ONLY,1,PARK_MERCHANT_INACTIVE|PARK_NO_LISTING_ROW|PARK_OUT_OF_STOCK|PARK_SALE_STATUS_DROPPED,PARKED
2026-02-18T06:42:51Z,G8-L8EI-INMK,B0054SB72I,active,inactive,0,READ_ONLY,1,PARK_MERCHANT_INACTIVE|PARK_NO_LISTING_ROW|PARK_OUT_OF_STOCK,PARKED
2026-02-18T06:42:51Z,G9-GAEI-FQI3,B0001IWI10,dropped,inactive,0,READ_ONLY,1,PARK_MERCHANT_INACTIVE|PARK_NO_LISTING_ROW|PARK_OUT_OF_STOCK|PARK_SALE_STATUS_DROPPED,PARKED
2026-02-18T06:42:51Z,GA-9DTN-9O1E,B086763VT8,active,active,1,READ_ONLY,0,,ACTIVE_READONLY
2026-02-18T06:42:51Z,GB-RXX5-97UW,,dropped,,0,READ_ONLY,1,PARK_MERCHANT_INACTIVE|PARK_NO_LISTING_ROW|PARK_OUT_OF_STOCK|PARK_SALE_STATUS_DROPPED,PARKED
2026-02-18T06:42:51Z,GD-B8SW-1PCP,B0D2Y4NPKZ,active,inactive,0,READ_ONLY,1,PARK_MERCHANT_INACTIVE|PARK_NO_LISTING_ROW|PARK_OUT_OF_STOCK,PARKED
2026-02-18T06:42:51Z,GH-PONH-K4WQ,B08L3FB3G2,,inactive,0,READ_ONLY,1,PARK_MERCHANT_INACTIVE|PARK_NO_LISTING_ROW|PARK_OUT_OF_STOCK,PARKED
2026-02-18T06:42:51Z,GH-XAAE-HRU7,B072K2PG11,active,inactive,0,READ_ONLY,1,PARK_MERCHANT_INACTIVE|PARK_NO_LISTING_ROW|PARK_OUT_OF_STOCK,PARKED
2026-02-18T06:42:51Z,GJ-2OZK-0GCA,B0CS3VF4GK,active,inactive,0,READ_ONLY,1,PARK_MERCHANT_INACTIVE|PARK_NO_LISTING_ROW|PARK_OUT_OF_STOCK,PARKED
2026-02-18T06:42:51Z,GK-YI4S-C158,B0009JJZ8A,active,inactive,0,READ_ONLY,1,PARK_MERCHANT_INACTIVE|PARK_NO_LISTING_ROW|PARK_OUT_OF_STOCK,PARKED
2026-02-18T06:42:51Z,GQ-JASA-966U,,dropped,,0,READ_ONLY,1,PARK_MERCHANT_INACTIVE|PARK_NO_LISTING_ROW|PARK_OUT_OF_STOCK|PARK_SALE_STATUS_DROPPED,PARKED
2026-02-18T06:42:51Z,GW-1ECO-QZA7,B00N5SLQ7A,active,inactive,0,READ_ONLY,1,PARK_MERCHANT_INACTIVE|PARK_NO_LISTING_ROW|PARK_OUT_OF_STOCK,PARKED
2026-02-18T06:42:51Z,GY-FO04-RDYL,B09M3PQRBG,dropped,active,1,READ_ONLY,1,PARK_SALE_STATUS_DROPPED,PARKED
2026-02-18T06:42:51Z,GZ-0NY2-BOHL,,dropped,,0,READ_ONLY,1,PARK_MERCHANT_INACTIVE|PARK_NO_LISTING_ROW|PARK_OUT_OF_STOCK|PARK_SALE_STATUS_DROPPED,PARKED
2026-02-18T06:42:51Z,H0-BYHY-BTUT,B08WX4Y25G,dropped,inactive,0,READ_ONLY,1,PARK_MERCHANT_INACTIVE|PARK_NO_LISTING_ROW|PARK_OUT_OF_STOCK|PARK_SALE_STATUS_DROPPED,PARKED
2026-02-18T06:42:51Z,H4-86XG-NLX6,B0CVNMZHZ6,active,inactive,0,READ_ONLY,1,PARK_MERCHANT_INACTIVE|PARK_NO_LISTING_ROW|PARK_OUT_OF_STOCK,PARKED
2026-02-18T06:42:51Z,H4-EFUP-2ASL,,dropped,,0,READ_ONLY,1,PARK_MERCHANT_INACTIVE|PARK_NO_LISTING_ROW|PARK_OUT_OF_STOCK|PARK_SALE_STATUS_DROPPED,PARKED
2026-02-18T06:42:51Z,H6-E7MP-EBPD,B00000IU72,active,active,1,READ_ONLY,0,,ACTIVE_READONLY
2026-02-18T06:42:51Z,H8-MI8Q-WG5C,B092K24B2Q,discontinued,inactive,0,READ_ONLY,1,PARK_MERCHANT_INACTIVE|PARK_NO_LISTING_ROW|PARK_OUT_OF_STOCK|PARK_SALE_STATUS_DISCONTINUED,PARKED
2026-02-18T06:42:51Z,HI-4CXM-9WVU,,dropped,,0,READ_ONLY,1,PARK_MERCHANT_INACTIVE|PARK_NO_LISTING_ROW|PARK_OUT_OF_STOCK|PARK_SALE_STATUS_DROPPED,PARKED
2026-02-18T06:42:51Z,HJ-6HB4-VVF2,,dropped,,0,READ_ONLY,1,PARK_MERCHANT_INACTIVE|PARK_NO_LISTING_ROW|PARK_OUT_OF_STOCK|PARK_SALE_STATUS_DROPPED,PARKED
2026-02-18T06:42:51Z,HJ-DHEU-9WG8,B0DHDCRX76,active,inactive,0,READ_ONLY,1,PARK_MERCHANT_INACTIVE|PARK_NO_LISTING_ROW|PARK_OUT_OF_STOCK,PARKED
2026-02-18T06:42:51Z,HL-03ZR-QPHH,B09M3PFZC8,active,active,1,READ_ONLY,0,,ACTIVE_READONLY
2026-02-18T06:42:51Z,HL-B4VJ-L8FP,B0813VNJF8,dropped,inactive,0,READ_ONLY,1,PARK_MERCHANT_INACTIVE|PARK_NO_LISTING_ROW|PARK_OUT_OF_STOCK|PARK_SALE_STATUS_DROPPED,PARKED
2026-02-18T06:42:51Z,HN-13OB-TAYD,,dropped,,0,READ_ONLY,1,PARK_MERCHANT_INACTIVE|PARK_NO_LISTING_ROW|PARK_OUT_OF_STOCK|PARK_SALE_STATUS_DROPPED,PARKED
2026-02-18T06:42:51Z,HO-7XV5-UD4D,,dropped,,0,READ_ONLY,1,PARK_MERCHANT_INACTIVE|PARK_NO_LISTING_ROW|PARK_OUT_OF_STOCK|PARK_SALE_STATUS_DROPPED,PARKED
2026-02-18T06:42:51Z,HO-LSOY-8R05,B0BVZZDW1W,active,inactive,0,READ_ONLY,1,PARK_MERCHANT_INACTIVE|PARK_NO_LISTING_ROW|PARK_OUT_OF_STOCK,PARKED
2026-02-18T06:42:51Z,HS-R5IP-7E1C,B00LXM3PGK,active,active,1,READ_ONLY,0,,ACTIVE_READONLY
2026-02-18T06:42:51Z,HT-LVU9-4F5R,,dropped,,0,READ_ONLY,1,PARK_MERCHANT_INACTIVE|PARK_NO_LISTING_ROW|PARK_OUT_OF_STOCK|PARK_SALE_STATUS_DROPPED,PARKED
2026-02-18T06:42:51Z,HY-VZF3-EFS3,,dropped,,0,READ_ONLY,1,PARK_MERCHANT_INACTIVE|PARK_NO_LISTING_ROW|PARK_OUT_OF_STOCK|PARK_SALE_STATUS_DROPPED,PARKED
2026-02-18T06:42:51Z,I2-6YKQ-CIBP,B007YX9O9E,,inactive,0,READ_ONLY,1,PARK_MERCHANT_INACTIVE|PARK_NO_LISTING_ROW|PARK_OUT_OF_STOCK,PARKED
2026-02-18T06:42:51Z,I2-OJSR-TKZ6,,dropped,,0,READ_ONLY,1,PARK_MERCHANT_INACTIVE|PARK_NO_LISTING_ROW|PARK_OUT_OF_STOCK|PARK_SALE_STATUS_DROPPED,PARKED
2026-02-18T06:42:51Z,I5-DDJZ-N4EF,B07QLML4ZG,dropped,inactive,0,READ_ONLY,1,PARK_MERCHANT_INACTIVE|PARK_NO_LISTING_ROW|PARK_OUT_OF_STOCK|PARK_SALE_STATUS_DROPPED,PARKED
2026-02-18T06:42:51Z,IB-PMXX-S0AE,B002BWSZS4,dropped,inactive,0,READ_ONLY,1,PARK_MERCHANT_INACTIVE|PARK_NO_LISTING_ROW|PARK_OUT_OF_STOCK|PARK_SALE_STATUS_DROPPED,PARKED
2026-02-18T06:42:51Z,IB-U5FA-BO2Y,B0D3JC45CK,active,inactive,0,READ_ONLY,1,PARK_MERCHANT_INACTIVE|PARK_NO_LISTING_ROW|PARK_OUT_OF_STOCK,PARKED
2026-02-18T06:42:51Z,IJ-V0PQ-4CZ4,B09NQCV872,active,active,1,READ_ONLY,0,,ACTIVE_READONLY
2026-02-18T06:42:51Z,IM-AYXV-79NJ,B09HXXMJV9,,inactive,0,READ_ONLY,1,PARK_MERCHANT_INACTIVE|PARK_NO_LISTING_ROW|PARK_OUT_OF_STOCK,PARKED
2026-02-18T06:42:51Z,IO-9ZD2-3HDO,B09SBGM9Q8,discontinued,inactive,0,READ_ONLY,1,PARK_MERCHANT_INACTIVE|PARK_NO_LISTING_ROW|PARK_OUT_OF_STOCK|PARK_SALE_STATUS_DISCONTINUED,PARKED
2026-02-18T06:42:51Z,IQ-PR7Z-1RKG,,dropped,,0,READ_ONLY,1,PARK_MERCHANT_INACTIVE|PARK_NO_LISTING_ROW|PARK_OUT_OF_STOCK|PARK_SALE_STATUS_DROPPED,PARKED
2026-02-18T06:42:51Z,IR-BP1X-M8DG,B008HSBYS4,dropped,inactive,0,READ_ONLY,1,PARK_MERCHANT_INACTIVE|PARK_NO_LISTING_ROW|PARK_OUT_OF_STOCK|PARK_SALE_STATUS_DROPPED,PARKED
2026-02-18T06:42:51Z,IS-RZRJ-JMUQ,,dropped,,0,READ_ONLY,1,PARK_MERCHANT_INACTIVE|PARK_NO_LISTING_ROW|PARK_OUT_OF_STOCK|PARK_SALE_STATUS_DROPPED,PARKED
2026-02-18T06:42:51Z,IX-BHAG-7688,,dropped,,0,READ_ONLY,1,PARK_MERCHANT_INACTIVE|PARK_NO_LISTING_ROW|PARK_OUT_OF_STOCK|PARK_SALE_STATUS_DROPPED,PARKED
2026-02-18T06:42:51Z,IX-E0R5-6P6G,,dropped,,0,READ_ONLY,1,PARK_MERCHANT_INACTIVE|PARK_NO_LISTING_ROW|PARK_OUT_OF_STOCK|PARK_SALE_STATUS_DROPPED,PARKED
2026-02-18T06:42:51Z,IZ-8NZ9-VXR2,B08XLT86GL,active,inactive,0,READ_ONLY,1,PARK_MERCHANT_INACTIVE|PARK_NO_LISTING_ROW|PARK_OUT_OF_STOCK,PARKED
2026-02-18T06:42:51Z,J1-6I0O-YXCL,B08CHK57TB,,inactive,0,READ_ONLY,1,PARK_MERCHANT_INACTIVE|PARK_NO_LISTING_ROW|PARK_OUT_OF_STOCK,PARKED
2026-02-18T06:42:51Z,J2-N9NA-57NA,,dropped,,0,READ_ONLY,1,PARK_MERCHANT_INACTIVE|PARK_NO_LISTING_ROW|PARK_OUT_OF_STOCK|PARK_SALE_STATUS_DROPPED,PARKED
2026-02-18T06:42:51Z,J5-IJ6Y-64VG,,dropped,,0,READ_ONLY,1,PARK_MERCHANT_INACTIVE|PARK_NO_LISTING_ROW|PARK_OUT_OF_STOCK|PARK_SALE_STATUS_DROPPED,PARKED
2026-02-18T06:42:51Z,J7-QL4P-4SOM,,dropped,,0,READ_ONLY,1,PARK_MERCHANT_INACTIVE|PARK_NO_LISTING_ROW|PARK_OUT_OF_STOCK|PARK_SALE_STATUS_DROPPED,PARKED
2026-02-18T06:42:51Z,JA-LKQX-7YEN,,dropped,,0,READ_ONLY,1,PARK_MERCHANT_INACTIVE|PARK_NO_LISTING_ROW|PARK_OUT_OF_STOCK|PARK_SALE_STATUS_DROPPED,PARKED
2026-02-18T06:42:51Z,JB-RGB6-LZOJ,B0001P0DLU,active,active,1,READ_ONLY,0,,ACTIVE_READONLY
2026-02-18T06:42:51Z,JC-NYJZ-DIWR,,dropped,,0,READ_ONLY,1,PARK_MERCHANT_INACTIVE|PARK_NO_LISTING_ROW|PARK_OUT_OF_STOCK|PARK_SALE_STATUS_DROPPED,PARKED
2026-02-18T06:42:51Z,JE-D4LO-O2JD,B07JXBDGJB,active,inactive,0,READ_ONLY,1,PARK_MERCHANT_INACTIVE|PARK_NO_LISTING_ROW|PARK_OUT_OF_STOCK,PARKED
2026-02-18T06:42:51Z,JE-NHAA-HEYR,,dropped,,0,READ_ONLY,1,PARK_MERCHANT_INACTIVE|PARK_NO_LISTING_ROW|PARK_OUT_OF_STOCK|PARK_SALE_STATUS_DROPPED,PARKED
2026-02-18T06:42:51Z,JH-97NP-GJDG,B007C3KBIY,active,inactive,0,READ_ONLY,1,PARK_MERCHANT_INACTIVE|PARK_NO_LISTING_ROW|PARK_OUT_OF_STOCK,PARKED
2026-02-18T06:42:51Z,JL-VTP2-JF3Q,B07BLX7YG9,active,inactive,0,READ_ONLY,1,PARK_MERCHANT_INACTIVE|PARK_NO_LISTING_ROW|PARK_OUT_OF_STOCK,PARKED
2026-02-18T06:42:51Z,JP-9X4T-0CCC,,dropped,,0,READ_ONLY,1,PARK_MERCHANT_INACTIVE|PARK_NO_LISTING_ROW|PARK_OUT_OF_STOCK|PARK_SALE_STATUS_DROPPED,PARKED
2026-02-18T06:42:51Z,JQ-6JZ4-3GJ7,,dropped,,0,READ_ONLY,1,PARK_MERCHANT_INACTIVE|PARK_NO_LISTING_ROW|PARK_OUT_OF_STOCK|PARK_SALE_STATUS_DROPPED,PARKED
2026-02-18T06:42:51Z,JV-D1TI-6UF6,B002HY4YSQ,dropped,inactive,0,READ_ONLY,1,PARK_MERCHANT_INACTIVE|PARK_NO_LISTING_ROW|PARK_OUT_OF_STOCK|PARK_SALE_STATUS_DROPPED,PARKED
2026-02-18T06:42:51Z,JX-6USZ-SK7E,0786964502,active,inactive,0,READ_ONLY,1,PARK_MERCHANT_INACTIVE|PARK_NO_LISTING_ROW|PARK_OUT_OF_STOCK,PARKED
2026-02-18T06:42:51Z,JX-Q0XX-QBZ2,,dropped,,0,READ_ONLY,1,PARK_MERCHANT_INACTIVE|PARK_NO_LISTING_ROW|PARK_OUT_OF_STOCK|PARK_SALE_STATUS_DROPPED,PARKED
2026-02-18T06:42:51Z,JY-781R-EYHZ,B005HXLH3O,active,inactive,0,READ_ONLY,1,PARK_MERCHANT_INACTIVE|PARK_NO_LISTING_ROW|PARK_OUT_OF_STOCK,PARKED
2026-02-18T06:42:51Z,K0-71JR-UNLF,B01JL0WRI2,active,inactive,0,READ_ONLY,1,PARK_MERCHANT_INACTIVE|PARK_NO_LISTING_ROW|PARK_OUT_OF_STOCK,PARKED
2026-02-18T06:42:51Z,K2-VE7K-V9TU,B08FR6S7CD,dropped,inactive,0,READ_ONLY,1,PARK_MERCHANT_INACTIVE|PARK_NO_LISTING_ROW|PARK_OUT_OF_STOCK|PARK_SALE_STATUS_DROPPED,PARKED
2026-02-18T06:42:51Z,K5-QUBI-YTWD,B0037B0C66,dropped,inactive,0,READ_ONLY,1,PARK_MERCHANT_INACTIVE|PARK_NO_LISTING_ROW|PARK_OUT_OF_STOCK|PARK_SALE_STATUS_DROPPED,PARKED
2026-02-18T06:42:51Z,K7-1K9P-TTAZ,B00VREYQYO,discontinued,inactive,0,READ_ONLY,1,PARK_MERCHANT_INACTIVE|PARK_NO_LISTING_ROW|PARK_OUT_OF_STOCK|PARK_SALE_STATUS_DISCONTINUED,PARKED
2026-02-18T06:42:51Z,K7-L390-M667,,dropped,,0,READ_ONLY,1,PARK_MERCHANT_INACTIVE|PARK_NO_LISTING_ROW|PARK_OUT_OF_STOCK|PARK_SALE_STATUS_DROPPED,PARKED
2026-02-18T06:42:51Z,KE-WQ91-B6JF,,dropped,,0,READ_ONLY,1,PARK_MERCHANT_INACTIVE|PARK_NO_LISTING_ROW|PARK_OUT_OF_STOCK|PARK_SALE_STATUS_DROPPED,PARKED
2026-02-18T06:42:51Z,KG-GAQU-OLI0,,dropped,,0,READ_ONLY,1,PARK_MERCHANT_INACTIVE|PARK_NO_LISTING_ROW|PARK_OUT_OF_STOCK|PARK_SALE_STATUS_DROPPED,PARKED
2026-02-18T06:42:51Z,KI-CR51-18J3,B0070Y60K8,active,inactive,0,READ_ONLY,1,PARK_MERCHANT_INACTIVE|PARK_NO_LISTING_ROW|PARK_OUT_OF_STOCK,PARKED
2026-02-18T06:42:51Z,KJ-T17P-5CVS,,dropped,,0,READ_ONLY,1,PARK_MERCHANT_INACTIVE|PARK_NO_LISTING_ROW|PARK_OUT_OF_STOCK|PARK_SALE_STATUS_DROPPED,PARKED
2026-02-18T06:42:51Z,KP-AMHW-L7J3,,dropped,,0,READ_ONLY,1,PARK_MERCHANT_INACTIVE|PARK_NO_LISTING_ROW|PARK_OUT_OF_STOCK|PARK_SALE_STATUS_DROPPED,PARKED
2026-02-18T06:42:51Z,KQ-XRZK-09KK,B0CSG9BFMJ,,inactive,0,READ_ONLY,1,PARK_MERCHANT_INACTIVE|PARK_NO_LISTING_ROW|PARK_OUT_OF_STOCK,PARKED
2026-02-18T06:42:51Z,KR-H2ZK-DRS7,,dropped,,0,READ_ONLY,1,PARK_MERCHANT_INACTIVE|PARK_NO_LISTING_ROW|PARK_OUT_OF_STOCK|PARK_SALE_STATUS_DROPPED,PARKED
2026-02-18T06:42:51Z,L1-54EX-56YC,B09445GL1C,active,active,1,READ_ONLY,0,,ACTIVE_READONLY
2026-02-18T06:42:51Z,L2-WL35-LG0D,B07PRCJQFX,discontinued,inactive,0,READ_ONLY,1,PARK_MERCHANT_INACTIVE|PARK_NO_LISTING_ROW|PARK_OUT_OF_STOCK|PARK_SALE_STATUS_DISCONTINUED,PARKED
2026-02-18T06:42:51Z,L3-OHWF-OL4P,,dropped,,0,READ_ONLY,1,PARK_MERCHANT_INACTIVE|PARK_NO_LISTING_ROW|PARK_OUT_OF_STOCK|PARK_SALE_STATUS_DROPPED,PARKED
2026-02-18T06:42:51Z,L3-ZQ8U-A7LQ,B004I2N5AS,active,inactive,0,READ_ONLY,1,PARK_MERCHANT_INACTIVE|PARK_NO_LISTING_ROW|PARK_OUT_OF_STOCK,PARKED
2026-02-18T06:42:51Z,L5-PF3B-WHU4,B09LDDFK4R,active,active,1,READ_ONLY,0,,ACTIVE_READONLY
2026-02-18T06:42:51Z,L7-ZGYU-IWOW,,dropped,,0,READ_ONLY,1,PARK_MERCHANT_INACTIVE|PARK_NO_LISTING_ROW|PARK_OUT_OF_STOCK|PARK_SALE_STATUS_DROPPED,PARKED
2026-02-18T06:42:51Z,LF-X542-9TDZ,B07YYG14S1,,inactive,0,READ_ONLY,1,PARK_MERCHANT_INACTIVE|PARK_NO_LISTING_ROW|PARK_OUT_OF_STOCK,PARKED
2026-02-18T06:42:51Z,LG-AZOP-KOUU,,dropped,,0,READ_ONLY,1,PARK_MERCHANT_INACTIVE|PARK_NO_LISTING_ROW|PARK_OUT_OF_STOCK|PARK_SALE_STATUS_DROPPED,PARKED
2026-02-18T06:42:51Z,LH-LOUH-H54B,,dropped,,0,READ_ONLY,1,PARK_MERCHANT_INACTIVE|PARK_NO_LISTING_ROW|PARK_OUT_OF_STOCK|PARK_SALE_STATUS_DROPPED,PARKED
2026-02-18T06:42:51Z,LL-NBBZ-I90A,,dropped,,0,READ_ONLY,1,PARK_MERCHANT_INACTIVE|PARK_NO_LISTING_ROW|PARK_OUT_OF_STOCK|PARK_SALE_STATUS_DROPPED,PARKED
2026-02-18T06:42:51Z,LP-QMNJ-J49G,B0CL5DHG37,,active,1,READ_ONLY,0,,ACTIVE_READONLY
2026-02-18T06:42:51Z,LR-7GM6-1RCH,B08MQB42B3,active,active,1,READ_ONLY,0,,ACTIVE_READONLY
2026-02-18T06:42:51Z,LR-Q5V9-S4GK,B09P244SML,dropped,inactive,0,READ_ONLY,1,PARK_MERCHANT_INACTIVE|PARK_NO_LISTING_ROW|PARK_OUT_OF_STOCK|PARK_SALE_STATUS_DROPPED,PARKED
2026-02-18T06:42:51Z,LV-425G-BY4X,9188805646,active,inactive,0,READ_ONLY,1,PARK_MERCHANT_INACTIVE|PARK_NO_LISTING_ROW|PARK_OUT_OF_STOCK,PARKED
2026-02-18T06:42:51Z,LW-0BSW-ZD88,,dropped,,0,READ_ONLY,1,PARK_MERCHANT_INACTIVE|PARK_NO_LISTING_ROW|PARK_OUT_OF_STOCK|PARK_SALE_STATUS_DROPPED,PARKED
2026-02-18T06:42:51Z,LX-K206-ENZX,,dropped,,0,READ_ONLY,1,PARK_MERCHANT_INACTIVE|PARK_NO_LISTING_ROW|PARK_OUT_OF_STOCK|PARK_SALE_STATUS_DROPPED,PARKED
2026-02-18T06:42:51Z,M1-UFU0-V1X3,,dropped,,0,READ_ONLY,1,PARK_MERCHANT_INACTIVE|PARK_NO_LISTING_ROW|PARK_OUT_OF_STOCK|PARK_SALE_STATUS_DROPPED,PARKED
2026-02-18T06:42:51Z,M4-MV10-9TX7,,dropped,,0,READ_ONLY,1,PARK_MERCHANT_INACTIVE|PARK_NO_LISTING_ROW|PARK_OUT_OF_STOCK|PARK_SALE_STATUS_DROPPED,PARKED
2026-02-18T06:42:51Z,M5-71MK-T0DL,B0B337ZY41,dropped,inactive,0,READ_ONLY,1,PARK_MERCHANT_INACTIVE|PARK_NO_LISTING_ROW|PARK_OUT_OF_STOCK|PARK_SALE_STATUS_DROPPED,PARKED
2026-02-18T06:42:51Z,M5-EOFN-2WPJ,,dropped,,0,READ_ONLY,1,PARK_MERCHANT_INACTIVE|PARK_NO_LISTING_ROW|PARK_OUT_OF_STOCK|PARK_SALE_STATUS_DROPPED,PARKED
2026-02-18T06:42:51Z,M7-TSI2-5W7I,B06XYTDCC5,active,inactive,0,READ_ONLY,1,PARK_MERCHANT_INACTIVE|PARK_NO_LISTING_ROW|PARK_OUT_OF_STOCK,PARKED
2026-02-18T06:42:51Z,M8-LMW1-Z8AS,B00IQFGOGA,,inactive,0,READ_ONLY,1,PARK_MERCHANT_INACTIVE|PARK_NO_LISTING_ROW|PARK_OUT_OF_STOCK,PARKED
2026-02-18T06:42:51Z,MF-FBAW-SRXY,,dropped,,0,READ_ONLY,1,PARK_MERCHANT_INACTIVE|PARK_NO_LISTING_ROW|PARK_OUT_OF_STOCK|PARK_SALE_STATUS_DROPPED,PARKED
2026-02-18T06:42:51Z,MF-MNIN-FGXW,,dropped,,0,READ_ONLY,1,PARK_MERCHANT_INACTIVE|PARK_NO_LISTING_ROW|PARK_OUT_OF_STOCK|PARK_SALE_STATUS_DROPPED,PARKED
2026-02-18T06:42:51Z,MF-TPXM-F8AF,B0D3J9C8NN,dropped,inactive,0,READ_ONLY,1,PARK_MERCHANT_INACTIVE|PARK_NO_LISTING_ROW|PARK_OUT_OF_STOCK|PARK_SALE_STATUS_DROPPED,PARKED
2026-02-18T06:42:51Z,MI-J6KS-0097,,dropped,,0,READ_ONLY,1,PARK_MERCHANT_INACTIVE|PARK_NO_LISTING_ROW|PARK_OUT_OF_STOCK|PARK_SALE_STATUS_DROPPED,PARKED
2026-02-18T06:42:51Z,ML-L9EE-YFAW,,dropped,,0,READ_ONLY,1,PARK_MERCHANT_INACTIVE|PARK_NO_LISTING_ROW|PARK_OUT_OF_STOCK|PARK_SALE_STATUS_DROPPED,PARKED
2026-02-18T06:42:51Z,MN-LXY0-1MMT,B07DFB8DKB,dropped,inactive,0,READ_ONLY,1,PARK_MERCHANT_INACTIVE|PARK_NO_LISTING_ROW|PARK_OUT_OF_STOCK|PARK_SALE_STATUS_DROPPED,PARKED
2026-02-18T06:42:51Z,MR-727N-ZG8K,B07T2PV79R,dropped,inactive,0,READ_ONLY,1,PARK_MERCHANT_INACTIVE|PARK_NO_LISTING_ROW|PARK_OUT_OF_STOCK|PARK_SALE_STATUS_DROPPED,PARKED
2026-02-18T06:42:51Z,MU-717K-DELS,B076V4V2QQ,active,inactive,0,READ_ONLY,1,PARK_MERCHANT_INACTIVE|PARK_NO_LISTING_ROW|PARK_OUT_OF_STOCK,PARKED
2026-02-18T06:42:51Z,MU-A667-UQ3J,B081TGZQVR,discontinued,inactive,0,READ_ONLY,1,PARK_MERCHANT_INACTIVE|PARK_NO_LISTING_ROW|PARK_OUT_OF_STOCK|PARK_SALE_STATUS_DISCONTINUED,PARKED
2026-02-18T06:42:51Z,MV-UNOG-CTUU,B00FO70GG2,discontinued,inactive,0,READ_ONLY,1,PARK_MERCHANT_INACTIVE|PARK_NO_LISTING_ROW|PARK_OUT_OF_STOCK|PARK_SALE_STATUS_DISCONTINUED,PARKED
2026-02-18T06:42:51Z,MW-1ILH-TLS4,B0CDH5Y3N9,dropped,inactive,0,READ_ONLY,1,PARK_MERCHANT_INACTIVE|PARK_NO_LISTING_ROW|PARK_OUT_OF_STOCK|PARK_SALE_STATUS_DROPPED,PARKED
2026-02-18T06:42:51Z,MW-9K5M-VKW8,B0073TTHBY,active,inactive,0,READ_ONLY,1,PARK_MERCHANT_INACTIVE|PARK_NO_LISTING_ROW|PARK_OUT_OF_STOCK,PARKED
2026-02-18T06:42:51Z,MW-RSG9-3S2C,B07DRLVHM2,,inactive,0,READ_ONLY,1,PARK_MERCHANT_INACTIVE|PARK_NO_LISTING_ROW|PARK_OUT_OF_STOCK,PARKED
2026-02-18T06:42:51Z,MY-85FY-TSON,B0CKS4H64X,dropped,inactive,0,READ_ONLY,1,PARK_MERCHANT_INACTIVE|PARK_NO_LISTING_ROW|PARK_OUT_OF_STOCK|PARK_SALE_STATUS_DROPPED,PARKED
2026-02-18T06:42:51Z,MY-KL21-NMV5,B0913SVFD3,active,inactive,0,READ_ONLY,1,PARK_MERCHANT_INACTIVE|PARK_NO_LISTING_ROW|PARK_OUT_OF_STOCK,PARKED
2026-02-18T06:42:51Z,MY-XMO2-EXY1,B0042SNS7S,active,inactive,0,READ_ONLY,1,PARK_MERCHANT_INACTIVE|PARK_NO_LISTING_ROW|PARK_OUT_OF_STOCK,PARKED
2026-02-18T06:42:51Z,N0-JAU8-SI40,,dropped,,0,READ_ONLY,1,PARK_MERCHANT_INACTIVE|PARK_NO_LISTING_ROW|PARK_OUT_OF_STOCK|PARK_SALE_STATUS_DROPPED,PARKED
2026-02-18T06:42:51Z,N2-I82D-3I3Q,,dropped,,0,READ_ONLY,1,PARK_MERCHANT_INACTIVE|PARK_NO_LISTING_ROW|PARK_OUT_OF_STOCK|PARK_SALE_STATUS_DROPPED,PARKED
2026-02-18T06:42:51Z,N4-5C3G-RJS1,B000MQ663C,dropped,inactive,0,READ_ONLY,1,PARK_MERCHANT_INACTIVE|PARK_NO_LISTING_ROW|PARK_OUT_OF_STOCK|PARK_SALE_STATUS_DROPPED,PARKED
2026-02-18T06:42:51Z,N7-A24N-WJA7,B09NM9TVYX,,inactive,0,READ_ONLY,1,PARK_MERCHANT_INACTIVE|PARK_NO_LISTING_ROW|PARK_OUT_OF_STOCK,PARKED
2026-02-18T06:42:51Z,N9-IOWG-NGD9,,dropped,,0,READ_ONLY,1,PARK_MERCHANT_INACTIVE|PARK_NO_LISTING_ROW|PARK_OUT_OF_STOCK|PARK_SALE_STATUS_DROPPED,PARKED
2026-02-18T06:42:51Z,NB-UWOU-68PW,,dropped,,0,READ_ONLY,1,PARK_MERCHANT_INACTIVE|PARK_NO_LISTING_ROW|PARK_OUT_OF_STOCK|PARK_SALE_STATUS_DROPPED,PARKED
2026-02-18T06:42:51Z,NC-MA70-7OJ9,,dropped,,0,READ_ONLY,1,PARK_MERCHANT_INACTIVE|PARK_NO_LISTING_ROW|PARK_OUT_OF_STOCK|PARK_SALE_STATUS_DROPPED,PARKED
2026-02-18T06:42:51Z,NN-TSZ1-X2RD,B093FQYQJH,active,inactive,0,READ_ONLY,1,PARK_MERCHANT_INACTIVE|PARK_NO_LISTING_ROW|PARK_OUT_OF_STOCK,PARKED
2026-02-18T06:42:51Z,NO-N6RP-Y30Q,B07NJCFPKF,dropped,inactive,0,READ_ONLY,1,PARK_MERCHANT_INACTIVE|PARK_NO_LISTING_ROW|PARK_OUT_OF_STOCK|PARK_SALE_STATUS_DROPPED,PARKED
2026-02-18T06:42:51Z,NX-0OE3-AD7U,B083G9XHT9,discontinued,inactive,0,READ_ONLY,1,PARK_MERCHANT_INACTIVE|PARK_NO_LISTING_ROW|PARK_OUT_OF_STOCK|PARK_SALE_STATUS_DISCONTINUED,PARKED
2026-02-18T06:42:51Z,NX-0Q7A-XR6H,B082DG6GJ6,dropped,inactive,0,READ_ONLY,1,PARK_MERCHANT_INACTIVE|PARK_NO_LISTING_ROW|PARK_OUT_OF_STOCK|PARK_SALE_STATUS_DROPPED,PARKED
2026-02-18T06:42:51Z,NX-YY01-TLFO,B004TRSSIQ,dropped,inactive,0,READ_ONLY,1,PARK_MERCHANT_INACTIVE|PARK_NO_LISTING_ROW|PARK_OUT_OF_STOCK|PARK_SALE_STATUS_DROPPED,PARKED
2026-02-18T06:42:51Z,NY-AI90-84GR,,dropped,,0,READ_ONLY,1,PARK_MERCHANT_INACTIVE|PARK_NO_LISTING_ROW|PARK_OUT_OF_STOCK|PARK_SALE_STATUS_DROPPED,PARKED
2026-02-18T06:42:51Z,OI-0483-CBVX,B07BC5J1WW,dropped,inactive,0,READ_ONLY,1,PARK_MERCHANT_INACTIVE|PARK_NO_LISTING_ROW|PARK_OUT_OF_STOCK|PARK_SALE_STATUS_DROPPED,PARKED
2026-02-18T06:42:51Z,OL-F41R-EZEF,,dropped,,0,READ_ONLY,1,PARK_MERCHANT_INACTIVE|PARK_NO_LISTING_ROW|PARK_OUT_OF_STOCK|PARK_SALE_STATUS_DROPPED,PARKED
2026-02-18T06:42:51Z,ON-XPCR-TAZW,,dropped,,0,READ_ONLY,1,PARK_MERCHANT_INACTIVE|PARK_NO_LISTING_ROW|PARK_OUT_OF_STOCK|PARK_SALE_STATUS_DROPPED,PARKED
2026-02-18T06:42:51Z,OO-KLJU-ZBO9,,dropped,,0,READ_ONLY,1,PARK_MERCHANT_INACTIVE|PARK_NO_LISTING_ROW|PARK_OUT_OF_STOCK|PARK_SALE_STATUS_DROPPED,PARKED
2026-02-18T06:42:51Z,OP-0TPO-SB3I,B08MQ1N1CC,dropped,inactive,0,READ_ONLY,1,PARK_MERCHANT_INACTIVE|PARK_NO_LISTING_ROW|PARK_OUT_OF_STOCK|PARK_SALE_STATUS_DROPPED,PARKED
2026-02-18T06:42:51Z,OT-3LZR-3R6K,B08CB36DY9,,inactive,0,READ_ONLY,1,PARK_MERCHANT_INACTIVE|PARK_NO_LISTING_ROW|PARK_OUT_OF_STOCK,PARKED
2026-02-18T06:42:51Z,OV-LVEL-DQL6,B08W25WKTN,active,active,1,READ_ONLY,0,,ACTIVE_READONLY
2026-02-18T06:42:51Z,OW-ONY2-KNM7,B09MTXZY2Y,active,inactive,0,READ_ONLY,1,PARK_MERCHANT_INACTIVE|PARK_NO_LISTING_ROW|PARK_OUT_OF_STOCK,PARKED
2026-02-18T06:42:51Z,OZ-3NKR-VLYG,B0049A27FS,discontinued,inactive,0,READ_ONLY,1,PARK_MERCHANT_INACTIVE|PARK_NO_LISTING_ROW|PARK_OUT_OF_STOCK|PARK_SALE_STATUS_DISCONTINUED,PARKED
2026-02-18T06:42:51Z,P4-XF7W-GMJA,,dropped,,0,READ_ONLY,1,PARK_MERCHANT_INACTIVE|PARK_NO_LISTING_ROW|PARK_OUT_OF_STOCK|PARK_SALE_STATUS_DROPPED,PARKED
2026-02-18T06:42:51Z,P5-KMQZ-JK8Y,,dropped,,0,READ_ONLY,1,PARK_MERCHANT_INACTIVE|PARK_NO_LISTING_ROW|PARK_OUT_OF_STOCK|PARK_SALE_STATUS_DROPPED,PARKED
2026-02-18T06:42:51Z,P7-91M2-092T,,dropped,,0,READ_ONLY,1,PARK_MERCHANT_INACTIVE|PARK_NO_LISTING_ROW|PARK_OUT_OF_STOCK|PARK_SALE_STATUS_DROPPED,PARKED
2026-02-18T06:42:51Z,PE-G94Y-4PYO,B011SEA38A,active,inactive,0,READ_ONLY,1,PARK_MERCHANT_INACTIVE|PARK_NO_LISTING_ROW|PARK_OUT_OF_STOCK,PARKED
2026-02-18T06:42:51Z,PF-7VUQ-LIUC,,dropped,,0,READ_ONLY,1,PARK_MERCHANT_INACTIVE|PARK_NO_LISTING_ROW|PARK_OUT_OF_STOCK|PARK_SALE_STATUS_DROPPED,PARKED
2026-02-18T06:42:51Z,PF-9T40-Q7YW,,dropped,,0,READ_ONLY,1,PARK_MERCHANT_INACTIVE|PARK_NO_LISTING_ROW|PARK_OUT_OF_STOCK|PARK_SALE_STATUS_DROPPED,PARKED
2026-02-18T06:42:51Z,PH-M7S4-05R5,B0D3JCMSF5,active,inactive,0,READ_ONLY,1,PARK_MERCHANT_INACTIVE|PARK_NO_LISTING_ROW|PARK_OUT_OF_STOCK,PARKED
2026-02-18T06:42:51Z,PI-JTWZ-8YNT,,dropped,,0,READ_ONLY,1,PARK_MERCHANT_INACTIVE|PARK_NO_LISTING_ROW|PARK_OUT_OF_STOCK|PARK_SALE_STATUS_DROPPED,PARKED
2026-02-18T06:42:51Z,PK-9T59-FNWW,B0D3JBK56B,discontinued,inactive,0,READ_ONLY,1,PARK_MERCHANT_INACTIVE|PARK_NO_LISTING_ROW|PARK_OUT_OF_STOCK|PARK_SALE_STATUS_DISCONTINUED,PARKED
2026-02-18T06:42:51Z,PN-0NVI-R2WQ,B06XGFW1Q2,dropped,inactive,0,READ_ONLY,1,PARK_MERCHANT_INACTIVE|PARK_NO_LISTING_ROW|PARK_OUT_OF_STOCK|PARK_SALE_STATUS_DROPPED,PARKED
2026-02-18T06:42:51Z,PQ-SCCQ-7RCR,,dropped,,0,READ_ONLY,1,PARK_MERCHANT_INACTIVE|PARK_NO_LISTING_ROW|PARK_OUT_OF_STOCK|PARK_SALE_STATUS_DROPPED,PARKED
2026-02-18T06:42:51Z,PT-7SUD-DDSG,B09NQ9ZHDQ,,inactive,0,READ_ONLY,1,PARK_MERCHANT_INACTIVE|PARK_NO_LISTING_ROW|PARK_OUT_OF_STOCK,PARKED
2026-02-18T06:42:51Z,PT-CVT8-NV21,,dropped,,0,READ_ONLY,1,PARK_MERCHANT_INACTIVE|PARK_NO_LISTING_ROW|PARK_OUT_OF_STOCK|PARK_SALE_STATUS_DROPPED,PARKED
2026-02-18T06:42:51Z,PY-XV78-3OG5,B0D3J9M2H8,,inactive,0,READ_ONLY,1,PARK_MERCHANT_INACTIVE|PARK_NO_LISTING_ROW|PARK_OUT_OF_STOCK,PARKED
2026-02-18T06:42:51Z,PZ-X5VL-NVBR,,dropped,,0,READ_ONLY,1,PARK_MERCHANT_INACTIVE|PARK_NO_LISTING_ROW|PARK_OUT_OF_STOCK|PARK_SALE_STATUS_DROPPED,PARKED
2026-02-18T06:42:51Z,Q1-00D7-5IQF,B0042SI594,active,inactive,0,READ_ONLY,1,PARK_MERCHANT_INACTIVE|PARK_NO_LISTING_ROW|PARK_OUT_OF_STOCK,PARKED
2026-02-18T06:42:51Z,QB-I6MR-7F61,,dropped,,0,READ_ONLY,1,PARK_MERCHANT_INACTIVE|PARK_NO_LISTING_ROW|PARK_OUT_OF_STOCK|PARK_SALE_STATUS_DROPPED,PARKED
2026-02-18T06:42:51Z,QD-2EAL-Z4J5,,dropped,,0,READ_ONLY,1,PARK_MERCHANT_INACTIVE|PARK_NO_LISTING_ROW|PARK_OUT_OF_STOCK|PARK_SALE_STATUS_DROPPED,PARKED
2026-02-18T06:42:51Z,QD-UWUI-6381,B00DSYVL7Q,dropped,inactive,0,READ_ONLY,1,PARK_MERCHANT_INACTIVE|PARK_NO_LISTING_ROW|PARK_OUT_OF_STOCK|PARK_SALE_STATUS_DROPPED,PARKED
2026-02-18T06:42:51Z,QF-JFBE-D4VE,B008ID91XI,,inactive,0,READ_ONLY,1,PARK_MERCHANT_INACTIVE|PARK_NO_LISTING_ROW|PARK_OUT_OF_STOCK,PARKED
2026-02-18T06:42:51Z,QG-6O1N-7HTR,,dropped,,0,READ_ONLY,1,PARK_MERCHANT_INACTIVE|PARK_NO_LISTING_ROW|PARK_OUT_OF_STOCK|PARK_SALE_STATUS_DROPPED,PARKED
2026-02-18T06:42:51Z,QM-QAGK-D2UQ,,dropped,,0,READ_ONLY,1,PARK_MERCHANT_INACTIVE|PARK_NO_LISTING_ROW|PARK_OUT_OF_STOCK|PARK_SALE_STATUS_DROPPED,PARKED
2026-02-18T06:42:51Z,QP-BCUW-E90M,B00O5NEUAY,active,inactive,0,READ_ONLY,1,PARK_MERCHANT_INACTIVE|PARK_NO_LISTING_ROW|PARK_OUT_OF_STOCK,PARKED
2026-02-18T06:42:51Z,QS-V8XL-25CO,,dropped,,0,READ_ONLY,1,PARK_MERCHANT_INACTIVE|PARK_NO_LISTING_ROW|PARK_OUT_OF_STOCK|PARK_SALE_STATUS_DROPPED,PARKED
2026-02-18T06:42:51Z,QT-C0ZN-T4R7,9188805972,discontinued,inactive,0,READ_ONLY,1,PARK_MERCHANT_INACTIVE|PARK_NO_LISTING_ROW|PARK_OUT_OF_STOCK|PARK_SALE_STATUS_DISCONTINUED,PARKED
2026-02-18T06:42:51Z,QV-8RC1-EYAM,B07DVPP57X,active,inactive,0,READ_ONLY,1,PARK_MERCHANT_INACTIVE|PARK_NO_LISTING_ROW|PARK_OUT_OF_STOCK,PARKED
2026-02-18T06:42:51Z,QV-VH06-EAV3,B07CPKRL8Z,discontinued,inactive,0,READ_ONLY,1,PARK_MERCHANT_INACTIVE|PARK_NO_LISTING_ROW|PARK_OUT_OF_STOCK|PARK_SALE_STATUS_DISCONTINUED,PARKED
2026-02-18T06:42:51Z,QW-9XV0-Q3EH,B00J5H1E9K,active,inactive,0,READ_ONLY,1,PARK_MERCHANT_INACTIVE|PARK_NO_LISTING_ROW|PARK_OUT_OF_STOCK,PARKED
2026-02-18T06:42:51Z,QZ-5ZK7-W02G,,dropped,,0,READ_ONLY,1,PARK_MERCHANT_INACTIVE|PARK_NO_LISTING_ROW|PARK_OUT_OF_STOCK|PARK_SALE_STATUS_DROPPED,PARKED
2026-02-18T06:42:51Z,R0-ODDX-WROO,B076RY52XG,discontinued,inactive,0,READ_ONLY,1,PARK_MERCHANT_INACTIVE|PARK_NO_LISTING_ROW|PARK_OUT_OF_STOCK|PARK_SALE_STATUS_DISCONTINUED,PARKED
2026-02-18T06:42:51Z,R4-0AXZ-ZZ9D,B0844ZRHS9,,active,1,READ_ONLY,0,,ACTIVE_READONLY
2026-02-18T06:42:51Z,R4-IXFX-2AQQ,,dropped,,0,READ_ONLY,1,PARK_MERCHANT_INACTIVE|PARK_NO_LISTING_ROW|PARK_OUT_OF_STOCK|PARK_SALE_STATUS_DROPPED,PARKED
2026-02-18T06:42:51Z,R5-Y2AA-V5FS,B07Z2QNW7R,,inactive,0,READ_ONLY,1,PARK_MERCHANT_INACTIVE|PARK_NO_LISTING_ROW|PARK_OUT_OF_STOCK,PARKED
2026-02-18T06:42:51Z,R7-98IN-2PW8,B08CHKHTWX,,active,1,READ_ONLY,0,,ACTIVE_READONLY
2026-02-18T06:42:51Z,R7-RF9Q-9AMN,,dropped,,0,READ_ONLY,1,PARK_MERCHANT_INACTIVE|PARK_NO_LISTING_ROW|PARK_OUT_OF_STOCK|PARK_SALE_STATUS_DROPPED,PARKED
2026-02-18T06:42:51Z,R8-VELO-CPUA,,dropped,,0,READ_ONLY,1,PARK_MERCHANT_INACTIVE|PARK_NO_LISTING_ROW|PARK_OUT_OF_STOCK|PARK_SALE_STATUS_DROPPED,PARKED
2026-02-18T06:42:51Z,R9-20LM-YJL9,,dropped,,0,READ_ONLY,1,PARK_MERCHANT_INACTIVE|PARK_NO_LISTING_ROW|PARK_OUT_OF_STOCK|PARK_SALE_STATUS_DROPPED,PARKED
2026-02-18T06:42:51Z,RB-82FL-T88J,B0CJ8TNZ67,active,inactive,0,READ_ONLY,1,PARK_MERCHANT_INACTIVE|PARK_NO_LISTING_ROW|PARK_OUT_OF_STOCK,PARKED
2026-02-18T06:42:51Z,REJECT,,dropped,,0,READ_ONLY,1,PARK_MERCHANT_INACTIVE|PARK_NO_LISTING_ROW|PARK_OUT_OF_STOCK|PARK_SALE_STATUS_DROPPED,PARKED
2026-02-18T06:42:51Z,RF-3X39-FYXB,,dropped,,0,READ_ONLY,1,PARK_MERCHANT_INACTIVE|PARK_NO_LISTING_ROW|PARK_OUT_OF_STOCK|PARK_SALE_STATUS_DROPPED,PARKED
2026-02-18T06:42:51Z,RI-DHUT-XR75,,dropped,,0,READ_ONLY,1,PARK_MERCHANT_INACTIVE|PARK_NO_LISTING_ROW|PARK_OUT_OF_STOCK|PARK_SALE_STATUS_DROPPED,PARKED
2026-02-18T06:42:51Z,RI-VSUS-0YTD,B08MVGD2ND,,active,1,READ_ONLY,0,,ACTIVE_READONLY
2026-02-18T06:42:51Z,RJ-OVDC-R9JF,,dropped,,0,READ_ONLY,1,PARK_MERCHANT_INACTIVE|PARK_NO_LISTING_ROW|PARK_OUT_OF_STOCK|PARK_SALE_STATUS_DROPPED,PARKED
2026-02-18T06:42:51Z,RR-0TGC-U4IT,,dropped,,0,READ_ONLY,1,PARK_MERCHANT_INACTIVE|PARK_NO_LISTING_ROW|PARK_OUT_OF_STOCK|PARK_SALE_STATUS_DROPPED,PARKED
2026-02-18T06:42:51Z,RR-A7OX-MCB4,,dropped,,0,READ_ONLY,1,PARK_MERCHANT_INACTIVE|PARK_NO_LISTING_ROW|PARK_OUT_OF_STOCK|PARK_SALE_STATUS_DROPPED,PARKED
2026-02-18T06:42:51Z,RS-NSGK-AN7M,B09P24GP9M,dropped,inactive,0,READ_ONLY,1,PARK_MERCHANT_INACTIVE|PARK_NO_LISTING_ROW|PARK_OUT_OF_STOCK|PARK_SALE_STATUS_DROPPED,PARKED
2026-02-18T06:42:51Z,RW-AZK6-O4M2,B00F4LA0K0,dropped,active,1,READ_ONLY,1,PARK_SALE_STATUS_DROPPED,PARKED
2026-02-18T06:42:51Z,RX-E62R-OEMW,,dropped,,0,READ_ONLY,1,PARK_MERCHANT_INACTIVE|PARK_NO_LISTING_ROW|PARK_OUT_OF_STOCK|PARK_SALE_STATUS_DROPPED,PARKED
2026-02-18T06:42:51Z,RY-2DTP-16YZ,B01N273YMX,dropped,inactive,0,READ_ONLY,1,PARK_MERCHANT_INACTIVE|PARK_NO_LISTING_ROW|PARK_OUT_OF_STOCK|PARK_SALE_STATUS_DROPPED,PARKED
2026-02-18T06:42:51Z,RY-U14K-5XDR,B005NG23OW,active,inactive,0,READ_ONLY,1,PARK_MERCHANT_INACTIVE|PARK_NO_LISTING_ROW|PARK_OUT_OF_STOCK,PARKED
2026-02-18T06:42:51Z,RZ-6ZL9-CZ7J,B075XT2J8X,active,active,1,READ_ONLY,0,,ACTIVE_READONLY
2026-02-18T06:42:51Z,RZ-QO7D-HPGQ,,dropped,,0,READ_ONLY,1,PARK_MERCHANT_INACTIVE|PARK_NO_LISTING_ROW|PARK_OUT_OF_STOCK|PARK_SALE_STATUS_DROPPED,PARKED
2026-02-18T06:42:51Z,S2-RZ4R-15M6,,dropped,,0,READ_ONLY,1,PARK_MERCHANT_INACTIVE|PARK_NO_LISTING_ROW|PARK_OUT_OF_STOCK|PARK_SALE_STATUS_DROPPED,PARKED
2026-02-18T06:42:51Z,S8-3SXM-Y0JF,,dropped,,0,READ_ONLY,1,PARK_MERCHANT_INACTIVE|PARK_NO_LISTING_ROW|PARK_OUT_OF_STOCK|PARK_SALE_STATUS_DROPPED,PARKED
2026-02-18T06:42:51Z,S8-7VIK-3VEL,B0CT2BZ864,dropped,inactive,0,READ_ONLY,1,PARK_MERCHANT_INACTIVE|PARK_NO_LISTING_ROW|PARK_OUT_OF_STOCK|PARK_SALE_STATUS_DROPPED,PARKED
2026-02-18T06:42:51Z,SA-T4GN-HUNR,,dropped,,0,READ_ONLY,1,PARK_MERCHANT_INACTIVE|PARK_NO_LISTING_ROW|PARK_OUT_OF_STOCK|PARK_SALE_STATUS_DROPPED,PARKED
2026-02-18T06:42:51Z,SC-LYFM-ORXK,B07QXSDZJM,active,inactive,0,READ_ONLY,1,PARK_MERCHANT_INACTIVE|PARK_NO_LISTING_ROW|PARK_OUT_OF_STOCK,PARKED
2026-02-18T06:42:51Z,SE-GMXY-FA0M,,dropped,,0,READ_ONLY,1,PARK_MERCHANT_INACTIVE|PARK_NO_LISTING_ROW|PARK_OUT_OF_STOCK|PARK_SALE_STATUS_DROPPED,PARKED
2026-02-18T06:42:51Z,SE-IQQJ-EOU3,B004R1ZS64,dropped,inactive,0,READ_ONLY,1,PARK_MERCHANT_INACTIVE|PARK_NO_LISTING_ROW|PARK_OUT_OF_STOCK|PARK_SALE_STATUS_DROPPED,PARKED
2026-02-18T06:42:51Z,SH-RGTH-QQM2,,dropped,,0,READ_ONLY,1,PARK_MERCHANT_INACTIVE|PARK_NO_LISTING_ROW|PARK_OUT_OF_STOCK|PARK_SALE_STATUS_DROPPED,PARKED
2026-02-18T06:42:51Z,SQ-7QYT-5D5B,B0915M1DLF,active,inactive,0,READ_ONLY,1,PARK_MERCHANT_INACTIVE|PARK_NO_LISTING_ROW|PARK_OUT_OF_STOCK,PARKED
2026-02-18T06:42:51Z,SR-6OBB-WC03,B06XXDNH1P,active,inactive,0,READ_ONLY,1,PARK_MERCHANT_INACTIVE|PARK_NO_LISTING_ROW|PARK_OUT_OF_STOCK,PARKED
2026-02-18T06:42:51Z,SR-JF1N-II8S,B094D24L5J,discontinued,inactive,0,READ_ONLY,1,PARK_MERCHANT_INACTIVE|PARK_NO_LISTING_ROW|PARK_OUT_OF_STOCK|PARK_SALE_STATUS_DISCONTINUED,PARKED
2026-02-18T06:42:51Z,SU-5LQH-2DVN,B07SLLYRSP,active,inactive,0,READ_ONLY,1,PARK_MERCHANT_INACTIVE|PARK_NO_LISTING_ROW|PARK_OUT_OF_STOCK,PARKED
2026-02-18T06:42:51Z,SU-JM8R-2U82,B09ST7SSLW,active,inactive,0,READ_ONLY,1,PARK_MERCHANT_INACTIVE|PARK_NO_LISTING_ROW|PARK_OUT_OF_STOCK,PARKED
2026-02-18T06:42:51Z,SY-KXX7-PDAL,,dropped,,0,READ_ONLY,1,PARK_MERCHANT_INACTIVE|PARK_NO_LISTING_ROW|PARK_OUT_OF_STOCK|PARK_SALE_STATUS_DROPPED,PARKED
2026-02-18T06:42:51Z,SZ-UL4K-SE7W,B002QGAF8S,active,inactive,0,READ_ONLY,1,PARK_MERCHANT_INACTIVE|PARK_NO_LISTING_ROW|PARK_OUT_OF_STOCK,PARKED
2026-02-18T06:42:51Z,T0-4R2M-4BLV,,dropped,,0,READ_ONLY,1,PARK_MERCHANT_INACTIVE|PARK_NO_LISTING_ROW|PARK_OUT_OF_STOCK|PARK_SALE_STATUS_DROPPED,PARKED
2026-02-18T06:42:51Z,T7-NZWY-R44R,,dropped,,0,READ_ONLY,1,PARK_MERCHANT_INACTIVE|PARK_NO_LISTING_ROW|PARK_OUT_OF_STOCK|PARK_SALE_STATUS_DROPPED,PARKED
2026-02-18T06:42:51Z,T8-6UWL-I3E1,B001OXH0X2,dropped,inactive,0,READ_ONLY,1,PARK_MERCHANT_INACTIVE|PARK_NO_LISTING_ROW|PARK_OUT_OF_STOCK|PARK_SALE_STATUS_DROPPED,PARKED
2026-02-18T06:42:51Z,T8-R745-DYOV,,dropped,,0,READ_ONLY,1,PARK_MERCHANT_INACTIVE|PARK_NO_LISTING_ROW|PARK_OUT_OF_STOCK|PARK_SALE_STATUS_DROPPED,PARKED
2026-02-18T06:42:51Z,TA-7DAZ-18PU,B0CNT2Z32S,dropped,inactive,0,READ_ONLY,1,PARK_MERCHANT_INACTIVE|PARK_NO_LISTING_ROW|PARK_OUT_OF_STOCK|PARK_SALE_STATUS_DROPPED,PARKED
2026-02-18T06:42:51Z,TA-HQMF-9SUB,B074JHRC6J,dropped,inactive,0,READ_ONLY,1,PARK_MERCHANT_INACTIVE|PARK_NO_LISTING_ROW|PARK_OUT_OF_STOCK|PARK_SALE_STATUS_DROPPED,PARKED
2026-02-18T06:42:51Z,TE-PYY9-E5X8,,dropped,,0,READ_ONLY,1,PARK_MERCHANT_INACTIVE|PARK_NO_LISTING_ROW|PARK_OUT_OF_STOCK|PARK_SALE_STATUS_DROPPED,PARKED
2026-02-18T06:42:51Z,TE-Y18U-S2O1,B08X1WM596,active,inactive,0,READ_ONLY,1,PARK_MERCHANT_INACTIVE|PARK_NO_LISTING_ROW|PARK_OUT_OF_STOCK,PARKED
2026-02-18T06:42:51Z,TH-JWYZ-LM0D,,dropped,,0,READ_ONLY,1,PARK_MERCHANT_INACTIVE|PARK_NO_LISTING_ROW|PARK_OUT_OF_STOCK|PARK_SALE_STATUS_DROPPED,PARKED
2026-02-18T06:42:51Z,TJ-6LOP-OPEU,B08P63MSS9,active,active,1,READ_ONLY,0,,ACTIVE_READONLY
2026-02-18T06:42:51Z,TK-2H97-E7UH,,dropped,,0,READ_ONLY,1,PARK_MERCHANT_INACTIVE|PARK_NO_LISTING_ROW|PARK_OUT_OF_STOCK|PARK_SALE_STATUS_DROPPED,PARKED
2026-02-18T06:42:51Z,TK-E7QE-T40G,B000FPU2SK,active,active,1,READ_ONLY,0,,ACTIVE_READONLY
2026-02-18T06:42:51Z,TL-AUNR-5YK0,,dropped,,0,READ_ONLY,1,PARK_MERCHANT_INACTIVE|PARK_NO_LISTING_ROW|PARK_OUT_OF_STOCK|PARK_SALE_STATUS_DROPPED,PARKED
2026-02-18T06:42:51Z,TT-1DQK-CJFF,,dropped,,0,READ_ONLY,1,PARK_MERCHANT_INACTIVE|PARK_NO_LISTING_ROW|PARK_OUT_OF_STOCK|PARK_SALE_STATUS_DROPPED,PARKED
2026-02-18T06:42:51Z,TU-8I14-25ZR,B0CN5KRVXB,,inactive,0,READ_ONLY,1,PARK_MERCHANT_INACTIVE|PARK_NO_LISTING_ROW|PARK_OUT_OF_STOCK,PARKED
2026-02-18T06:42:51Z,TX-7TYN-NVF4,,dropped,,0,READ_ONLY,1,PARK_MERCHANT_INACTIVE|PARK_NO_LISTING_ROW|PARK_OUT_OF_STOCK|PARK_SALE_STATUS_DROPPED,PARKED
2026-02-18T06:42:51Z,U1-M5BM-8F5W,B0C9J86XCZ,active,inactive,0,READ_ONLY,1,PARK_MERCHANT_INACTIVE|PARK_NO_LISTING_ROW|PARK_OUT_OF_STOCK,PARKED
2026-02-18T06:42:51Z,U4-61J7-ERHI,B088FKCDV6,discontinued,inactive,0,READ_ONLY,1,PARK_MERCHANT_INACTIVE|PARK_NO_LISTING_ROW|PARK_OUT_OF_STOCK|PARK_SALE_STATUS_DISCONTINUED,PARKED
2026-02-18T06:42:51Z,U4-Z3VT-1WNS,,dropped,,0,READ_ONLY,1,PARK_MERCHANT_INACTIVE|PARK_NO_LISTING_ROW|PARK_OUT_OF_STOCK|PARK_SALE_STATUS_DROPPED,PARKED
2026-02-18T06:42:51Z,U8-RDSV-JZ7U,,dropped,,0,READ_ONLY,1,PARK_MERCHANT_INACTIVE|PARK_NO_LISTING_ROW|PARK_OUT_OF_STOCK|PARK_SALE_STATUS_DROPPED,PARKED
2026-02-18T06:42:51Z,UC-D1G4-MTYN,,dropped,,0,READ_ONLY,1,PARK_MERCHANT_INACTIVE|PARK_NO_LISTING_ROW|PARK_OUT_OF_STOCK|PARK_SALE_STATUS_DROPPED,PARKED
2026-02-18T06:42:51Z,UE-BZE5-I0WM,,dropped,,0,READ_ONLY,1,PARK_MERCHANT_INACTIVE|PARK_NO_LISTING_ROW|PARK_OUT_OF_STOCK|PARK_SALE_STATUS_DROPPED,PARKED
2026-02-18T06:42:51Z,UE-IIJJ-P6EL,,dropped,,0,READ_ONLY,1,PARK_MERCHANT_INACTIVE|PARK_NO_LISTING_ROW|PARK_OUT_OF_STOCK|PARK_SALE_STATUS_DROPPED,PARKED
2026-02-18T06:42:51Z,UF-8XYI-JUTX,,dropped,,0,READ_ONLY,1,PARK_MERCHANT_INACTIVE|PARK_NO_LISTING_ROW|PARK_OUT_OF_STOCK|PARK_SALE_STATUS_DROPPED,PARKED
2026-02-18T06:42:51Z,UG-OV2U-0MBJ,,dropped,,0,READ_ONLY,1,PARK_MERCHANT_INACTIVE|PARK_NO_LISTING_ROW|PARK_OUT_OF_STOCK|PARK_SALE_STATUS_DROPPED,PARKED
2026-02-18T06:42:51Z,UL-6G4Z-72JE,,dropped,,0,READ_ONLY,1,PARK_MERCHANT_INACTIVE|PARK_NO_LISTING_ROW|PARK_OUT_OF_STOCK|PARK_SALE_STATUS_DROPPED,PARKED
2026-02-18T06:42:51Z,UL-D0Y8-ZNI5,B08DR97BX2,,inactive,0,READ_ONLY,1,PARK_MERCHANT_INACTIVE|PARK_NO_LISTING_ROW|PARK_OUT_OF_STOCK,PARKED
2026-02-18T06:42:51Z,UN-2721-RX94,B08ZJL6FGL,active,inactive,0,READ_ONLY,1,PARK_MERCHANT_INACTIVE|PARK_NO_LISTING_ROW|PARK_OUT_OF_STOCK,PARKED
2026-02-18T06:42:51Z,UR-Q7TM-1F3I,B072YZPBJ3,active,active,1,READ_ONLY,0,,ACTIVE_READONLY
2026-02-18T06:42:51Z,UR-UAT8-4JSI,B00LDLBG3A,dropped,inactive,0,READ_ONLY,1,PARK_MERCHANT_INACTIVE|PARK_NO_LISTING_ROW|PARK_OUT_OF_STOCK|PARK_SALE_STATUS_DROPPED,PARKED
2026-02-18T06:42:51Z,UR-W905-8D8D,B00B2KJ59Y,discontinued,inactive,0,READ_ONLY,1,PARK_MERCHANT_INACTIVE|PARK_NO_LISTING_ROW|PARK_OUT_OF_STOCK|PARK_SALE_STATUS_DISCONTINUED,PARKED
2026-02-18T06:42:51Z,US-AK96-YFSB,B002DPGTF0,active,active,1,READ_ONLY,0,,ACTIVE_READONLY
2026-02-18T06:42:51Z,UT-WXOQ-6CZL,B08CVTBP81,dropped,inactive,0,READ_ONLY,1,PARK_MERCHANT_INACTIVE|PARK_NO_LISTING_ROW|PARK_OUT_OF_STOCK|PARK_SALE_STATUS_DROPPED,PARKED
2026-02-18T06:42:51Z,V0-8QPG-0A04,,dropped,,0,READ_ONLY,1,PARK_MERCHANT_INACTIVE|PARK_NO_LISTING_ROW|PARK_OUT_OF_STOCK|PARK_SALE_STATUS_DROPPED,PARKED
2026-02-18T06:42:51Z,V1-ON8D-S6WQ,B06XY4DS8H,,inactive,0,READ_ONLY,1,PARK_MERCHANT_INACTIVE|PARK_NO_LISTING_ROW|PARK_OUT_OF_STOCK,PARKED
2026-02-18T06:42:51Z,V5-VWRV-4S7K,,dropped,,0,READ_ONLY,1,PARK_MERCHANT_INACTIVE|PARK_NO_LISTING_ROW|PARK_OUT_OF_STOCK|PARK_SALE_STATUS_DROPPED,PARKED
2026-02-18T06:42:51Z,V7-HT4G-K9QH,,dropped,,0,READ_ONLY,1,PARK_MERCHANT_INACTIVE|PARK_NO_LISTING_ROW|PARK_OUT_OF_STOCK|PARK_SALE_STATUS_DROPPED,PARKED
2026-02-18T06:42:51Z,VA-7T3X-R64D,,dropped,,0,READ_ONLY,1,PARK_MERCHANT_INACTIVE|PARK_NO_LISTING_ROW|PARK_OUT_OF_STOCK|PARK_SALE_STATUS_DROPPED,PARKED
2026-02-18T06:42:51Z,VA-V4J8-WHCT,B08FKZMQH8,dropped,inactive,0,READ_ONLY,1,PARK_MERCHANT_INACTIVE|PARK_NO_LISTING_ROW|PARK_OUT_OF_STOCK|PARK_SALE_STATUS_DROPPED,PARKED
2026-02-18T06:42:51Z,VE-1BJX-JY53,,dropped,,0,READ_ONLY,1,PARK_MERCHANT_INACTIVE|PARK_NO_LISTING_ROW|PARK_OUT_OF_STOCK|PARK_SALE_STATUS_DROPPED,PARKED
2026-02-18T06:42:51Z,VF-3T0K-DR5O,B08KFFY86W,active,active,1,READ_ONLY,0,,ACTIVE_READONLY
2026-02-18T06:42:51Z,VF-WENE-0QSF,,dropped,,0,READ_ONLY,1,PARK_MERCHANT_INACTIVE|PARK_NO_LISTING_ROW|PARK_OUT_OF_STOCK|PARK_SALE_STATUS_DROPPED,PARKED
2026-02-18T06:42:51Z,VI-ICHI-WPB5,B004S0S0S2,dropped,inactive,0,READ_ONLY,1,PARK_MERCHANT_INACTIVE|PARK_NO_LISTING_ROW|PARK_OUT_OF_STOCK|PARK_SALE_STATUS_DROPPED,PARKED
2026-02-18T06:42:51Z,VL-48KZ-J3F2,B07L8N2TC1,active,inactive,0,READ_ONLY,1,PARK_MERCHANT_INACTIVE|PARK_NO_LISTING_ROW|PARK_OUT_OF_STOCK,PARKED
2026-02-18T06:42:51Z,VO-A6AR-18YS,B09NQDQ8X7,active,active,1,READ_ONLY,0,,ACTIVE_READONLY
2026-02-18T06:42:51Z,VU-8KRA-QP5M,B0BNLWBLMV,active,active,1,READ_ONLY,0,,ACTIVE_READONLY
2026-02-18T06:42:51Z,VU-UQNN-35C8,,dropped,,0,READ_ONLY,1,PARK_MERCHANT_INACTIVE|PARK_NO_LISTING_ROW|PARK_OUT_OF_STOCK|PARK_SALE_STATUS_DROPPED,PARKED
2026-02-18T06:42:51Z,VU-YLRN-9V7D,,dropped,,0,READ_ONLY,1,PARK_MERCHANT_INACTIVE|PARK_NO_LISTING_ROW|PARK_OUT_OF_STOCK|PARK_SALE_STATUS_DROPPED,PARKED
2026-02-18T06:42:51Z,VY-FXRV-DEAT,,dropped,,0,READ_ONLY,1,PARK_MERCHANT_INACTIVE|PARK_NO_LISTING_ROW|PARK_OUT_OF_STOCK|PARK_SALE_STATUS_DROPPED,PARKED
2026-02-18T06:42:51Z,VZ-MTBC-3AJ6,,dropped,,0,READ_ONLY,1,PARK_MERCHANT_INACTIVE|PARK_NO_LISTING_ROW|PARK_OUT_OF_STOCK|PARK_SALE_STATUS_DROPPED,PARKED
2026-02-18T06:42:51Z,W3-8FN7-FSP0,B004J71OSC,,active,1,READ_ONLY,0,,ACTIVE_READONLY
2026-02-18T06:42:51Z,W3-H7LU-CTRI,B0002TT36Q,discontinued,inactive,0,READ_ONLY,1,PARK_MERCHANT_INACTIVE|PARK_NO_LISTING_ROW|PARK_OUT_OF_STOCK|PARK_SALE_STATUS_DISCONTINUED,PARKED
2026-02-18T06:42:51Z,W7-F06R-CW3C,,dropped,,0,READ_ONLY,1,PARK_MERCHANT_INACTIVE|PARK_NO_LISTING_ROW|PARK_OUT_OF_STOCK|PARK_SALE_STATUS_DROPPED,PARKED
2026-02-18T06:42:51Z,WB-6YBC-16X8,,dropped,,0,READ_ONLY,1,PARK_MERCHANT_INACTIVE|PARK_NO_LISTING_ROW|PARK_OUT_OF_STOCK|PARK_SALE_STATUS_DROPPED,PARKED
2026-02-18T06:42:51Z,WE-1Z7L-SA2I,B08MVG9QZW,,active,1,READ_ONLY,0,,ACTIVE_READONLY
2026-02-18T06:42:51Z,WF-JLK1-5PKN,B08563KQKG,active,inactive,0,READ_ONLY,1,PARK_MERCHANT_INACTIVE|PARK_NO_LISTING_ROW|PARK_OUT_OF_STOCK,PARKED
2026-02-18T06:42:51Z,WI-QO7X-YZOL,,dropped,,0,READ_ONLY,1,PARK_MERCHANT_INACTIVE|PARK_NO_LISTING_ROW|PARK_OUT_OF_STOCK|PARK_SALE_STATUS_DROPPED,PARKED
2026-02-18T06:42:51Z,WJ-YHKC-EES5,B07CN7NRF7,active,inactive,0,READ_ONLY,1,PARK_MERCHANT_INACTIVE|PARK_NO_LISTING_ROW|PARK_OUT_OF_STOCK,PARKED
2026-02-18T06:42:51Z,WN-BBR4-67NP,,dropped,,0,READ_ONLY,1,PARK_MERCHANT_INACTIVE|PARK_NO_LISTING_ROW|PARK_OUT_OF_STOCK|PARK_SALE_STATUS_DROPPED,PARKED
2026-02-18T06:42:51Z,WO-75W6-980Q,,dropped,,0,READ_ONLY,1,PARK_MERCHANT_INACTIVE|PARK_NO_LISTING_ROW|PARK_OUT_OF_STOCK|PARK_SALE_STATUS_DROPPED,PARKED
2026-02-18T06:42:51Z,WR-3V7D-BB7Z,B07BBZZ8RC,dropped,inactive,0,READ_ONLY,1,PARK_MERCHANT_INACTIVE|PARK_NO_LISTING_ROW|PARK_OUT_OF_STOCK|PARK_SALE_STATUS_DROPPED,PARKED
2026-02-18T06:42:51Z,WR-IXBZ-8DOL,,dropped,,0,READ_ONLY,1,PARK_MERCHANT_INACTIVE|PARK_NO_LISTING_ROW|PARK_OUT_OF_STOCK|PARK_SALE_STATUS_DROPPED,PARKED
2026-02-18T06:42:51Z,WR-MNST-TKW6,B0BVZVSHZP,active,inactive,0,READ_ONLY,1,PARK_MERCHANT_INACTIVE|PARK_NO_LISTING_ROW|PARK_OUT_OF_STOCK,PARKED
2026-02-18T06:42:51Z,WT-LPJW-NOXR,,dropped,,0,READ_ONLY,1,PARK_MERCHANT_INACTIVE|PARK_NO_LISTING_ROW|PARK_OUT_OF_STOCK|PARK_SALE_STATUS_DROPPED,PARKED
2026-02-18T06:42:51Z,WX-L5UA-UB1Q,B007R2ICTK,active,inactive,0,READ_ONLY,1,PARK_MERCHANT_INACTIVE|PARK_NO_LISTING_ROW|PARK_OUT_OF_STOCK,PARKED
2026-02-18T06:42:51Z,WY-Z6LP-JOMV,,dropped,,0,READ_ONLY,1,PARK_MERCHANT_INACTIVE|PARK_NO_LISTING_ROW|PARK_OUT_OF_STOCK|PARK_SALE_STATUS_DROPPED,PARKED
2026-02-18T06:42:51Z,X1-68KO-184Y,,dropped,,0,READ_ONLY,1,PARK_MERCHANT_INACTIVE|PARK_NO_LISTING_ROW|PARK_OUT_OF_STOCK|PARK_SALE_STATUS_DROPPED,PARKED
2026-02-18T06:42:51Z,X1-APP3-4HQ6,B0BMKQKC3M,dropped,inactive,0,READ_ONLY,1,PARK_MERCHANT_INACTIVE|PARK_NO_LISTING_ROW|PARK_OUT_OF_STOCK|PARK_SALE_STATUS_DROPPED,PARKED
2026-02-18T06:42:51Z,X4-FG91-H4MR,,dropped,,0,READ_ONLY,1,PARK_MERCHANT_INACTIVE|PARK_NO_LISTING_ROW|PARK_OUT_OF_STOCK|PARK_SALE_STATUS_DROPPED,PARKED
2026-02-18T06:42:51Z,X6-7E52-0VB3,,dropped,,0,READ_ONLY,1,PARK_MERCHANT_INACTIVE|PARK_NO_LISTING_ROW|PARK_OUT_OF_STOCK|PARK_SALE_STATUS_DROPPED,PARKED
2026-02-18T06:42:51Z,X7-MY4W-H2I4,B00S9IXBVU,active,active,1,READ_ONLY,0,,ACTIVE_READONLY
2026-02-18T06:42:51Z,XB-PLFM-VNLX,,dropped,,0,READ_ONLY,1,PARK_MERCHANT_INACTIVE|PARK_NO_LISTING_ROW|PARK_OUT_OF_STOCK|PARK_SALE_STATUS_DROPPED,PARKED
2026-02-18T06:42:51Z,XE-27ZG-EZPZ,B0001IWX7E,active,active,1,READ_ONLY,0,,ACTIVE_READONLY
2026-02-18T06:42:51Z,XE-YPAI-HX9F,B086ZD7MG6,active,active,1,READ_ONLY,0,,ACTIVE_READONLY
2026-02-18T06:42:51Z,XG-Z9LW-Z27Q,B09NQ9YX9R,active,inactive,0,READ_ONLY,1,PARK_MERCHANT_INACTIVE|PARK_NO_LISTING_ROW|PARK_OUT_OF_STOCK,PARKED
2026-02-18T06:42:51Z,XH-0LAE-FQO5,B00AOES9GE,active,active,1,READ_ONLY,0,,ACTIVE_READONLY
2026-02-18T06:42:51Z,XH-OMMJ-C7MT,B096BPSDRZ,dropped,inactive,0,READ_ONLY,1,PARK_MERCHANT_INACTIVE|PARK_NO_LISTING_ROW|PARK_OUT_OF_STOCK|PARK_SALE_STATUS_DROPPED,PARKED
2026-02-18T06:42:51Z,XI-DUS3-PXC9,,dropped,,0,READ_ONLY,1,PARK_MERCHANT_INACTIVE|PARK_NO_LISTING_ROW|PARK_OUT_OF_STOCK|PARK_SALE_STATUS_DROPPED,PARKED
2026-02-18T06:42:51Z,XJ-2FN3-M9FH,B099FBD93Y,discontinued,inactive,0,READ_ONLY,1,PARK_MERCHANT_INACTIVE|PARK_NO_LISTING_ROW|PARK_OUT_OF_STOCK|PARK_SALE_STATUS_DISCONTINUED,PARKED
2026-02-18T06:42:51Z,XL-BFPF-CBW4,B07QNL62Z2,dropped,inactive,0,READ_ONLY,1,PARK_MERCHANT_INACTIVE|PARK_NO_LISTING_ROW|PARK_OUT_OF_STOCK|PARK_SALE_STATUS_DROPPED,PARKED
2026-02-18T06:42:51Z,XN-OF53-7WRU,B0084CNKAI,discontinued,inactive,0,READ_ONLY,1,PARK_MERCHANT_INACTIVE|PARK_NO_LISTING_ROW|PARK_OUT_OF_STOCK|PARK_SALE_STATUS_DISCONTINUED,PARKED
2026-02-18T06:42:51Z,XN-OHVO-FXL6,,dropped,,0,READ_ONLY,1,PARK_MERCHANT_INACTIVE|PARK_NO_LISTING_ROW|PARK_OUT_OF_STOCK|PARK_SALE_STATUS_DROPPED,PARKED
2026-02-18T06:42:51Z,XX-ISP6-LTOY,,dropped,,0,READ_ONLY,1,PARK_MERCHANT_INACTIVE|PARK_NO_LISTING_ROW|PARK_OUT_OF_STOCK|PARK_SALE_STATUS_DROPPED,PARKED
2026-02-18T06:42:51Z,XY-SHVR-W7PG,B076VTQGGL,discontinued,inactive,0,READ_ONLY,1,PARK_MERCHANT_INACTIVE|PARK_NO_LISTING_ROW|PARK_OUT_OF_STOCK|PARK_SALE_STATUS_DISCONTINUED,PARKED
2026-02-18T06:42:51Z,XY-UM2X-TPS3,B003VTZAM0,dropped,active,1,READ_ONLY,1,PARK_SALE_STATUS_DROPPED,PARKED
2026-02-18T06:42:51Z,Y0-Q6YF-SIEG,,dropped,,0,READ_ONLY,1,PARK_MERCHANT_INACTIVE|PARK_NO_LISTING_ROW|PARK_OUT_OF_STOCK|PARK_SALE_STATUS_DROPPED,PARKED
2026-02-18T06:42:51Z,Y2-A0XO-9DCH,,dropped,,0,READ_ONLY,1,PARK_MERCHANT_INACTIVE|PARK_NO_LISTING_ROW|PARK_OUT_OF_STOCK|PARK_SALE_STATUS_DROPPED,PARKED
2026-02-18T06:42:51Z,Y3-RYVT-A6Y8,,dropped,,0,READ_ONLY,1,PARK_MERCHANT_INACTIVE|PARK_NO_LISTING_ROW|PARK_OUT_OF_STOCK|PARK_SALE_STATUS_DROPPED,PARKED
2026-02-18T06:42:51Z,Y5-REMJ-CY7A,B0BLTGP2JX,dropped,inactive,0,READ_ONLY,1,PARK_MERCHANT_INACTIVE|PARK_NO_LISTING_ROW|PARK_OUT_OF_STOCK|PARK_SALE_STATUS_DROPPED,PARKED
2026-02-18T06:42:51Z,YB-8YQ7-X1X8,,dropped,,0,READ_ONLY,1,PARK_MERCHANT_INACTIVE|PARK_NO_LISTING_ROW|PARK_OUT_OF_STOCK|PARK_SALE_STATUS_DROPPED,PARKED
2026-02-18T06:42:51Z,YB-QDA8-VS05,,dropped,,0,READ_ONLY,1,PARK_MERCHANT_INACTIVE|PARK_NO_LISTING_ROW|PARK_OUT_OF_STOCK|PARK_SALE_STATUS_DROPPED,PARKED
2026-02-18T06:42:51Z,YC-3L3M-BV48,B0CTD6Q6KY,active,active,1,READ_ONLY,0,,ACTIVE_READONLY
2026-02-18T06:42:51Z,YD-0TJL-WINU,,dropped,,0,READ_ONLY,1,PARK_MERCHANT_INACTIVE|PARK_NO_LISTING_ROW|PARK_OUT_OF_STOCK|PARK_SALE_STATUS_DROPPED,PARKED
2026-02-18T06:42:51Z,YD-NO15-VYZL,B00VRF1XEY,discontinued,inactive,0,READ_ONLY,1,PARK_MERCHANT_INACTIVE|PARK_NO_LISTING_ROW|PARK_OUT_OF_STOCK|PARK_SALE_STATUS_DISCONTINUED,PARKED
2026-02-18T06:42:51Z,YF-KP66-IJY6,,dropped,,0,READ_ONLY,1,PARK_MERCHANT_INACTIVE|PARK_NO_LISTING_ROW|PARK_OUT_OF_STOCK|PARK_SALE_STATUS_DROPPED,PARKED
2026-02-18T06:42:51Z,YG-H850-FPEW,,dropped,,0,READ_ONLY,1,PARK_MERCHANT_INACTIVE|PARK_NO_LISTING_ROW|PARK_OUT_OF_STOCK|PARK_SALE_STATUS_DROPPED,PARKED
2026-02-18T06:42:51Z,YI-3CHP-LJOZ,,dropped,,0,READ_ONLY,1,PARK_MERCHANT_INACTIVE|PARK_NO_LISTING_ROW|PARK_OUT_OF_STOCK|PARK_SALE_STATUS_DROPPED,PARKED
2026-02-18T06:42:51Z,YJ-WD59-WWA2,B071X4RKYL,dropped,inactive,0,READ_ONLY,1,PARK_MERCHANT_INACTIVE|PARK_NO_LISTING_ROW|PARK_OUT_OF_STOCK|PARK_SALE_STATUS_DROPPED,PARKED
2026-02-18T06:42:51Z,YM-HLZL-A3XS,,dropped,,0,READ_ONLY,1,PARK_MERCHANT_INACTIVE|PARK_NO_LISTING_ROW|PARK_OUT_OF_STOCK|PARK_SALE_STATUS_DROPPED,PARKED
2026-02-18T06:42:51Z,YO-EKK2-FRCC,B00BWU7MNU,active,active,1,READ_ONLY,0,,ACTIVE_READONLY
2026-02-18T06:42:51Z,YP-C2ZB-ES8H,,dropped,,0,READ_ONLY,1,PARK_MERCHANT_INACTIVE|PARK_NO_LISTING_ROW|PARK_OUT_OF_STOCK|PARK_SALE_STATUS_DROPPED,PARKED
2026-02-18T06:42:51Z,YV-2E21-62SB,,dropped,,0,READ_ONLY,1,PARK_MERCHANT_INACTIVE|PARK_NO_LISTING_ROW|PARK_OUT_OF_STOCK|PARK_SALE_STATUS_DROPPED,PARKED
2026-02-18T06:42:51Z,Z3-HICR-CPBW,,dropped,,0,READ_ONLY,1,PARK_MERCHANT_INACTIVE|PARK_NO_LISTING_ROW|PARK_OUT_OF_STOCK|PARK_SALE_STATUS_DROPPED,PARKED
2026-02-18T06:42:51Z,Z3-ORV9-K8XD,B000FGECAI,active,inactive,0,READ_ONLY,1,PARK_MERCHANT_INACTIVE|PARK_NO_LISTING_ROW|PARK_OUT_OF_STOCK,PARKED
2026-02-18T06:42:51Z,Z4-04O5-E86C,,dropped,,0,READ_ONLY,1,PARK_MERCHANT_INACTIVE|PARK_NO_LISTING_ROW|PARK_OUT_OF_STOCK|PARK_SALE_STATUS_DROPPED,PARKED
2026-02-18T06:42:51Z,Z7-26PV-O9LR,B07J9JGZZV,active,active,1,READ_ONLY,0,,ACTIVE_READONLY
2026-02-18T06:42:51Z,Z7-VYUL-255V,,dropped,,0,READ_ONLY,1,PARK_MERCHANT_INACTIVE|PARK_NO_LISTING_ROW|PARK_OUT_OF_STOCK|PARK_SALE_STATUS_DROPPED,PARKED
2026-02-18T06:42:51Z,Z7-ZI0R-NWCK,,dropped,,0,READ_ONLY,1,PARK_MERCHANT_INACTIVE|PARK_NO_LISTING_ROW|PARK_OUT_OF_STOCK|PARK_SALE_STATUS_DROPPED,PARKED
2026-02-18T06:42:51Z,Z9-FBUQ-EZN3,B074RQ8G8Z,active,inactive,0,READ_ONLY,1,PARK_MERCHANT_INACTIVE|PARK_NO_LISTING_ROW|PARK_OUT_OF_STOCK,PARKED
2026-02-18T06:42:51Z,ZA-4RO9-GD8M,,dropped,,0,READ_ONLY,1,PARK_MERCHANT_INACTIVE|PARK_NO_LISTING_ROW|PARK_OUT_OF_STOCK|PARK_SALE_STATUS_DROPPED,PARKED
2026-02-18T06:42:51Z,ZB-PV7O-TKUD,B0BBH9MHBH,discontinued,inactive,0,READ_ONLY,1,PARK_MERCHANT_INACTIVE|PARK_NO_LISTING_ROW|PARK_OUT_OF_STOCK|PARK_SALE_STATUS_DISCONTINUED,PARKED
2026-02-18T06:42:51Z,ZB-SIAQ-2V7L,,dropped,,0,READ_ONLY,1,PARK_MERCHANT_INACTIVE|PARK_NO_LISTING_ROW|PARK_OUT_OF_STOCK|PARK_SALE_STATUS_DROPPED,PARKED
2026-02-18T06:42:51Z,ZI-1MA2-8QGC,B08M8CQHHV,active,inactive,0,READ_ONLY,1,PARK_MERCHANT_INACTIVE|PARK_NO_LISTING_ROW|PARK_OUT_OF_STOCK,PARKED
2026-02-18T06:42:51Z,ZJ-9IR6-7M3A,B07RXCFY28,dropped,inactive,0,READ_ONLY,1,PARK_MERCHANT_INACTIVE|PARK_NO_LISTING_ROW|PARK_OUT_OF_STOCK|PARK_SALE_STATUS_DROPPED,PARKED
2026-02-18T06:42:51Z,ZP-F5C8-7ZCG,,dropped,,0,READ_ONLY,1,PARK_MERCHANT_INACTIVE|PARK_NO_LISTING_ROW|PARK_OUT_OF_STOCK|PARK_SALE_STATUS_DROPPED,PARKED
2026-02-18T06:42:51Z,ZT-QPY3-P24I,B0D3JBBGSB,active,active,1,READ_ONLY,0,,ACTIVE_READONLY
2026-02-18T06:42:51Z,ZU-PFDN-JSYV,B07MW9H6P4,dropped,inactive,0,READ_ONLY,1,PARK_MERCHANT_INACTIVE|PARK_NO_LISTING_ROW|PARK_OUT_OF_STOCK|PARK_SALE_STATUS_DROPPED,PARKED
2026-02-18T06:42:51Z,ZU-RET1-5CSU,,dropped,,0,READ_ONLY,1,PARK_MERCHANT_INACTIVE|PARK_NO_LISTING_ROW|PARK_OUT_OF_STOCK|PARK_SALE_STATUS_DROPPED,PARKED
2026-02-18T06:42:51Z,ZU-VG38-OF3L,,dropped,,0,READ_ONLY,1,PARK_MERCHANT_INACTIVE|PARK_NO_LISTING_ROW|PARK_OUT_OF_STOCK|PARK_SALE_STATUS_DROPPED,PARKED
2026-02-18T06:42:51Z,ZV-RLOD-Q0JI,B0BS1WDHP7,,inactive,0,READ_ONLY,1,PARK_MERCHANT_INACTIVE|PARK_NO_LISTING_ROW|PARK_OUT_OF_STOCK,PARKED
