token_id,seller_sku,asin,lot_id,purchase_order_id,order_confirmation_id,invoice_id,shipment_id,cost_per_unit,currency,status,received_date,allocated_order_id,allocated_date,return_order_id,return_date,notes
Z7-26PV-O9LR1-0001,Z7-26PV-O9LR,B07J9JGZZV,Z7-26PV-O9LR1,,,,,0.0,GBP,available,2024-10-02,,,,,seed_from_orders_sheet
Z7-26PV-O9LR1-0002,Z7-26PV-O9LR,B07J9JGZZV,Z7-26PV-O9LR1,,,,,0.0,GBP,available,2024-10-02,,,,,seed_from_orders_sheet
Z7-26PV-O9LR1-0003,Z7-26PV-O9LR,B07J9JGZZV,Z7-26PV-O9LR1,,,,,0.0,GBP,available,2024-10-02,,,,,seed_from_orders_sheet
Z7-26PV-O9LR1-0004,Z7-26PV-O9LR,B07J9JGZZV,Z7-26PV-O9LR1,,,,,0.0,GBP,available,2024-10-02,,,,,seed_from_orders_sheet
Z7-26PV-O9LR1-0005,Z7-26PV-O9LR,B07J9JGZZV,Z7-26PV-O9LR1,,,,,0.0,GBP,available,2024-10-02,,,,,seed_from_orders_sheet
Z7-26PV-O9LR1-0006,Z7-26PV-O9LR,B07J9JGZZV,Z7-26PV-O9LR1,,,,,0.0,GBP,available,2024-10-02,,,,,seed_from_orders_sheet
Z7-26PV-O9LR1-0007,Z7-26PV-O9LR,B07J9JGZZV,Z7-26PV-O9LR1,,,,,0.0,GBP,available,2024-10-02,,,,,seed_from_orders_sheet
Z7-26PV-O9LR1-0008,Z7-26PV-O9LR,B07J9JGZZV,Z7-26PV-O9LR1,,,,,0.0,GBP,available,2024-10-02,,,,,seed_from_orders_sheet
Z7-26PV-O9LR1-0009,Z7-26PV-O9LR,B07J9JGZZV,Z7-26PV-O9LR1,,,,,0.0,GBP,available,2024-10-02,,,,,seed_from_orders_sheet
Z7-26PV-O9LR1-0010,Z7-26PV-O9LR,B07J9JGZZV,Z7-26PV-O9LR1,,,,,0.0,GBP,available,2024-10-02,,,,,seed_from_orders_sheet
Z7-26PV-O9LR1-0011,Z7-26PV-O9LR,B07J9JGZZV,Z7-26PV-O9LR1,,,,,0.0,GBP,available,2024-10-02,,,,,seed_from_orders_sheet
Z7-26PV-O9LR1-0012,Z7-26PV-O9LR,B07J9JGZZV,Z7-26PV-O9LR1,,,,,0.0,GBP,available,2024-10-02,,,,,seed_from_orders_sheet
Z7-26PV-O9LR1-0013,Z7-26PV-O9LR,B07J9JGZZV,Z7-26PV-O9LR1,,,,,0.0,GBP,available,2024-10-02,,,,,seed_from_orders_sheet
Z7-26PV-O9LR1-0014,Z7-26PV-O9LR,B07J9JGZZV,Z7-26PV-O9LR1,,,,,0.0,GBP,available,2024-10-02,,,,,seed_from_orders_sheet
Z7-26PV-O9LR1-0015,Z7-26PV-O9LR,B07J9JGZZV,Z7-26PV-O9LR1,,,,,0.0,GBP,available,2024-10-02,,,,,seed_from_orders_sheet
Z7-26PV-O9LR1-0016,Z7-26PV-O9LR,B07J9JGZZV,Z7-26PV-O9LR1,,,,,0.0,GBP,available,2024-10-02,,,,,seed_from_orders_sheet
Z7-26PV-O9LR1-0017,Z7-26PV-O9LR,B07J9JGZZV,Z7-26PV-O9LR1,,,,,0.0,GBP,available,2024-10-02,,,,,seed_from_orders_sheet
Z7-26PV-O9LR1-0018,Z7-26PV-O9LR,B07J9JGZZV,Z7-26PV-O9LR1,,,,,0.0,GBP,available,2024-10-02,,,,,seed_from_orders_sheet
Z7-26PV-O9LR1-0019,Z7-26PV-O9LR,B07J9JGZZV,Z7-26PV-O9LR1,,,,,0.0,GBP,available,2024-10-02,,,,,seed_from_orders_sheet
Z7-26PV-O9LR1-0020,Z7-26PV-O9LR,B07J9JGZZV,Z7-26PV-O9LR1,,,,,0.0,GBP,available,2024-10-02,,,,,seed_from_orders_sheet
Z7-26PV-O9LR1-0021,Z7-26PV-O9LR,B07J9JGZZV,Z7-26PV-O9LR1,,,,,0.0,GBP,available,2024-10-02,,,,,seed_from_orders_sheet
Z7-26PV-O9LR1-0022,Z7-26PV-O9LR,B07J9JGZZV,Z7-26PV-O9LR1,,,,,0.0,GBP,available,2024-10-02,,,,,seed_from_orders_sheet
Z7-26PV-O9LR1-0023,Z7-26PV-O9LR,B07J9JGZZV,Z7-26PV-O9LR1,,,,,0.0,GBP,available,2024-10-02,,,,,seed_from_orders_sheet
Z7-26PV-O9LR1-0024,Z7-26PV-O9LR,B07J9JGZZV,Z7-26PV-O9LR1,,,,,0.0,GBP,available,2024-10-02,,,,,seed_from_orders_sheet
Z7-26PV-O9LR1-0025,Z7-26PV-O9LR,B07J9JGZZV,Z7-26PV-O9LR1,,,,,0.0,GBP,available,2024-10-02,,,,,seed_from_orders_sheet
Z7-26PV-O9LR1-0026,Z7-26PV-O9LR,B07J9JGZZV,Z7-26PV-O9LR1,,,,,0.0,GBP,available,2024-10-02,,,,,seed_from_orders_sheet
Z7-26PV-O9LR1-0027,Z7-26PV-O9LR,B07J9JGZZV,Z7-26PV-O9LR1,,,,,0.0,GBP,available,2024-10-02,,,,,seed_from_orders_sheet
Z7-26PV-O9LR1-0028,Z7-26PV-O9LR,B07J9JGZZV,Z7-26PV-O9LR1,,,,,0.0,GBP,available,2024-10-02,,,,,seed_from_orders_sheet
Z7-26PV-O9LR1-0029,Z7-26PV-O9LR,B07J9JGZZV,Z7-26PV-O9LR1,,,,,0.0,GBP,available,2024-10-02,,,,,seed_from_orders_sheet
Z7-26PV-O9LR1-0030,Z7-26PV-O9LR,B07J9JGZZV,Z7-26PV-O9LR1,,,,,0.0,GBP,available,2024-10-02,,,,,seed_from_orders_sheet
Z7-26PV-O9LR1-0031,Z7-26PV-O9LR,B07J9JGZZV,Z7-26PV-O9LR1,,,,,0.0,GBP,available,2024-10-02,,,,,seed_from_orders_sheet
Z7-26PV-O9LR1-0032,Z7-26PV-O9LR,B07J9JGZZV,Z7-26PV-O9LR1,,,,,0.0,GBP,available,2024-10-02,,,,,seed_from_orders_sheet
Z7-26PV-O9LR1-0033,Z7-26PV-O9LR,B07J9JGZZV,Z7-26PV-O9LR1,,,,,0.0,GBP,available,2024-10-02,,,,,seed_from_orders_sheet
Z7-26PV-O9LR1-0034,Z7-26PV-O9LR,B07J9JGZZV,Z7-26PV-O9LR1,,,,,0.0,GBP,available,2024-10-02,,,,,seed_from_orders_sheet
Z7-26PV-O9LR1-0035,Z7-26PV-O9LR,B07J9JGZZV,Z7-26PV-O9LR1,,,,,0.0,GBP,available,2024-10-02,,,,,seed_from_orders_sheet
Z7-26PV-O9LR1-0036,Z7-26PV-O9LR,B07J9JGZZV,Z7-26PV-O9LR1,,,,,0.0,GBP,available,2024-10-02,,,,,seed_from_orders_sheet
Z7-26PV-O9LR1-0037,Z7-26PV-O9LR,B07J9JGZZV,Z7-26PV-O9LR1,,,,,0.0,GBP,available,2024-10-02,,,,,seed_from_orders_sheet
Z7-26PV-O9LR1-0038,Z7-26PV-O9LR,B07J9JGZZV,Z7-26PV-O9LR1,,,,,0.0,GBP,available,2024-10-02,,,,,seed_from_orders_sheet
Z7-26PV-O9LR1-0039,Z7-26PV-O9LR,B07J9JGZZV,Z7-26PV-O9LR1,,,,,0.0,GBP,available,2024-10-02,,,,,seed_from_orders_sheet
Z7-26PV-O9LR1-0040,Z7-26PV-O9LR,B07J9JGZZV,Z7-26PV-O9LR1,,,,,0.0,GBP,available,2024-10-02,,,,,seed_from_orders_sheet
Z7-26PV-O9LR1-0041,Z7-26PV-O9LR,B07J9JGZZV,Z7-26PV-O9LR1,,,,,0.0,GBP,available,2024-10-02,,,,,seed_from_orders_sheet
Z7-26PV-O9LR1-0042,Z7-26PV-O9LR,B07J9JGZZV,Z7-26PV-O9LR1,,,,,0.0,GBP,available,2024-10-02,,,,,seed_from_orders_sheet
Z7-26PV-O9LR1-0043,Z7-26PV-O9LR,B07J9JGZZV,Z7-26PV-O9LR1,,,,,0.0,GBP,available,2024-10-02,,,,,seed_from_orders_sheet
Z7-26PV-O9LR1-0044,Z7-26PV-O9LR,B07J9JGZZV,Z7-26PV-O9LR1,,,,,0.0,GBP,available,2024-10-02,,,,,seed_from_orders_sheet
Z7-26PV-O9LR1-0045,Z7-26PV-O9LR,B07J9JGZZV,Z7-26PV-O9LR1,,,,,0.0,GBP,available,2024-10-02,,,,,seed_from_orders_sheet
Z7-26PV-O9LR1-0046,Z7-26PV-O9LR,B07J9JGZZV,Z7-26PV-O9LR1,,,,,0.0,GBP,available,2024-10-02,,,,,seed_from_orders_sheet
Z7-26PV-O9LR1-0047,Z7-26PV-O9LR,B07J9JGZZV,Z7-26PV-O9LR1,,,,,0.0,GBP,available,2024-10-02,,,,,seed_from_orders_sheet
Z7-26PV-O9LR1-0048,Z7-26PV-O9LR,B07J9JGZZV,Z7-26PV-O9LR1,,,,,0.0,GBP,available,2024-10-02,,,,,seed_from_orders_sheet
Z7-26PV-O9LR1-0049,Z7-26PV-O9LR,B07J9JGZZV,Z7-26PV-O9LR1,,,,,0.0,GBP,available,2024-10-02,,,,,seed_from_orders_sheet
Z7-26PV-O9LR1-0050,Z7-26PV-O9LR,B07J9JGZZV,Z7-26PV-O9LR1,,,,,0.0,GBP,available,2024-10-02,,,,,seed_from_orders_sheet
Z7-26PV-O9LR2-0001,Z7-26PV-O9LR,B07J9JGZZV,Z7-26PV-O9LR2,,,,,0.0,GBP,available,2024-10-15,,,,,seed_from_orders_sheet
Z7-26PV-O9LR2-0002,Z7-26PV-O9LR,B07J9JGZZV,Z7-26PV-O9LR2,,,,,0.0,GBP,available,2024-10-15,,,,,seed_from_orders_sheet
Z7-26PV-O9LR2-0003,Z7-26PV-O9LR,B07J9JGZZV,Z7-26PV-O9LR2,,,,,0.0,GBP,available,2024-10-15,,,,,seed_from_orders_sheet
Z7-26PV-O9LR2-0004,Z7-26PV-O9LR,B07J9JGZZV,Z7-26PV-O9LR2,,,,,0.0,GBP,available,2024-10-15,,,,,seed_from_orders_sheet
Z7-26PV-O9LR2-0005,Z7-26PV-O9LR,B07J9JGZZV,Z7-26PV-O9LR2,,,,,0.0,GBP,available,2024-10-15,,,,,seed_from_orders_sheet
Z7-26PV-O9LR2-0006,Z7-26PV-O9LR,B07J9JGZZV,Z7-26PV-O9LR2,,,,,0.0,GBP,available,2024-10-15,,,,,seed_from_orders_sheet
Z7-26PV-O9LR2-0007,Z7-26PV-O9LR,B07J9JGZZV,Z7-26PV-O9LR2,,,,,0.0,GBP,available,2024-10-15,,,,,seed_from_orders_sheet
Z7-26PV-O9LR2-0008,Z7-26PV-O9LR,B07J9JGZZV,Z7-26PV-O9LR2,,,,,0.0,GBP,available,2024-10-15,,,,,seed_from_orders_sheet
Z7-26PV-O9LR2-0009,Z7-26PV-O9LR,B07J9JGZZV,Z7-26PV-O9LR2,,,,,0.0,GBP,available,2024-10-15,,,,,seed_from_orders_sheet
Z7-26PV-O9LR2-0010,Z7-26PV-O9LR,B07J9JGZZV,Z7-26PV-O9LR2,,,,,0.0,GBP,available,2024-10-15,,,,,seed_from_orders_sheet
Z7-26PV-O9LR2-0011,Z7-26PV-O9LR,B07J9JGZZV,Z7-26PV-O9LR2,,,,,0.0,GBP,available,2024-10-15,,,,,seed_from_orders_sheet
Z7-26PV-O9LR2-0012,Z7-26PV-O9LR,B07J9JGZZV,Z7-26PV-O9LR2,,,,,0.0,GBP,available,2024-10-15,,,,,seed_from_orders_sheet
Z7-26PV-O9LR2-0013,Z7-26PV-O9LR,B07J9JGZZV,Z7-26PV-O9LR2,,,,,0.0,GBP,available,2024-10-15,,,,,seed_from_orders_sheet
Z7-26PV-O9LR2-0014,Z7-26PV-O9LR,B07J9JGZZV,Z7-26PV-O9LR2,,,,,0.0,GBP,available,2024-10-15,,,,,seed_from_orders_sheet
Z7-26PV-O9LR2-0015,Z7-26PV-O9LR,B07J9JGZZV,Z7-26PV-O9LR2,,,,,0.0,GBP,available,2024-10-15,,,,,seed_from_orders_sheet
Z7-26PV-O9LR2-0016,Z7-26PV-O9LR,B07J9JGZZV,Z7-26PV-O9LR2,,,,,0.0,GBP,available,2024-10-15,,,,,seed_from_orders_sheet
Z7-26PV-O9LR2-0017,Z7-26PV-O9LR,B07J9JGZZV,Z7-26PV-O9LR2,,,,,0.0,GBP,available,2024-10-15,,,,,seed_from_orders_sheet
Z7-26PV-O9LR2-0018,Z7-26PV-O9LR,B07J9JGZZV,Z7-26PV-O9LR2,,,,,0.0,GBP,available,2024-10-15,,,,,seed_from_orders_sheet
Z7-26PV-O9LR2-0019,Z7-26PV-O9LR,B07J9JGZZV,Z7-26PV-O9LR2,,,,,0.0,GBP,available,2024-10-15,,,,,seed_from_orders_sheet
Z7-26PV-O9LR2-0020,Z7-26PV-O9LR,B07J9JGZZV,Z7-26PV-O9LR2,,,,,0.0,GBP,available,2024-10-15,,,,,seed_from_orders_sheet
Z7-26PV-O9LR2-0021,Z7-26PV-O9LR,B07J9JGZZV,Z7-26PV-O9LR2,,,,,0.0,GBP,available,2024-10-15,,,,,seed_from_orders_sheet
Z7-26PV-O9LR2-0022,Z7-26PV-O9LR,B07J9JGZZV,Z7-26PV-O9LR2,,,,,0.0,GBP,available,2024-10-15,,,,,seed_from_orders_sheet
Z7-26PV-O9LR2-0023,Z7-26PV-O9LR,B07J9JGZZV,Z7-26PV-O9LR2,,,,,0.0,GBP,available,2024-10-15,,,,,seed_from_orders_sheet
Z7-26PV-O9LR2-0024,Z7-26PV-O9LR,B07J9JGZZV,Z7-26PV-O9LR2,,,,,0.0,GBP,available,2024-10-15,,,,,seed_from_orders_sheet
Z7-26PV-O9LR2-0025,Z7-26PV-O9LR,B07J9JGZZV,Z7-26PV-O9LR2,,,,,0.0,GBP,available,2024-10-15,,,,,seed_from_orders_sheet
Z7-26PV-O9LR2-0026,Z7-26PV-O9LR,B07J9JGZZV,Z7-26PV-O9LR2,,,,,0.0,GBP,available,2024-10-15,,,,,seed_from_orders_sheet
Z7-26PV-O9LR2-0027,Z7-26PV-O9LR,B07J9JGZZV,Z7-26PV-O9LR2,,,,,0.0,GBP,available,2024-10-15,,,,,seed_from_orders_sheet
Z7-26PV-O9LR2-0028,Z7-26PV-O9LR,B07J9JGZZV,Z7-26PV-O9LR2,,,,,0.0,GBP,available,2024-10-15,,,,,seed_from_orders_sheet
Z7-26PV-O9LR2-0029,Z7-26PV-O9LR,B07J9JGZZV,Z7-26PV-O9LR2,,,,,0.0,GBP,available,2024-10-15,,,,,seed_from_orders_sheet
Z7-26PV-O9LR2-0030,Z7-26PV-O9LR,B07J9JGZZV,Z7-26PV-O9LR2,,,,,0.0,GBP,available,2024-10-15,,,,,seed_from_orders_sheet
Z7-26PV-O9LR2-0031,Z7-26PV-O9LR,B07J9JGZZV,Z7-26PV-O9LR2,,,,,0.0,GBP,available,2024-10-15,,,,,seed_from_orders_sheet
Z7-26PV-O9LR2-0032,Z7-26PV-O9LR,B07J9JGZZV,Z7-26PV-O9LR2,,,,,0.0,GBP,available,2024-10-15,,,,,seed_from_orders_sheet
Z7-26PV-O9LR2-0033,Z7-26PV-O9LR,B07J9JGZZV,Z7-26PV-O9LR2,,,,,0.0,GBP,available,2024-10-15,,,,,seed_from_orders_sheet
Z7-26PV-O9LR2-0034,Z7-26PV-O9LR,B07J9JGZZV,Z7-26PV-O9LR2,,,,,0.0,GBP,available,2024-10-15,,,,,seed_from_orders_sheet
Z7-26PV-O9LR2-0035,Z7-26PV-O9LR,B07J9JGZZV,Z7-26PV-O9LR2,,,,,0.0,GBP,available,2024-10-15,,,,,seed_from_orders_sheet
Z7-26PV-O9LR2-0036,Z7-26PV-O9LR,B07J9JGZZV,Z7-26PV-O9LR2,,,,,0.0,GBP,available,2024-10-15,,,,,seed_from_orders_sheet
Z7-26PV-O9LR2-0037,Z7-26PV-O9LR,B07J9JGZZV,Z7-26PV-O9LR2,,,,,0.0,GBP,available,2024-10-15,,,,,seed_from_orders_sheet
Z7-26PV-O9LR2-0038,Z7-26PV-O9LR,B07J9JGZZV,Z7-26PV-O9LR2,,,,,0.0,GBP,available,2024-10-15,,,,,seed_from_orders_sheet
Z7-26PV-O9LR2-0039,Z7-26PV-O9LR,B07J9JGZZV,Z7-26PV-O9LR2,,,,,0.0,GBP,available,2024-10-15,,,,,seed_from_orders_sheet
Z7-26PV-O9LR2-0040,Z7-26PV-O9LR,B07J9JGZZV,Z7-26PV-O9LR2,,,,,0.0,GBP,available,2024-10-15,,,,,seed_from_orders_sheet
Z7-26PV-O9LR2-0041,Z7-26PV-O9LR,B07J9JGZZV,Z7-26PV-O9LR2,,,,,0.0,GBP,available,2024-10-15,,,,,seed_from_orders_sheet
Z7-26PV-O9LR2-0042,Z7-26PV-O9LR,B07J9JGZZV,Z7-26PV-O9LR2,,,,,0.0,GBP,available,2024-10-15,,,,,seed_from_orders_sheet
Z7-26PV-O9LR2-0043,Z7-26PV-O9LR,B07J9JGZZV,Z7-26PV-O9LR2,,,,,0.0,GBP,available,2024-10-15,,,,,seed_from_orders_sheet
Z7-26PV-O9LR2-0044,Z7-26PV-O9LR,B07J9JGZZV,Z7-26PV-O9LR2,,,,,0.0,GBP,available,2024-10-15,,,,,seed_from_orders_sheet
Z7-26PV-O9LR2-0045,Z7-26PV-O9LR,B07J9JGZZV,Z7-26PV-O9LR2,,,,,0.0,GBP,available,2024-10-15,,,,,seed_from_orders_sheet
Z7-26PV-O9LR2-0046,Z7-26PV-O9LR,B07J9JGZZV,Z7-26PV-O9LR2,,,,,0.0,GBP,available,2024-10-15,,,,,seed_from_orders_sheet
Z7-26PV-O9LR2-0047,Z7-26PV-O9LR,B07J9JGZZV,Z7-26PV-O9LR2,,,,,0.0,GBP,available,2024-10-15,,,,,seed_from_orders_sheet
Z7-26PV-O9LR2-0048,Z7-26PV-O9LR,B07J9JGZZV,Z7-26PV-O9LR2,,,,,0.0,GBP,available,2024-10-15,,,,,seed_from_orders_sheet
Z7-26PV-O9LR2-0049,Z7-26PV-O9LR,B07J9JGZZV,Z7-26PV-O9LR2,,,,,0.0,GBP,available,2024-10-15,,,,,seed_from_orders_sheet
Z7-26PV-O9LR2-0050,Z7-26PV-O9LR,B07J9JGZZV,Z7-26PV-O9LR2,,,,,0.0,GBP,available,2024-10-15,,,,,seed_from_orders_sheet
Z7-26PV-O9LR2-0051,Z7-26PV-O9LR,B07J9JGZZV,Z7-26PV-O9LR2,,,,,0.0,GBP,available,2024-10-15,,,,,seed_from_orders_sheet
Z7-26PV-O9LR2-0052,Z7-26PV-O9LR,B07J9JGZZV,Z7-26PV-O9LR2,,,,,0.0,GBP,available,2024-10-15,,,,,seed_from_orders_sheet
Z7-26PV-O9LR2-0053,Z7-26PV-O9LR,B07J9JGZZV,Z7-26PV-O9LR2,,,,,0.0,GBP,available,2024-10-15,,,,,seed_from_orders_sheet
Z7-26PV-O9LR2-0054,Z7-26PV-O9LR,B07J9JGZZV,Z7-26PV-O9LR2,,,,,0.0,GBP,available,2024-10-15,,,,,seed_from_orders_sheet
Z7-26PV-O9LR2-0055,Z7-26PV-O9LR,B07J9JGZZV,Z7-26PV-O9LR2,,,,,0.0,GBP,available,2024-10-15,,,,,seed_from_orders_sheet
Z7-26PV-O9LR2-0056,Z7-26PV-O9LR,B07J9JGZZV,Z7-26PV-O9LR2,,,,,0.0,GBP,available,2024-10-15,,,,,seed_from_orders_sheet
Z7-26PV-O9LR2-0057,Z7-26PV-O9LR,B07J9JGZZV,Z7-26PV-O9LR2,,,,,0.0,GBP,available,2024-10-15,,,,,seed_from_orders_sheet
Z7-26PV-O9LR2-0058,Z7-26PV-O9LR,B07J9JGZZV,Z7-26PV-O9LR2,,,,,0.0,GBP,available,2024-10-15,,,,,seed_from_orders_sheet
Z7-26PV-O9LR2-0059,Z7-26PV-O9LR,B07J9JGZZV,Z7-26PV-O9LR2,,,,,0.0,GBP,available,2024-10-15,,,,,seed_from_orders_sheet
Z7-26PV-O9LR2-0060,Z7-26PV-O9LR,B07J9JGZZV,Z7-26PV-O9LR2,,,,,0.0,GBP,available,2024-10-15,,,,,seed_from_orders_sheet
Z7-26PV-O9LR2-0061,Z7-26PV-O9LR,B07J9JGZZV,Z7-26PV-O9LR2,,,,,0.0,GBP,available,2024-10-15,,,,,seed_from_orders_sheet
Z7-26PV-O9LR2-0062,Z7-26PV-O9LR,B07J9JGZZV,Z7-26PV-O9LR2,,,,,0.0,GBP,available,2024-10-15,,,,,seed_from_orders_sheet
Z7-26PV-O9LR2-0063,Z7-26PV-O9LR,B07J9JGZZV,Z7-26PV-O9LR2,,,,,0.0,GBP,available,2024-10-15,,,,,seed_from_orders_sheet
Z7-26PV-O9LR2-0064,Z7-26PV-O9LR,B07J9JGZZV,Z7-26PV-O9LR2,,,,,0.0,GBP,available,2024-10-15,,,,,seed_from_orders_sheet
Z7-26PV-O9LR2-0065,Z7-26PV-O9LR,B07J9JGZZV,Z7-26PV-O9LR2,,,,,0.0,GBP,available,2024-10-15,,,,,seed_from_orders_sheet
Z7-26PV-O9LR2-0066,Z7-26PV-O9LR,B07J9JGZZV,Z7-26PV-O9LR2,,,,,0.0,GBP,available,2024-10-15,,,,,seed_from_orders_sheet
Z7-26PV-O9LR2-0067,Z7-26PV-O9LR,B07J9JGZZV,Z7-26PV-O9LR2,,,,,0.0,GBP,available,2024-10-15,,,,,seed_from_orders_sheet
Z7-26PV-O9LR2-0068,Z7-26PV-O9LR,B07J9JGZZV,Z7-26PV-O9LR2,,,,,0.0,GBP,available,2024-10-15,,,,,seed_from_orders_sheet
Z7-26PV-O9LR2-0069,Z7-26PV-O9LR,B07J9JGZZV,Z7-26PV-O9LR2,,,,,0.0,GBP,available,2024-10-15,,,,,seed_from_orders_sheet
Z7-26PV-O9LR2-0070,Z7-26PV-O9LR,B07J9JGZZV,Z7-26PV-O9LR2,,,,,0.0,GBP,available,2024-10-15,,,,,seed_from_orders_sheet
Z7-26PV-O9LR2-0071,Z7-26PV-O9LR,B07J9JGZZV,Z7-26PV-O9LR2,,,,,0.0,GBP,available,2024-10-15,,,,,seed_from_orders_sheet
Z7-26PV-O9LR2-0072,Z7-26PV-O9LR,B07J9JGZZV,Z7-26PV-O9LR2,,,,,0.0,GBP,available,2024-10-15,,,,,seed_from_orders_sheet
Z7-26PV-O9LR2-0073,Z7-26PV-O9LR,B07J9JGZZV,Z7-26PV-O9LR2,,,,,0.0,GBP,available,2024-10-15,,,,,seed_from_orders_sheet
Z7-26PV-O9LR2-0074,Z7-26PV-O9LR,B07J9JGZZV,Z7-26PV-O9LR2,,,,,0.0,GBP,available,2024-10-15,,,,,seed_from_orders_sheet
Z7-26PV-O9LR2-0075,Z7-26PV-O9LR,B07J9JGZZV,Z7-26PV-O9LR2,,,,,0.0,GBP,available,2024-10-15,,,,,seed_from_orders_sheet
Z7-26PV-O9LR2-0076,Z7-26PV-O9LR,B07J9JGZZV,Z7-26PV-O9LR2,,,,,0.0,GBP,available,2024-10-15,,,,,seed_from_orders_sheet
Z7-26PV-O9LR2-0077,Z7-26PV-O9LR,B07J9JGZZV,Z7-26PV-O9LR2,,,,,0.0,GBP,available,2024-10-15,,,,,seed_from_orders_sheet
Z7-26PV-O9LR2-0078,Z7-26PV-O9LR,B07J9JGZZV,Z7-26PV-O9LR2,,,,,0.0,GBP,available,2024-10-15,,,,,seed_from_orders_sheet
Z7-26PV-O9LR2-0079,Z7-26PV-O9LR,B07J9JGZZV,Z7-26PV-O9LR2,,,,,0.0,GBP,available,2024-10-15,,,,,seed_from_orders_sheet
Z7-26PV-O9LR2-0080,Z7-26PV-O9LR,B07J9JGZZV,Z7-26PV-O9LR2,,,,,0.0,GBP,available,2024-10-15,,,,,seed_from_orders_sheet
Z7-26PV-O9LR2-0081,Z7-26PV-O9LR,B07J9JGZZV,Z7-26PV-O9LR2,,,,,0.0,GBP,available,2024-10-15,,,,,seed_from_orders_sheet
Z7-26PV-O9LR2-0082,Z7-26PV-O9LR,B07J9JGZZV,Z7-26PV-O9LR2,,,,,0.0,GBP,available,2024-10-15,,,,,seed_from_orders_sheet
Z7-26PV-O9LR2-0083,Z7-26PV-O9LR,B07J9JGZZV,Z7-26PV-O9LR2,,,,,0.0,GBP,available,2024-10-15,,,,,seed_from_orders_sheet
Z7-26PV-O9LR2-0084,Z7-26PV-O9LR,B07J9JGZZV,Z7-26PV-O9LR2,,,,,0.0,GBP,available,2024-10-15,,,,,seed_from_orders_sheet
Z7-26PV-O9LR2-0085,Z7-26PV-O9LR,B07J9JGZZV,Z7-26PV-O9LR2,,,,,0.0,GBP,available,2024-10-15,,,,,seed_from_orders_sheet
Z7-26PV-O9LR2-0086,Z7-26PV-O9LR,B07J9JGZZV,Z7-26PV-O9LR2,,,,,0.0,GBP,available,2024-10-15,,,,,seed_from_orders_sheet
Z7-26PV-O9LR2-0087,Z7-26PV-O9LR,B07J9JGZZV,Z7-26PV-O9LR2,,,,,0.0,GBP,available,2024-10-15,,,,,seed_from_orders_sheet
Z7-26PV-O9LR2-0088,Z7-26PV-O9LR,B07J9JGZZV,Z7-26PV-O9LR2,,,,,0.0,GBP,available,2024-10-15,,,,,seed_from_orders_sheet
Z7-26PV-O9LR2-0089,Z7-26PV-O9LR,B07J9JGZZV,Z7-26PV-O9LR2,,,,,0.0,GBP,available,2024-10-15,,,,,seed_from_orders_sheet
Z7-26PV-O9LR2-0090,Z7-26PV-O9LR,B07J9JGZZV,Z7-26PV-O9LR2,,,,,0.0,GBP,available,2024-10-15,,,,,seed_from_orders_sheet
Z7-26PV-O9LR2-0091,Z7-26PV-O9LR,B07J9JGZZV,Z7-26PV-O9LR2,,,,,0.0,GBP,available,2024-10-15,,,,,seed_from_orders_sheet
Z7-26PV-O9LR2-0092,Z7-26PV-O9LR,B07J9JGZZV,Z7-26PV-O9LR2,,,,,0.0,GBP,available,2024-10-15,,,,,seed_from_orders_sheet
Z7-26PV-O9LR2-0093,Z7-26PV-O9LR,B07J9JGZZV,Z7-26PV-O9LR2,,,,,0.0,GBP,available,2024-10-15,,,,,seed_from_orders_sheet
Z7-26PV-O9LR2-0094,Z7-26PV-O9LR,B07J9JGZZV,Z7-26PV-O9LR2,,,,,0.0,GBP,available,2024-10-15,,,,,seed_from_orders_sheet
Z7-26PV-O9LR2-0095,Z7-26PV-O9LR,B07J9JGZZV,Z7-26PV-O9LR2,,,,,0.0,GBP,available,2024-10-15,,,,,seed_from_orders_sheet
Z7-26PV-O9LR2-0096,Z7-26PV-O9LR,B07J9JGZZV,Z7-26PV-O9LR2,,,,,0.0,GBP,available,2024-10-15,,,,,seed_from_orders_sheet
Z7-26PV-O9LR2-0097,Z7-26PV-O9LR,B07J9JGZZV,Z7-26PV-O9LR2,,,,,0.0,GBP,available,2024-10-15,,,,,seed_from_orders_sheet
Z7-26PV-O9LR2-0098,Z7-26PV-O9LR,B07J9JGZZV,Z7-26PV-O9LR2,,,,,0.0,GBP,available,2024-10-15,,,,,seed_from_orders_sheet
Z7-26PV-O9LR2-0099,Z7-26PV-O9LR,B07J9JGZZV,Z7-26PV-O9LR2,,,,,0.0,GBP,available,2024-10-15,,,,,seed_from_orders_sheet
Z7-26PV-O9LR2-0100,Z7-26PV-O9LR,B07J9JGZZV,Z7-26PV-O9LR2,,,,,0.0,GBP,available,2024-10-15,,,,,seed_from_orders_sheet
Z7-26PV-O9LR2-0101,Z7-26PV-O9LR,B07J9JGZZV,Z7-26PV-O9LR2,,,,,0.0,GBP,available,2024-10-15,,,,,seed_from_orders_sheet
Z7-26PV-O9LR2-0102,Z7-26PV-O9LR,B07J9JGZZV,Z7-26PV-O9LR2,,,,,0.0,GBP,available,2024-10-15,,,,,seed_from_orders_sheet
Z7-26PV-O9LR2-0103,Z7-26PV-O9LR,B07J9JGZZV,Z7-26PV-O9LR2,,,,,0.0,GBP,available,2024-10-15,,,,,seed_from_orders_sheet
Z7-26PV-O9LR2-0104,Z7-26PV-O9LR,B07J9JGZZV,Z7-26PV-O9LR2,,,,,0.0,GBP,available,2024-10-15,,,,,seed_from_orders_sheet
Z7-26PV-O9LR2-0105,Z7-26PV-O9LR,B07J9JGZZV,Z7-26PV-O9LR2,,,,,0.0,GBP,available,2024-10-15,,,,,seed_from_orders_sheet
Z7-26PV-O9LR2-0106,Z7-26PV-O9LR,B07J9JGZZV,Z7-26PV-O9LR2,,,,,0.0,GBP,available,2024-10-15,,,,,seed_from_orders_sheet
Z7-26PV-O9LR2-0107,Z7-26PV-O9LR,B07J9JGZZV,Z7-26PV-O9LR2,,,,,0.0,GBP,available,2024-10-15,,,,,seed_from_orders_sheet
Z7-26PV-O9LR2-0108,Z7-26PV-O9LR,B07J9JGZZV,Z7-26PV-O9LR2,,,,,0.0,GBP,available,2024-10-15,,,,,seed_from_orders_sheet
Z7-26PV-O9LR2-0109,Z7-26PV-O9LR,B07J9JGZZV,Z7-26PV-O9LR2,,,,,0.0,GBP,available,2024-10-15,,,,,seed_from_orders_sheet
Z7-26PV-O9LR2-0110,Z7-26PV-O9LR,B07J9JGZZV,Z7-26PV-O9LR2,,,,,0.0,GBP,available,2024-10-15,,,,,seed_from_orders_sheet
Z7-26PV-O9LR2-0111,Z7-26PV-O9LR,B07J9JGZZV,Z7-26PV-O9LR2,,,,,0.0,GBP,available,2024-10-15,,,,,seed_from_orders_sheet
Z7-26PV-O9LR2-0112,Z7-26PV-O9LR,B07J9JGZZV,Z7-26PV-O9LR2,,,,,0.0,GBP,available,2024-10-15,,,,,seed_from_orders_sheet
Z7-26PV-O9LR2-0113,Z7-26PV-O9LR,B07J9JGZZV,Z7-26PV-O9LR2,,,,,0.0,GBP,available,2024-10-15,,,,,seed_from_orders_sheet
Z7-26PV-O9LR2-0114,Z7-26PV-O9LR,B07J9JGZZV,Z7-26PV-O9LR2,,,,,0.0,GBP,available,2024-10-15,,,,,seed_from_orders_sheet
Z7-26PV-O9LR2-0115,Z7-26PV-O9LR,B07J9JGZZV,Z7-26PV-O9LR2,,,,,0.0,GBP,available,2024-10-15,,,,,seed_from_orders_sheet
Z7-26PV-O9LR2-0116,Z7-26PV-O9LR,B07J9JGZZV,Z7-26PV-O9LR2,,,,,0.0,GBP,available,2024-10-15,,,,,seed_from_orders_sheet
Z7-26PV-O9LR2-0117,Z7-26PV-O9LR,B07J9JGZZV,Z7-26PV-O9LR2,,,,,0.0,GBP,available,2024-10-15,,,,,seed_from_orders_sheet
Z7-26PV-O9LR2-0118,Z7-26PV-O9LR,B07J9JGZZV,Z7-26PV-O9LR2,,,,,0.0,GBP,available,2024-10-15,,,,,seed_from_orders_sheet
Z7-26PV-O9LR2-0119,Z7-26PV-O9LR,B07J9JGZZV,Z7-26PV-O9LR2,,,,,0.0,GBP,available,2024-10-15,,,,,seed_from_orders_sheet
Z7-26PV-O9LR2-0120,Z7-26PV-O9LR,B07J9JGZZV,Z7-26PV-O9LR2,,,,,0.0,GBP,available,2024-10-15,,,,,seed_from_orders_sheet
Z7-26PV-O9LR2-0121,Z7-26PV-O9LR,B07J9JGZZV,Z7-26PV-O9LR2,,,,,0.0,GBP,available,2024-10-15,,,,,seed_from_orders_sheet
Z7-26PV-O9LR2-0122,Z7-26PV-O9LR,B07J9JGZZV,Z7-26PV-O9LR2,,,,,0.0,GBP,available,2024-10-15,,,,,seed_from_orders_sheet
Z7-26PV-O9LR2-0123,Z7-26PV-O9LR,B07J9JGZZV,Z7-26PV-O9LR2,,,,,0.0,GBP,available,2024-10-15,,,,,seed_from_orders_sheet
Z7-26PV-O9LR2-0124,Z7-26PV-O9LR,B07J9JGZZV,Z7-26PV-O9LR2,,,,,0.0,GBP,available,2024-10-15,,,,,seed_from_orders_sheet
Z7-26PV-O9LR2-0125,Z7-26PV-O9LR,B07J9JGZZV,Z7-26PV-O9LR2,,,,,0.0,GBP,available,2024-10-15,,,,,seed_from_orders_sheet
Z7-26PV-O9LR2-0126,Z7-26PV-O9LR,B07J9JGZZV,Z7-26PV-O9LR2,,,,,0.0,GBP,available,2024-10-15,,,,,seed_from_orders_sheet
Z7-26PV-O9LR2-0127,Z7-26PV-O9LR,B07J9JGZZV,Z7-26PV-O9LR2,,,,,0.0,GBP,available,2024-10-15,,,,,seed_from_orders_sheet
Z7-26PV-O9LR2-0128,Z7-26PV-O9LR,B07J9JGZZV,Z7-26PV-O9LR2,,,,,0.0,GBP,available,2024-10-15,,,,,seed_from_orders_sheet
Z7-26PV-O9LR2-0129,Z7-26PV-O9LR,B07J9JGZZV,Z7-26PV-O9LR2,,,,,0.0,GBP,available,2024-10-15,,,,,seed_from_orders_sheet
Z7-26PV-O9LR2-0130,Z7-26PV-O9LR,B07J9JGZZV,Z7-26PV-O9LR2,,,,,0.0,GBP,available,2024-10-15,,,,,seed_from_orders_sheet
Z7-26PV-O9LR2-0131,Z7-26PV-O9LR,B07J9JGZZV,Z7-26PV-O9LR2,,,,,0.0,GBP,available,2024-10-15,,,,,seed_from_orders_sheet
Z7-26PV-O9LR2-0132,Z7-26PV-O9LR,B07J9JGZZV,Z7-26PV-O9LR2,,,,,0.0,GBP,available,2024-10-15,,,,,seed_from_orders_sheet
Z7-26PV-O9LR2-0133,Z7-26PV-O9LR,B07J9JGZZV,Z7-26PV-O9LR2,,,,,0.0,GBP,available,2024-10-15,,,,,seed_from_orders_sheet
Z7-26PV-O9LR2-0134,Z7-26PV-O9LR,B07J9JGZZV,Z7-26PV-O9LR2,,,,,0.0,GBP,available,2024-10-15,,,,,seed_from_orders_sheet
Z7-26PV-O9LR2-0135,Z7-26PV-O9LR,B07J9JGZZV,Z7-26PV-O9LR2,,,,,0.0,GBP,available,2024-10-15,,,,,seed_from_orders_sheet
Z7-26PV-O9LR2-0136,Z7-26PV-O9LR,B07J9JGZZV,Z7-26PV-O9LR2,,,,,0.0,GBP,available,2024-10-15,,,,,seed_from_orders_sheet
Z7-26PV-O9LR2-0137,Z7-26PV-O9LR,B07J9JGZZV,Z7-26PV-O9LR2,,,,,0.0,GBP,available,2024-10-15,,,,,seed_from_orders_sheet
Z7-26PV-O9LR2-0138,Z7-26PV-O9LR,B07J9JGZZV,Z7-26PV-O9LR2,,,,,0.0,GBP,available,2024-10-15,,,,,seed_from_orders_sheet
Z7-26PV-O9LR2-0139,Z7-26PV-O9LR,B07J9JGZZV,Z7-26PV-O9LR2,,,,,0.0,GBP,available,2024-10-15,,,,,seed_from_orders_sheet
Z7-26PV-O9LR2-0140,Z7-26PV-O9LR,B07J9JGZZV,Z7-26PV-O9LR2,,,,,0.0,GBP,available,2024-10-15,,,,,seed_from_orders_sheet
Z7-26PV-O9LR2-0141,Z7-26PV-O9LR,B07J9JGZZV,Z7-26PV-O9LR2,,,,,0.0,GBP,available,2024-10-15,,,,,seed_from_orders_sheet
Z7-26PV-O9LR2-0142,Z7-26PV-O9LR,B07J9JGZZV,Z7-26PV-O9LR2,,,,,0.0,GBP,available,2024-10-15,,,,,seed_from_orders_sheet
Z7-26PV-O9LR2-0143,Z7-26PV-O9LR,B07J9JGZZV,Z7-26PV-O9LR2,,,,,0.0,GBP,available,2024-10-15,,,,,seed_from_orders_sheet
Z7-26PV-O9LR2-0144,Z7-26PV-O9LR,B07J9JGZZV,Z7-26PV-O9LR2,,,,,0.0,GBP,available,2024-10-15,,,,,seed_from_orders_sheet
Z7-26PV-O9LR2-0145,Z7-26PV-O9LR,B07J9JGZZV,Z7-26PV-O9LR2,,,,,0.0,GBP,available,2024-10-15,,,,,seed_from_orders_sheet
Z7-26PV-O9LR2-0146,Z7-26PV-O9LR,B07J9JGZZV,Z7-26PV-O9LR2,,,,,0.0,GBP,available,2024-10-15,,,,,seed_from_orders_sheet
Z7-26PV-O9LR2-0147,Z7-26PV-O9LR,B07J9JGZZV,Z7-26PV-O9LR2,,,,,0.0,GBP,available,2024-10-15,,,,,seed_from_orders_sheet
Z7-26PV-O9LR2-0148,Z7-26PV-O9LR,B07J9JGZZV,Z7-26PV-O9LR2,,,,,0.0,GBP,available,2024-10-15,,,,,seed_from_orders_sheet
Z7-26PV-O9LR2-0149,Z7-26PV-O9LR,B07J9JGZZV,Z7-26PV-O9LR2,,,,,0.0,GBP,available,2024-10-15,,,,,seed_from_orders_sheet
Z7-26PV-O9LR2-0150,Z7-26PV-O9LR,B07J9JGZZV,Z7-26PV-O9LR2,,,,,0.0,GBP,available,2024-10-15,,,,,seed_from_orders_sheet
Z7-26PV-O9LR2-0151,Z7-26PV-O9LR,B07J9JGZZV,Z7-26PV-O9LR2,,,,,0.0,GBP,available,2024-10-15,,,,,seed_from_orders_sheet
Z7-26PV-O9LR2-0152,Z7-26PV-O9LR,B07J9JGZZV,Z7-26PV-O9LR2,,,,,0.0,GBP,available,2024-10-15,,,,,seed_from_orders_sheet
Z7-26PV-O9LR2-0153,Z7-26PV-O9LR,B07J9JGZZV,Z7-26PV-O9LR2,,,,,0.0,GBP,available,2024-10-15,,,,,seed_from_orders_sheet
Z7-26PV-O9LR2-0154,Z7-26PV-O9LR,B07J9JGZZV,Z7-26PV-O9LR2,,,,,0.0,GBP,available,2024-10-15,,,,,seed_from_orders_sheet
Z7-26PV-O9LR2-0155,Z7-26PV-O9LR,B07J9JGZZV,Z7-26PV-O9LR2,,,,,0.0,GBP,available,2024-10-15,,,,,seed_from_orders_sheet
Z7-26PV-O9LR2-0156,Z7-26PV-O9LR,B07J9JGZZV,Z7-26PV-O9LR2,,,,,0.0,GBP,available,2024-10-15,,,,,seed_from_orders_sheet
Z7-26PV-O9LR2-0157,Z7-26PV-O9LR,B07J9JGZZV,Z7-26PV-O9LR2,,,,,0.0,GBP,available,2024-10-15,,,,,seed_from_orders_sheet
Z7-26PV-O9LR2-0158,Z7-26PV-O9LR,B07J9JGZZV,Z7-26PV-O9LR2,,,,,0.0,GBP,available,2024-10-15,,,,,seed_from_orders_sheet
Z7-26PV-O9LR2-0159,Z7-26PV-O9LR,B07J9JGZZV,Z7-26PV-O9LR2,,,,,0.0,GBP,available,2024-10-15,,,,,seed_from_orders_sheet
Z7-26PV-O9LR2-0160,Z7-26PV-O9LR,B07J9JGZZV,Z7-26PV-O9LR2,,,,,0.0,GBP,available,2024-10-15,,,,,seed_from_orders_sheet
Z7-26PV-O9LR2-0161,Z7-26PV-O9LR,B07J9JGZZV,Z7-26PV-O9LR2,,,,,0.0,GBP,available,2024-10-15,,,,,seed_from_orders_sheet
Z7-26PV-O9LR2-0162,Z7-26PV-O9LR,B07J9JGZZV,Z7-26PV-O9LR2,,,,,0.0,GBP,available,2024-10-15,,,,,seed_from_orders_sheet
Z7-26PV-O9LR2-0163,Z7-26PV-O9LR,B07J9JGZZV,Z7-26PV-O9LR2,,,,,0.0,GBP,available,2024-10-15,,,,,seed_from_orders_sheet
Z7-26PV-O9LR2-0164,Z7-26PV-O9LR,B07J9JGZZV,Z7-26PV-O9LR2,,,,,0.0,GBP,available,2024-10-15,,,,,seed_from_orders_sheet
Z7-26PV-O9LR2-0165,Z7-26PV-O9LR,B07J9JGZZV,Z7-26PV-O9LR2,,,,,0.0,GBP,available,2024-10-15,,,,,seed_from_orders_sheet
Z7-26PV-O9LR2-0166,Z7-26PV-O9LR,B07J9JGZZV,Z7-26PV-O9LR2,,,,,0.0,GBP,available,2024-10-15,,,,,seed_from_orders_sheet
Z7-26PV-O9LR2-0167,Z7-26PV-O9LR,B07J9JGZZV,Z7-26PV-O9LR2,,,,,0.0,GBP,available,2024-10-15,,,,,seed_from_orders_sheet
Z7-26PV-O9LR2-0168,Z7-26PV-O9LR,B07J9JGZZV,Z7-26PV-O9LR2,,,,,0.0,GBP,available,2024-10-15,,,,,seed_from_orders_sheet
Z7-26PV-O9LR2-0169,Z7-26PV-O9LR,B07J9JGZZV,Z7-26PV-O9LR2,,,,,0.0,GBP,available,2024-10-15,,,,,seed_from_orders_sheet
Z7-26PV-O9LR2-0170,Z7-26PV-O9LR,B07J9JGZZV,Z7-26PV-O9LR2,,,,,0.0,GBP,available,2024-10-15,,,,,seed_from_orders_sheet
Z7-26PV-O9LR2-0171,Z7-26PV-O9LR,B07J9JGZZV,Z7-26PV-O9LR2,,,,,0.0,GBP,available,2024-10-15,,,,,seed_from_orders_sheet
Z7-26PV-O9LR2-0172,Z7-26PV-O9LR,B07J9JGZZV,Z7-26PV-O9LR2,,,,,0.0,GBP,available,2024-10-15,,,,,seed_from_orders_sheet
Z7-26PV-O9LR2-0173,Z7-26PV-O9LR,B07J9JGZZV,Z7-26PV-O9LR2,,,,,0.0,GBP,available,2024-10-15,,,,,seed_from_orders_sheet
Z7-26PV-O9LR2-0174,Z7-26PV-O9LR,B07J9JGZZV,Z7-26PV-O9LR2,,,,,0.0,GBP,available,2024-10-15,,,,,seed_from_orders_sheet
Z7-26PV-O9LR2-0175,Z7-26PV-O9LR,B07J9JGZZV,Z7-26PV-O9LR2,,,,,0.0,GBP,available,2024-10-15,,,,,seed_from_orders_sheet
Z7-26PV-O9LR2-0176,Z7-26PV-O9LR,B07J9JGZZV,Z7-26PV-O9LR2,,,,,0.0,GBP,available,2024-10-15,,,,,seed_from_orders_sheet
Z7-26PV-O9LR2-0177,Z7-26PV-O9LR,B07J9JGZZV,Z7-26PV-O9LR2,,,,,0.0,GBP,available,2024-10-15,,,,,seed_from_orders_sheet
Z7-26PV-O9LR2-0178,Z7-26PV-O9LR,B07J9JGZZV,Z7-26PV-O9LR2,,,,,0.0,GBP,available,2024-10-15,,,,,seed_from_orders_sheet
Z7-26PV-O9LR2-0179,Z7-26PV-O9LR,B07J9JGZZV,Z7-26PV-O9LR2,,,,,0.0,GBP,available,2024-10-15,,,,,seed_from_orders_sheet
Z7-26PV-O9LR2-0180,Z7-26PV-O9LR,B07J9JGZZV,Z7-26PV-O9LR2,,,,,0.0,GBP,available,2024-10-15,,,,,seed_from_orders_sheet
Z7-26PV-O9LR3-0001,Z7-26PV-O9LR,B07J9JGZZV,Z7-26PV-O9LR3,,,,,0.0,GBP,available,2025-01-27,,,,,seed_from_orders_sheet
Z7-26PV-O9LR3-0002,Z7-26PV-O9LR,B07J9JGZZV,Z7-26PV-O9LR3,,,,,0.0,GBP,available,2025-01-27,,,,,seed_from_orders_sheet
Z7-26PV-O9LR3-0003,Z7-26PV-O9LR,B07J9JGZZV,Z7-26PV-O9LR3,,,,,0.0,GBP,available,2025-01-27,,,,,seed_from_orders_sheet
Z7-26PV-O9LR3-0004,Z7-26PV-O9LR,B07J9JGZZV,Z7-26PV-O9LR3,,,,,0.0,GBP,available,2025-01-27,,,,,seed_from_orders_sheet
Z7-26PV-O9LR3-0005,Z7-26PV-O9LR,B07J9JGZZV,Z7-26PV-O9LR3,,,,,0.0,GBP,available,2025-01-27,,,,,seed_from_orders_sheet
Z7-26PV-O9LR3-0006,Z7-26PV-O9LR,B07J9JGZZV,Z7-26PV-O9LR3,,,,,0.0,GBP,available,2025-01-27,,,,,seed_from_orders_sheet
Z7-26PV-O9LR3-0007,Z7-26PV-O9LR,B07J9JGZZV,Z7-26PV-O9LR3,,,,,0.0,GBP,available,2025-01-27,,,,,seed_from_orders_sheet
Z7-26PV-O9LR3-0008,Z7-26PV-O9LR,B07J9JGZZV,Z7-26PV-O9LR3,,,,,0.0,GBP,available,2025-01-27,,,,,seed_from_orders_sheet
Z7-26PV-O9LR3-0009,Z7-26PV-O9LR,B07J9JGZZV,Z7-26PV-O9LR3,,,,,0.0,GBP,available,2025-01-27,,,,,seed_from_orders_sheet
Z7-26PV-O9LR3-0010,Z7-26PV-O9LR,B07J9JGZZV,Z7-26PV-O9LR3,,,,,0.0,GBP,available,2025-01-27,,,,,seed_from_orders_sheet
Z7-26PV-O9LR3-0011,Z7-26PV-O9LR,B07J9JGZZV,Z7-26PV-O9LR3,,,,,0.0,GBP,available,2025-01-27,,,,,seed_from_orders_sheet
Z7-26PV-O9LR3-0012,Z7-26PV-O9LR,B07J9JGZZV,Z7-26PV-O9LR3,,,,,0.0,GBP,available,2025-01-27,,,,,seed_from_orders_sheet
Z7-26PV-O9LR3-0013,Z7-26PV-O9LR,B07J9JGZZV,Z7-26PV-O9LR3,,,,,0.0,GBP,available,2025-01-27,,,,,seed_from_orders_sheet
Z7-26PV-O9LR3-0014,Z7-26PV-O9LR,B07J9JGZZV,Z7-26PV-O9LR3,,,,,0.0,GBP,available,2025-01-27,,,,,seed_from_orders_sheet
Z7-26PV-O9LR3-0015,Z7-26PV-O9LR,B07J9JGZZV,Z7-26PV-O9LR3,,,,,0.0,GBP,available,2025-01-27,,,,,seed_from_orders_sheet
Z7-26PV-O9LR3-0016,Z7-26PV-O9LR,B07J9JGZZV,Z7-26PV-O9LR3,,,,,0.0,GBP,available,2025-01-27,,,,,seed_from_orders_sheet
Z7-26PV-O9LR3-0017,Z7-26PV-O9LR,B07J9JGZZV,Z7-26PV-O9LR3,,,,,0.0,GBP,available,2025-01-27,,,,,seed_from_orders_sheet
Z7-26PV-O9LR3-0018,Z7-26PV-O9LR,B07J9JGZZV,Z7-26PV-O9LR3,,,,,0.0,GBP,available,2025-01-27,,,,,seed_from_orders_sheet
Z7-26PV-O9LR3-0019,Z7-26PV-O9LR,B07J9JGZZV,Z7-26PV-O9LR3,,,,,0.0,GBP,available,2025-01-27,,,,,seed_from_orders_sheet
Z7-26PV-O9LR3-0020,Z7-26PV-O9LR,B07J9JGZZV,Z7-26PV-O9LR3,,,,,0.0,GBP,available,2025-01-27,,,,,seed_from_orders_sheet
Z7-26PV-O9LR3-0021,Z7-26PV-O9LR,B07J9JGZZV,Z7-26PV-O9LR3,,,,,0.0,GBP,available,2025-01-27,,,,,seed_from_orders_sheet
Z7-26PV-O9LR3-0022,Z7-26PV-O9LR,B07J9JGZZV,Z7-26PV-O9LR3,,,,,0.0,GBP,available,2025-01-27,,,,,seed_from_orders_sheet
Z7-26PV-O9LR3-0023,Z7-26PV-O9LR,B07J9JGZZV,Z7-26PV-O9LR3,,,,,0.0,GBP,available,2025-01-27,,,,,seed_from_orders_sheet
Z7-26PV-O9LR3-0024,Z7-26PV-O9LR,B07J9JGZZV,Z7-26PV-O9LR3,,,,,0.0,GBP,available,2025-01-27,,,,,seed_from_orders_sheet
Z7-26PV-O9LR3-0025,Z7-26PV-O9LR,B07J9JGZZV,Z7-26PV-O9LR3,,,,,0.0,GBP,available,2025-01-27,,,,,seed_from_orders_sheet
Z7-26PV-O9LR3-0026,Z7-26PV-O9LR,B07J9JGZZV,Z7-26PV-O9LR3,,,,,0.0,GBP,available,2025-01-27,,,,,seed_from_orders_sheet
Z7-26PV-O9LR3-0027,Z7-26PV-O9LR,B07J9JGZZV,Z7-26PV-O9LR3,,,,,0.0,GBP,available,2025-01-27,,,,,seed_from_orders_sheet
Z7-26PV-O9LR3-0028,Z7-26PV-O9LR,B07J9JGZZV,Z7-26PV-O9LR3,,,,,0.0,GBP,available,2025-01-27,,,,,seed_from_orders_sheet
Z7-26PV-O9LR3-0029,Z7-26PV-O9LR,B07J9JGZZV,Z7-26PV-O9LR3,,,,,0.0,GBP,available,2025-01-27,,,,,seed_from_orders_sheet
Z7-26PV-O9LR3-0030,Z7-26PV-O9LR,B07J9JGZZV,Z7-26PV-O9LR3,,,,,0.0,GBP,available,2025-01-27,,,,,seed_from_orders_sheet
Z7-26PV-O9LR3-0031,Z7-26PV-O9LR,B07J9JGZZV,Z7-26PV-O9LR3,,,,,0.0,GBP,available,2025-01-27,,,,,seed_from_orders_sheet
Z7-26PV-O9LR3-0032,Z7-26PV-O9LR,B07J9JGZZV,Z7-26PV-O9LR3,,,,,0.0,GBP,available,2025-01-27,,,,,seed_from_orders_sheet
Z7-26PV-O9LR3-0033,Z7-26PV-O9LR,B07J9JGZZV,Z7-26PV-O9LR3,,,,,0.0,GBP,available,2025-01-27,,,,,seed_from_orders_sheet
Z7-26PV-O9LR3-0034,Z7-26PV-O9LR,B07J9JGZZV,Z7-26PV-O9LR3,,,,,0.0,GBP,available,2025-01-27,,,,,seed_from_orders_sheet
Z7-26PV-O9LR3-0035,Z7-26PV-O9LR,B07J9JGZZV,Z7-26PV-O9LR3,,,,,0.0,GBP,available,2025-01-27,,,,,seed_from_orders_sheet
Z7-26PV-O9LR3-0036,Z7-26PV-O9LR,B07J9JGZZV,Z7-26PV-O9LR3,,,,,0.0,GBP,available,2025-01-27,,,,,seed_from_orders_sheet
Z7-26PV-O9LR3-0037,Z7-26PV-O9LR,B07J9JGZZV,Z7-26PV-O9LR3,,,,,0.0,GBP,available,2025-01-27,,,,,seed_from_orders_sheet
Z7-26PV-O9LR3-0038,Z7-26PV-O9LR,B07J9JGZZV,Z7-26PV-O9LR3,,,,,0.0,GBP,available,2025-01-27,,,,,seed_from_orders_sheet
Z7-26PV-O9LR3-0039,Z7-26PV-O9LR,B07J9JGZZV,Z7-26PV-O9LR3,,,,,0.0,GBP,available,2025-01-27,,,,,seed_from_orders_sheet
Z7-26PV-O9LR3-0040,Z7-26PV-O9LR,B07J9JGZZV,Z7-26PV-O9LR3,,,,,0.0,GBP,available,2025-01-27,,,,,seed_from_orders_sheet
Z7-26PV-O9LR3-0041,Z7-26PV-O9LR,B07J9JGZZV,Z7-26PV-O9LR3,,,,,0.0,GBP,available,2025-01-27,,,,,seed_from_orders_sheet
Z7-26PV-O9LR3-0042,Z7-26PV-O9LR,B07J9JGZZV,Z7-26PV-O9LR3,,,,,0.0,GBP,available,2025-01-27,,,,,seed_from_orders_sheet
Z7-26PV-O9LR3-0043,Z7-26PV-O9LR,B07J9JGZZV,Z7-26PV-O9LR3,,,,,0.0,GBP,available,2025-01-27,,,,,seed_from_orders_sheet
Z7-26PV-O9LR3-0044,Z7-26PV-O9LR,B07J9JGZZV,Z7-26PV-O9LR3,,,,,0.0,GBP,available,2025-01-27,,,,,seed_from_orders_sheet
Z7-26PV-O9LR3-0045,Z7-26PV-O9LR,B07J9JGZZV,Z7-26PV-O9LR3,,,,,0.0,GBP,available,2025-01-27,,,,,seed_from_orders_sheet
Z7-26PV-O9LR3-0046,Z7-26PV-O9LR,B07J9JGZZV,Z7-26PV-O9LR3,,,,,0.0,GBP,available,2025-01-27,,,,,seed_from_orders_sheet
Z7-26PV-O9LR3-0047,Z7-26PV-O9LR,B07J9JGZZV,Z7-26PV-O9LR3,,,,,0.0,GBP,available,2025-01-27,,,,,seed_from_orders_sheet
Z7-26PV-O9LR3-0048,Z7-26PV-O9LR,B07J9JGZZV,Z7-26PV-O9LR3,,,,,0.0,GBP,available,2025-01-27,,,,,seed_from_orders_sheet
Z7-26PV-O9LR3-0049,Z7-26PV-O9LR,B07J9JGZZV,Z7-26PV-O9LR3,,,,,0.0,GBP,available,2025-01-27,,,,,seed_from_orders_sheet
Z7-26PV-O9LR3-0050,Z7-26PV-O9LR,B07J9JGZZV,Z7-26PV-O9LR3,,,,,0.0,GBP,available,2025-01-27,,,,,seed_from_orders_sheet
Z7-26PV-O9LR3-0051,Z7-26PV-O9LR,B07J9JGZZV,Z7-26PV-O9LR3,,,,,0.0,GBP,available,2025-01-27,,,,,seed_from_orders_sheet
Z7-26PV-O9LR3-0052,Z7-26PV-O9LR,B07J9JGZZV,Z7-26PV-O9LR3,,,,,0.0,GBP,available,2025-01-27,,,,,seed_from_orders_sheet
Z7-26PV-O9LR3-0053,Z7-26PV-O9LR,B07J9JGZZV,Z7-26PV-O9LR3,,,,,0.0,GBP,available,2025-01-27,,,,,seed_from_orders_sheet
Z7-26PV-O9LR3-0054,Z7-26PV-O9LR,B07J9JGZZV,Z7-26PV-O9LR3,,,,,0.0,GBP,available,2025-01-27,,,,,seed_from_orders_sheet
Z7-26PV-O9LR3-0055,Z7-26PV-O9LR,B07J9JGZZV,Z7-26PV-O9LR3,,,,,0.0,GBP,available,2025-01-27,,,,,seed_from_orders_sheet
Z7-26PV-O9LR3-0056,Z7-26PV-O9LR,B07J9JGZZV,Z7-26PV-O9LR3,,,,,0.0,GBP,available,2025-01-27,,,,,seed_from_orders_sheet
Z7-26PV-O9LR3-0057,Z7-26PV-O9LR,B07J9JGZZV,Z7-26PV-O9LR3,,,,,0.0,GBP,available,2025-01-27,,,,,seed_from_orders_sheet
Z7-26PV-O9LR3-0058,Z7-26PV-O9LR,B07J9JGZZV,Z7-26PV-O9LR3,,,,,0.0,GBP,available,2025-01-27,,,,,seed_from_orders_sheet
Z7-26PV-O9LR3-0059,Z7-26PV-O9LR,B07J9JGZZV,Z7-26PV-O9LR3,,,,,0.0,GBP,available,2025-01-27,,,,,seed_from_orders_sheet
Z7-26PV-O9LR3-0060,Z7-26PV-O9LR,B07J9JGZZV,Z7-26PV-O9LR3,,,,,0.0,GBP,available,2025-01-27,,,,,seed_from_orders_sheet
Z7-26PV-O9LR3-0061,Z7-26PV-O9LR,B07J9JGZZV,Z7-26PV-O9LR3,,,,,0.0,GBP,available,2025-01-27,,,,,seed_from_orders_sheet
Z7-26PV-O9LR3-0062,Z7-26PV-O9LR,B07J9JGZZV,Z7-26PV-O9LR3,,,,,0.0,GBP,available,2025-01-27,,,,,seed_from_orders_sheet
Z7-26PV-O9LR3-0063,Z7-26PV-O9LR,B07J9JGZZV,Z7-26PV-O9LR3,,,,,0.0,GBP,available,2025-01-27,,,,,seed_from_orders_sheet
Z7-26PV-O9LR3-0064,Z7-26PV-O9LR,B07J9JGZZV,Z7-26PV-O9LR3,,,,,0.0,GBP,available,2025-01-27,,,,,seed_from_orders_sheet
Z7-26PV-O9LR3-0065,Z7-26PV-O9LR,B07J9JGZZV,Z7-26PV-O9LR3,,,,,0.0,GBP,available,2025-01-27,,,,,seed_from_orders_sheet
Z7-26PV-O9LR3-0066,Z7-26PV-O9LR,B07J9JGZZV,Z7-26PV-O9LR3,,,,,0.0,GBP,available,2025-01-27,,,,,seed_from_orders_sheet
Z7-26PV-O9LR3-0067,Z7-26PV-O9LR,B07J9JGZZV,Z7-26PV-O9LR3,,,,,0.0,GBP,available,2025-01-27,,,,,seed_from_orders_sheet
Z7-26PV-O9LR3-0068,Z7-26PV-O9LR,B07J9JGZZV,Z7-26PV-O9LR3,,,,,0.0,GBP,available,2025-01-27,,,,,seed_from_orders_sheet
Z7-26PV-O9LR3-0069,Z7-26PV-O9LR,B07J9JGZZV,Z7-26PV-O9LR3,,,,,0.0,GBP,available,2025-01-27,,,,,seed_from_orders_sheet
Z7-26PV-O9LR3-0070,Z7-26PV-O9LR,B07J9JGZZV,Z7-26PV-O9LR3,,,,,0.0,GBP,available,2025-01-27,,,,,seed_from_orders_sheet
Z7-26PV-O9LR3-0071,Z7-26PV-O9LR,B07J9JGZZV,Z7-26PV-O9LR3,,,,,0.0,GBP,available,2025-01-27,,,,,seed_from_orders_sheet
Z7-26PV-O9LR3-0072,Z7-26PV-O9LR,B07J9JGZZV,Z7-26PV-O9LR3,,,,,0.0,GBP,available,2025-01-27,,,,,seed_from_orders_sheet
Z7-26PV-O9LR3-0073,Z7-26PV-O9LR,B07J9JGZZV,Z7-26PV-O9LR3,,,,,0.0,GBP,available,2025-01-27,,,,,seed_from_orders_sheet
Z7-26PV-O9LR3-0074,Z7-26PV-O9LR,B07J9JGZZV,Z7-26PV-O9LR3,,,,,0.0,GBP,available,2025-01-27,,,,,seed_from_orders_sheet
Z7-26PV-O9LR3-0075,Z7-26PV-O9LR,B07J9JGZZV,Z7-26PV-O9LR3,,,,,0.0,GBP,available,2025-01-27,,,,,seed_from_orders_sheet
Z7-26PV-O9LR3-0076,Z7-26PV-O9LR,B07J9JGZZV,Z7-26PV-O9LR3,,,,,0.0,GBP,available,2025-01-27,,,,,seed_from_orders_sheet
Z7-26PV-O9LR3-0077,Z7-26PV-O9LR,B07J9JGZZV,Z7-26PV-O9LR3,,,,,0.0,GBP,available,2025-01-27,,,,,seed_from_orders_sheet
Z7-26PV-O9LR3-0078,Z7-26PV-O9LR,B07J9JGZZV,Z7-26PV-O9LR3,,,,,0.0,GBP,available,2025-01-27,,,,,seed_from_orders_sheet
Z7-26PV-O9LR3-0079,Z7-26PV-O9LR,B07J9JGZZV,Z7-26PV-O9LR3,,,,,0.0,GBP,available,2025-01-27,,,,,seed_from_orders_sheet
Z7-26PV-O9LR3-0080,Z7-26PV-O9LR,B07J9JGZZV,Z7-26PV-O9LR3,,,,,0.0,GBP,available,2025-01-27,,,,,seed_from_orders_sheet
Z7-26PV-O9LR3-0081,Z7-26PV-O9LR,B07J9JGZZV,Z7-26PV-O9LR3,,,,,0.0,GBP,available,2025-01-27,,,,,seed_from_orders_sheet
Z7-26PV-O9LR3-0082,Z7-26PV-O9LR,B07J9JGZZV,Z7-26PV-O9LR3,,,,,0.0,GBP,available,2025-01-27,,,,,seed_from_orders_sheet
Z7-26PV-O9LR3-0083,Z7-26PV-O9LR,B07J9JGZZV,Z7-26PV-O9LR3,,,,,0.0,GBP,available,2025-01-27,,,,,seed_from_orders_sheet
Z7-26PV-O9LR3-0084,Z7-26PV-O9LR,B07J9JGZZV,Z7-26PV-O9LR3,,,,,0.0,GBP,available,2025-01-27,,,,,seed_from_orders_sheet
Z7-26PV-O9LR3-0085,Z7-26PV-O9LR,B07J9JGZZV,Z7-26PV-O9LR3,,,,,0.0,GBP,available,2025-01-27,,,,,seed_from_orders_sheet
Z7-26PV-O9LR3-0086,Z7-26PV-O9LR,B07J9JGZZV,Z7-26PV-O9LR3,,,,,0.0,GBP,available,2025-01-27,,,,,seed_from_orders_sheet
Z7-26PV-O9LR3-0087,Z7-26PV-O9LR,B07J9JGZZV,Z7-26PV-O9LR3,,,,,0.0,GBP,available,2025-01-27,,,,,seed_from_orders_sheet
Z7-26PV-O9LR3-0088,Z7-26PV-O9LR,B07J9JGZZV,Z7-26PV-O9LR3,,,,,0.0,GBP,available,2025-01-27,,,,,seed_from_orders_sheet
Z7-26PV-O9LR3-0089,Z7-26PV-O9LR,B07J9JGZZV,Z7-26PV-O9LR3,,,,,0.0,GBP,available,2025-01-27,,,,,seed_from_orders_sheet
Z7-26PV-O9LR3-0090,Z7-26PV-O9LR,B07J9JGZZV,Z7-26PV-O9LR3,,,,,0.0,GBP,available,2025-01-27,,,,,seed_from_orders_sheet
Z7-26PV-O9LR3-0091,Z7-26PV-O9LR,B07J9JGZZV,Z7-26PV-O9LR3,,,,,0.0,GBP,available,2025-01-27,,,,,seed_from_orders_sheet
Z7-26PV-O9LR3-0092,Z7-26PV-O9LR,B07J9JGZZV,Z7-26PV-O9LR3,,,,,0.0,GBP,available,2025-01-27,,,,,seed_from_orders_sheet
Z7-26PV-O9LR3-0093,Z7-26PV-O9LR,B07J9JGZZV,Z7-26PV-O9LR3,,,,,0.0,GBP,available,2025-01-27,,,,,seed_from_orders_sheet
Z7-26PV-O9LR3-0094,Z7-26PV-O9LR,B07J9JGZZV,Z7-26PV-O9LR3,,,,,0.0,GBP,available,2025-01-27,,,,,seed_from_orders_sheet
Z7-26PV-O9LR3-0095,Z7-26PV-O9LR,B07J9JGZZV,Z7-26PV-O9LR3,,,,,0.0,GBP,available,2025-01-27,,,,,seed_from_orders_sheet
Z7-26PV-O9LR3-0096,Z7-26PV-O9LR,B07J9JGZZV,Z7-26PV-O9LR3,,,,,0.0,GBP,available,2025-01-27,,,,,seed_from_orders_sheet
Z7-26PV-O9LR3-0097,Z7-26PV-O9LR,B07J9JGZZV,Z7-26PV-O9LR3,,,,,0.0,GBP,available,2025-01-27,,,,,seed_from_orders_sheet
Z7-26PV-O9LR3-0098,Z7-26PV-O9LR,B07J9JGZZV,Z7-26PV-O9LR3,,,,,0.0,GBP,available,2025-01-27,,,,,seed_from_orders_sheet
Z7-26PV-O9LR3-0099,Z7-26PV-O9LR,B07J9JGZZV,Z7-26PV-O9LR3,,,,,0.0,GBP,available,2025-01-27,,,,,seed_from_orders_sheet
Z7-26PV-O9LR3-0100,Z7-26PV-O9LR,B07J9JGZZV,Z7-26PV-O9LR3,,,,,0.0,GBP,available,2025-01-27,,,,,seed_from_orders_sheet
Z7-26PV-O9LR3-0101,Z7-26PV-O9LR,B07J9JGZZV,Z7-26PV-O9LR3,,,,,0.0,GBP,available,2025-01-27,,,,,seed_from_orders_sheet
Z7-26PV-O9LR3-0102,Z7-26PV-O9LR,B07J9JGZZV,Z7-26PV-O9LR3,,,,,0.0,GBP,available,2025-01-27,,,,,seed_from_orders_sheet
Z7-26PV-O9LR3-0103,Z7-26PV-O9LR,B07J9JGZZV,Z7-26PV-O9LR3,,,,,0.0,GBP,available,2025-01-27,,,,,seed_from_orders_sheet
Z7-26PV-O9LR3-0104,Z7-26PV-O9LR,B07J9JGZZV,Z7-26PV-O9LR3,,,,,0.0,GBP,available,2025-01-27,,,,,seed_from_orders_sheet
Z7-26PV-O9LR3-0105,Z7-26PV-O9LR,B07J9JGZZV,Z7-26PV-O9LR3,,,,,0.0,GBP,available,2025-01-27,,,,,seed_from_orders_sheet
Z7-26PV-O9LR3-0106,Z7-26PV-O9LR,B07J9JGZZV,Z7-26PV-O9LR3,,,,,0.0,GBP,available,2025-01-27,,,,,seed_from_orders_sheet
Z7-26PV-O9LR3-0107,Z7-26PV-O9LR,B07J9JGZZV,Z7-26PV-O9LR3,,,,,0.0,GBP,available,2025-01-27,,,,,seed_from_orders_sheet
Z7-26PV-O9LR3-0108,Z7-26PV-O9LR,B07J9JGZZV,Z7-26PV-O9LR3,,,,,0.0,GBP,available,2025-01-27,,,,,seed_from_orders_sheet
Z7-26PV-O9LR3-0109,Z7-26PV-O9LR,B07J9JGZZV,Z7-26PV-O9LR3,,,,,0.0,GBP,available,2025-01-27,,,,,seed_from_orders_sheet
Z7-26PV-O9LR3-0110,Z7-26PV-O9LR,B07J9JGZZV,Z7-26PV-O9LR3,,,,,0.0,GBP,available,2025-01-27,,,,,seed_from_orders_sheet
Z7-26PV-O9LR3-0111,Z7-26PV-O9LR,B07J9JGZZV,Z7-26PV-O9LR3,,,,,0.0,GBP,available,2025-01-27,,,,,seed_from_orders_sheet
Z7-26PV-O9LR3-0112,Z7-26PV-O9LR,B07J9JGZZV,Z7-26PV-O9LR3,,,,,0.0,GBP,available,2025-01-27,,,,,seed_from_orders_sheet
Z7-26PV-O9LR3-0113,Z7-26PV-O9LR,B07J9JGZZV,Z7-26PV-O9LR3,,,,,0.0,GBP,available,2025-01-27,,,,,seed_from_orders_sheet
Z7-26PV-O9LR3-0114,Z7-26PV-O9LR,B07J9JGZZV,Z7-26PV-O9LR3,,,,,0.0,GBP,available,2025-01-27,,,,,seed_from_orders_sheet
Z7-26PV-O9LR3-0115,Z7-26PV-O9LR,B07J9JGZZV,Z7-26PV-O9LR3,,,,,0.0,GBP,available,2025-01-27,,,,,seed_from_orders_sheet
Z7-26PV-O9LR3-0116,Z7-26PV-O9LR,B07J9JGZZV,Z7-26PV-O9LR3,,,,,0.0,GBP,available,2025-01-27,,,,,seed_from_orders_sheet
Z7-26PV-O9LR3-0117,Z7-26PV-O9LR,B07J9JGZZV,Z7-26PV-O9LR3,,,,,0.0,GBP,available,2025-01-27,,,,,seed_from_orders_sheet
Z7-26PV-O9LR3-0118,Z7-26PV-O9LR,B07J9JGZZV,Z7-26PV-O9LR3,,,,,0.0,GBP,available,2025-01-27,,,,,seed_from_orders_sheet
Z7-26PV-O9LR3-0119,Z7-26PV-O9LR,B07J9JGZZV,Z7-26PV-O9LR3,,,,,0.0,GBP,available,2025-01-27,,,,,seed_from_orders_sheet
Z7-26PV-O9LR3-0120,Z7-26PV-O9LR,B07J9JGZZV,Z7-26PV-O9LR3,,,,,0.0,GBP,available,2025-01-27,,,,,seed_from_orders_sheet
Z7-26PV-O9LR4-0001,Z7-26PV-O9LR,B07J9JGZZV,Z7-26PV-O9LR4,,,,,0.0,GBP,available,2025-02-24,,,,,seed_from_orders_sheet
Z7-26PV-O9LR4-0002,Z7-26PV-O9LR,B07J9JGZZV,Z7-26PV-O9LR4,,,,,0.0,GBP,available,2025-02-24,,,,,seed_from_orders_sheet
Z7-26PV-O9LR4-0003,Z7-26PV-O9LR,B07J9JGZZV,Z7-26PV-O9LR4,,,,,0.0,GBP,available,2025-02-24,,,,,seed_from_orders_sheet
Z7-26PV-O9LR4-0004,Z7-26PV-O9LR,B07J9JGZZV,Z7-26PV-O9LR4,,,,,0.0,GBP,available,2025-02-24,,,,,seed_from_orders_sheet
Z7-26PV-O9LR4-0005,Z7-26PV-O9LR,B07J9JGZZV,Z7-26PV-O9LR4,,,,,0.0,GBP,available,2025-02-24,,,,,seed_from_orders_sheet
Z7-26PV-O9LR4-0006,Z7-26PV-O9LR,B07J9JGZZV,Z7-26PV-O9LR4,,,,,0.0,GBP,available,2025-02-24,,,,,seed_from_orders_sheet
Z7-26PV-O9LR4-0007,Z7-26PV-O9LR,B07J9JGZZV,Z7-26PV-O9LR4,,,,,0.0,GBP,available,2025-02-24,,,,,seed_from_orders_sheet
Z7-26PV-O9LR4-0008,Z7-26PV-O9LR,B07J9JGZZV,Z7-26PV-O9LR4,,,,,0.0,GBP,available,2025-02-24,,,,,seed_from_orders_sheet
Z7-26PV-O9LR4-0009,Z7-26PV-O9LR,B07J9JGZZV,Z7-26PV-O9LR4,,,,,0.0,GBP,available,2025-02-24,,,,,seed_from_orders_sheet
Z7-26PV-O9LR4-0010,Z7-26PV-O9LR,B07J9JGZZV,Z7-26PV-O9LR4,,,,,0.0,GBP,available,2025-02-24,,,,,seed_from_orders_sheet
Z7-26PV-O9LR4-0011,Z7-26PV-O9LR,B07J9JGZZV,Z7-26PV-O9LR4,,,,,0.0,GBP,available,2025-02-24,,,,,seed_from_orders_sheet
Z7-26PV-O9LR4-0012,Z7-26PV-O9LR,B07J9JGZZV,Z7-26PV-O9LR4,,,,,0.0,GBP,available,2025-02-24,,,,,seed_from_orders_sheet
Z7-26PV-O9LR4-0013,Z7-26PV-O9LR,B07J9JGZZV,Z7-26PV-O9LR4,,,,,0.0,GBP,available,2025-02-24,,,,,seed_from_orders_sheet
Z7-26PV-O9LR4-0014,Z7-26PV-O9LR,B07J9JGZZV,Z7-26PV-O9LR4,,,,,0.0,GBP,available,2025-02-24,,,,,seed_from_orders_sheet
Z7-26PV-O9LR4-0015,Z7-26PV-O9LR,B07J9JGZZV,Z7-26PV-O9LR4,,,,,0.0,GBP,available,2025-02-24,,,,,seed_from_orders_sheet
Z7-26PV-O9LR4-0016,Z7-26PV-O9LR,B07J9JGZZV,Z7-26PV-O9LR4,,,,,0.0,GBP,available,2025-02-24,,,,,seed_from_orders_sheet
Z7-26PV-O9LR4-0017,Z7-26PV-O9LR,B07J9JGZZV,Z7-26PV-O9LR4,,,,,0.0,GBP,available,2025-02-24,,,,,seed_from_orders_sheet
Z7-26PV-O9LR4-0018,Z7-26PV-O9LR,B07J9JGZZV,Z7-26PV-O9LR4,,,,,0.0,GBP,available,2025-02-24,,,,,seed_from_orders_sheet
Z7-26PV-O9LR4-0019,Z7-26PV-O9LR,B07J9JGZZV,Z7-26PV-O9LR4,,,,,0.0,GBP,available,2025-02-24,,,,,seed_from_orders_sheet
Z7-26PV-O9LR4-0020,Z7-26PV-O9LR,B07J9JGZZV,Z7-26PV-O9LR4,,,,,0.0,GBP,available,2025-02-24,,,,,seed_from_orders_sheet
Z7-26PV-O9LR4-0021,Z7-26PV-O9LR,B07J9JGZZV,Z7-26PV-O9LR4,,,,,0.0,GBP,available,2025-02-24,,,,,seed_from_orders_sheet
Z7-26PV-O9LR4-0022,Z7-26PV-O9LR,B07J9JGZZV,Z7-26PV-O9LR4,,,,,0.0,GBP,available,2025-02-24,,,,,seed_from_orders_sheet
Z7-26PV-O9LR4-0023,Z7-26PV-O9LR,B07J9JGZZV,Z7-26PV-O9LR4,,,,,0.0,GBP,available,2025-02-24,,,,,seed_from_orders_sheet
Z7-26PV-O9LR4-0024,Z7-26PV-O9LR,B07J9JGZZV,Z7-26PV-O9LR4,,,,,0.0,GBP,available,2025-02-24,,,,,seed_from_orders_sheet
Z7-26PV-O9LR4-0025,Z7-26PV-O9LR,B07J9JGZZV,Z7-26PV-O9LR4,,,,,0.0,GBP,available,2025-02-24,,,,,seed_from_orders_sheet
Z7-26PV-O9LR4-0026,Z7-26PV-O9LR,B07J9JGZZV,Z7-26PV-O9LR4,,,,,0.0,GBP,available,2025-02-24,,,,,seed_from_orders_sheet
Z7-26PV-O9LR4-0027,Z7-26PV-O9LR,B07J9JGZZV,Z7-26PV-O9LR4,,,,,0.0,GBP,available,2025-02-24,,,,,seed_from_orders_sheet
Z7-26PV-O9LR4-0028,Z7-26PV-O9LR,B07J9JGZZV,Z7-26PV-O9LR4,,,,,0.0,GBP,available,2025-02-24,,,,,seed_from_orders_sheet
Z7-26PV-O9LR4-0029,Z7-26PV-O9LR,B07J9JGZZV,Z7-26PV-O9LR4,,,,,0.0,GBP,available,2025-02-24,,,,,seed_from_orders_sheet
Z7-26PV-O9LR4-0030,Z7-26PV-O9LR,B07J9JGZZV,Z7-26PV-O9LR4,,,,,0.0,GBP,available,2025-02-24,,,,,seed_from_orders_sheet
Z7-26PV-O9LR4-0031,Z7-26PV-O9LR,B07J9JGZZV,Z7-26PV-O9LR4,,,,,0.0,GBP,available,2025-02-24,,,,,seed_from_orders_sheet
Z7-26PV-O9LR4-0032,Z7-26PV-O9LR,B07J9JGZZV,Z7-26PV-O9LR4,,,,,0.0,GBP,available,2025-02-24,,,,,seed_from_orders_sheet
Z7-26PV-O9LR4-0033,Z7-26PV-O9LR,B07J9JGZZV,Z7-26PV-O9LR4,,,,,0.0,GBP,available,2025-02-24,,,,,seed_from_orders_sheet
Z7-26PV-O9LR4-0034,Z7-26PV-O9LR,B07J9JGZZV,Z7-26PV-O9LR4,,,,,0.0,GBP,available,2025-02-24,,,,,seed_from_orders_sheet
Z7-26PV-O9LR4-0035,Z7-26PV-O9LR,B07J9JGZZV,Z7-26PV-O9LR4,,,,,0.0,GBP,available,2025-02-24,,,,,seed_from_orders_sheet
Z7-26PV-O9LR4-0036,Z7-26PV-O9LR,B07J9JGZZV,Z7-26PV-O9LR4,,,,,0.0,GBP,available,2025-02-24,,,,,seed_from_orders_sheet
Z7-26PV-O9LR4-0037,Z7-26PV-O9LR,B07J9JGZZV,Z7-26PV-O9LR4,,,,,0.0,GBP,available,2025-02-24,,,,,seed_from_orders_sheet
Z7-26PV-O9LR4-0038,Z7-26PV-O9LR,B07J9JGZZV,Z7-26PV-O9LR4,,,,,0.0,GBP,available,2025-02-24,,,,,seed_from_orders_sheet
Z7-26PV-O9LR4-0039,Z7-26PV-O9LR,B07J9JGZZV,Z7-26PV-O9LR4,,,,,0.0,GBP,available,2025-02-24,,,,,seed_from_orders_sheet
Z7-26PV-O9LR4-0040,Z7-26PV-O9LR,B07J9JGZZV,Z7-26PV-O9LR4,,,,,0.0,GBP,available,2025-02-24,,,,,seed_from_orders_sheet
Z7-26PV-O9LR4-0041,Z7-26PV-O9LR,B07J9JGZZV,Z7-26PV-O9LR4,,,,,0.0,GBP,available,2025-02-24,,,,,seed_from_orders_sheet
Z7-26PV-O9LR4-0042,Z7-26PV-O9LR,B07J9JGZZV,Z7-26PV-O9LR4,,,,,0.0,GBP,available,2025-02-24,,,,,seed_from_orders_sheet
Z7-26PV-O9LR4-0043,Z7-26PV-O9LR,B07J9JGZZV,Z7-26PV-O9LR4,,,,,0.0,GBP,available,2025-02-24,,,,,seed_from_orders_sheet
Z7-26PV-O9LR4-0044,Z7-26PV-O9LR,B07J9JGZZV,Z7-26PV-O9LR4,,,,,0.0,GBP,available,2025-02-24,,,,,seed_from_orders_sheet
Z7-26PV-O9LR4-0045,Z7-26PV-O9LR,B07J9JGZZV,Z7-26PV-O9LR4,,,,,0.0,GBP,available,2025-02-24,,,,,seed_from_orders_sheet
Z7-26PV-O9LR4-0046,Z7-26PV-O9LR,B07J9JGZZV,Z7-26PV-O9LR4,,,,,0.0,GBP,available,2025-02-24,,,,,seed_from_orders_sheet
Z7-26PV-O9LR4-0047,Z7-26PV-O9LR,B07J9JGZZV,Z7-26PV-O9LR4,,,,,0.0,GBP,available,2025-02-24,,,,,seed_from_orders_sheet
Z7-26PV-O9LR4-0048,Z7-26PV-O9LR,B07J9JGZZV,Z7-26PV-O9LR4,,,,,0.0,GBP,available,2025-02-24,,,,,seed_from_orders_sheet
Z7-26PV-O9LR4-0049,Z7-26PV-O9LR,B07J9JGZZV,Z7-26PV-O9LR4,,,,,0.0,GBP,available,2025-02-24,,,,,seed_from_orders_sheet
Z7-26PV-O9LR4-0050,Z7-26PV-O9LR,B07J9JGZZV,Z7-26PV-O9LR4,,,,,0.0,GBP,available,2025-02-24,,,,,seed_from_orders_sheet
Z7-26PV-O9LR-2025-05-30-row729-0001,Z7-26PV-O9LR,B07J9JGZZV,Z7-26PV-O9LR-2025-05-30-row729,,,,,0.0,GBP,available,2025-05-30,,,,,seed_from_orders_sheet
Z7-26PV-O9LR-2025-05-30-row729-0002,Z7-26PV-O9LR,B07J9JGZZV,Z7-26PV-O9LR-2025-05-30-row729,,,,,0.0,GBP,available,2025-05-30,,,,,seed_from_orders_sheet
Z7-26PV-O9LR-2025-05-30-row729-0003,Z7-26PV-O9LR,B07J9JGZZV,Z7-26PV-O9LR-2025-05-30-row729,,,,,0.0,GBP,available,2025-05-30,,,,,seed_from_orders_sheet
Z7-26PV-O9LR-2025-05-30-row729-0004,Z7-26PV-O9LR,B07J9JGZZV,Z7-26PV-O9LR-2025-05-30-row729,,,,,0.0,GBP,available,2025-05-30,,,,,seed_from_orders_sheet
Z7-26PV-O9LR-2025-05-30-row729-0005,Z7-26PV-O9LR,B07J9JGZZV,Z7-26PV-O9LR-2025-05-30-row729,,,,,0.0,GBP,available,2025-05-30,,,,,seed_from_orders_sheet
Z7-26PV-O9LR-2025-05-30-row729-0006,Z7-26PV-O9LR,B07J9JGZZV,Z7-26PV-O9LR-2025-05-30-row729,,,,,0.0,GBP,available,2025-05-30,,,,,seed_from_orders_sheet
Z7-26PV-O9LR-2025-05-30-row729-0007,Z7-26PV-O9LR,B07J9JGZZV,Z7-26PV-O9LR-2025-05-30-row729,,,,,0.0,GBP,available,2025-05-30,,,,,seed_from_orders_sheet
Z7-26PV-O9LR-2025-05-30-row729-0008,Z7-26PV-O9LR,B07J9JGZZV,Z7-26PV-O9LR-2025-05-30-row729,,,,,0.0,GBP,available,2025-05-30,,,,,seed_from_orders_sheet
Z7-26PV-O9LR-2025-05-30-row729-0009,Z7-26PV-O9LR,B07J9JGZZV,Z7-26PV-O9LR-2025-05-30-row729,,,,,0.0,GBP,available,2025-05-30,,,,,seed_from_orders_sheet
Z7-26PV-O9LR-2025-05-30-row729-0010,Z7-26PV-O9LR,B07J9JGZZV,Z7-26PV-O9LR-2025-05-30-row729,,,,,0.0,GBP,available,2025-05-30,,,,,seed_from_orders_sheet
Z7-26PV-O9LR-2025-05-30-row729-0011,Z7-26PV-O9LR,B07J9JGZZV,Z7-26PV-O9LR-2025-05-30-row729,,,,,0.0,GBP,available,2025-05-30,,,,,seed_from_orders_sheet
Z7-26PV-O9LR-2025-05-30-row729-0012,Z7-26PV-O9LR,B07J9JGZZV,Z7-26PV-O9LR-2025-05-30-row729,,,,,0.0,GBP,available,2025-05-30,,,,,seed_from_orders_sheet
Z7-26PV-O9LR-2025-05-30-row729-0013,Z7-26PV-O9LR,B07J9JGZZV,Z7-26PV-O9LR-2025-05-30-row729,,,,,0.0,GBP,available,2025-05-30,,,,,seed_from_orders_sheet
Z7-26PV-O9LR-2025-05-30-row729-0014,Z7-26PV-O9LR,B07J9JGZZV,Z7-26PV-O9LR-2025-05-30-row729,,,,,0.0,GBP,available,2025-05-30,,,,,seed_from_orders_sheet
Z7-26PV-O9LR-2025-05-30-row729-0015,Z7-26PV-O9LR,B07J9JGZZV,Z7-26PV-O9LR-2025-05-30-row729,,,,,0.0,GBP,available,2025-05-30,,,,,seed_from_orders_sheet
Z7-26PV-O9LR-2025-05-30-row729-0016,Z7-26PV-O9LR,B07J9JGZZV,Z7-26PV-O9LR-2025-05-30-row729,,,,,0.0,GBP,available,2025-05-30,,,,,seed_from_orders_sheet
Z7-26PV-O9LR-2025-05-30-row729-0017,Z7-26PV-O9LR,B07J9JGZZV,Z7-26PV-O9LR-2025-05-30-row729,,,,,0.0,GBP,available,2025-05-30,,,,,seed_from_orders_sheet
Z7-26PV-O9LR-2025-05-30-row729-0018,Z7-26PV-O9LR,B07J9JGZZV,Z7-26PV-O9LR-2025-05-30-row729,,,,,0.0,GBP,available,2025-05-30,,,,,seed_from_orders_sheet
Z7-26PV-O9LR-2025-05-30-row729-0019,Z7-26PV-O9LR,B07J9JGZZV,Z7-26PV-O9LR-2025-05-30-row729,,,,,0.0,GBP,available,2025-05-30,,,,,seed_from_orders_sheet
Z7-26PV-O9LR-2025-05-30-row729-0020,Z7-26PV-O9LR,B07J9JGZZV,Z7-26PV-O9LR-2025-05-30-row729,,,,,0.0,GBP,available,2025-05-30,,,,,seed_from_orders_sheet
Z7-26PV-O9LR-2025-05-30-row729-0021,Z7-26PV-O9LR,B07J9JGZZV,Z7-26PV-O9LR-2025-05-30-row729,,,,,0.0,GBP,available,2025-05-30,,,,,seed_from_orders_sheet
Z7-26PV-O9LR-2025-05-30-row729-0022,Z7-26PV-O9LR,B07J9JGZZV,Z7-26PV-O9LR-2025-05-30-row729,,,,,0.0,GBP,available,2025-05-30,,,,,seed_from_orders_sheet
Z7-26PV-O9LR-2025-05-30-row729-0023,Z7-26PV-O9LR,B07J9JGZZV,Z7-26PV-O9LR-2025-05-30-row729,,,,,0.0,GBP,available,2025-05-30,,,,,seed_from_orders_sheet
Z7-26PV-O9LR-2025-05-30-row729-0024,Z7-26PV-O9LR,B07J9JGZZV,Z7-26PV-O9LR-2025-05-30-row729,,,,,0.0,GBP,available,2025-05-30,,,,,seed_from_orders_sheet
Z7-26PV-O9LR-2025-05-30-row729-0025,Z7-26PV-O9LR,B07J9JGZZV,Z7-26PV-O9LR-2025-05-30-row729,,,,,0.0,GBP,available,2025-05-30,,,,,seed_from_orders_sheet
Z7-26PV-O9LR-2025-05-30-row729-0026,Z7-26PV-O9LR,B07J9JGZZV,Z7-26PV-O9LR-2025-05-30-row729,,,,,0.0,GBP,available,2025-05-30,,,,,seed_from_orders_sheet
Z7-26PV-O9LR-2025-05-30-row729-0027,Z7-26PV-O9LR,B07J9JGZZV,Z7-26PV-O9LR-2025-05-30-row729,,,,,0.0,GBP,available,2025-05-30,,,,,seed_from_orders_sheet
Z7-26PV-O9LR-2025-05-30-row729-0028,Z7-26PV-O9LR,B07J9JGZZV,Z7-26PV-O9LR-2025-05-30-row729,,,,,0.0,GBP,available,2025-05-30,,,,,seed_from_orders_sheet
Z7-26PV-O9LR-2025-05-30-row729-0029,Z7-26PV-O9LR,B07J9JGZZV,Z7-26PV-O9LR-2025-05-30-row729,,,,,0.0,GBP,available,2025-05-30,,,,,seed_from_orders_sheet
Z7-26PV-O9LR-2025-05-30-row729-0030,Z7-26PV-O9LR,B07J9JGZZV,Z7-26PV-O9LR-2025-05-30-row729,,,,,0.0,GBP,available,2025-05-30,,,,,seed_from_orders_sheet
Z7-26PV-O9LR-2025-05-30-row729-0031,Z7-26PV-O9LR,B07J9JGZZV,Z7-26PV-O9LR-2025-05-30-row729,,,,,0.0,GBP,available,2025-05-30,,,,,seed_from_orders_sheet
Z7-26PV-O9LR-2025-05-30-row729-0032,Z7-26PV-O9LR,B07J9JGZZV,Z7-26PV-O9LR-2025-05-30-row729,,,,,0.0,GBP,available,2025-05-30,,,,,seed_from_orders_sheet
Z7-26PV-O9LR-2025-05-30-row729-0033,Z7-26PV-O9LR,B07J9JGZZV,Z7-26PV-O9LR-2025-05-30-row729,,,,,0.0,GBP,available,2025-05-30,,,,,seed_from_orders_sheet
Z7-26PV-O9LR-2025-05-30-row729-0034,Z7-26PV-O9LR,B07J9JGZZV,Z7-26PV-O9LR-2025-05-30-row729,,,,,0.0,GBP,available,2025-05-30,,,,,seed_from_orders_sheet
Z7-26PV-O9LR-2025-05-30-row729-0035,Z7-26PV-O9LR,B07J9JGZZV,Z7-26PV-O9LR-2025-05-30-row729,,,,,0.0,GBP,available,2025-05-30,,,,,seed_from_orders_sheet
Z7-26PV-O9LR-2025-05-30-row729-0036,Z7-26PV-O9LR,B07J9JGZZV,Z7-26PV-O9LR-2025-05-30-row729,,,,,0.0,GBP,available,2025-05-30,,,,,seed_from_orders_sheet
Z7-26PV-O9LR-2025-05-30-row729-0037,Z7-26PV-O9LR,B07J9JGZZV,Z7-26PV-O9LR-2025-05-30-row729,,,,,0.0,GBP,available,2025-05-30,,,,,seed_from_orders_sheet
Z7-26PV-O9LR-2025-05-30-row729-0038,Z7-26PV-O9LR,B07J9JGZZV,Z7-26PV-O9LR-2025-05-30-row729,,,,,0.0,GBP,available,2025-05-30,,,,,seed_from_orders_sheet
Z7-26PV-O9LR-2025-05-30-row729-0039,Z7-26PV-O9LR,B07J9JGZZV,Z7-26PV-O9LR-2025-05-30-row729,,,,,0.0,GBP,available,2025-05-30,,,,,seed_from_orders_sheet
Z7-26PV-O9LR-2025-05-30-row729-0040,Z7-26PV-O9LR,B07J9JGZZV,Z7-26PV-O9LR-2025-05-30-row729,,,,,0.0,GBP,available,2025-05-30,,,,,seed_from_orders_sheet
Z7-26PV-O9LR-2025-05-30-row729-0041,Z7-26PV-O9LR,B07J9JGZZV,Z7-26PV-O9LR-2025-05-30-row729,,,,,0.0,GBP,available,2025-05-30,,,,,seed_from_orders_sheet
Z7-26PV-O9LR-2025-05-30-row729-0042,Z7-26PV-O9LR,B07J9JGZZV,Z7-26PV-O9LR-2025-05-30-row729,,,,,0.0,GBP,available,2025-05-30,,,,,seed_from_orders_sheet
Z7-26PV-O9LR-2025-05-30-row729-0043,Z7-26PV-O9LR,B07J9JGZZV,Z7-26PV-O9LR-2025-05-30-row729,,,,,0.0,GBP,available,2025-05-30,,,,,seed_from_orders_sheet
Z7-26PV-O9LR-2025-05-30-row729-0044,Z7-26PV-O9LR,B07J9JGZZV,Z7-26PV-O9LR-2025-05-30-row729,,,,,0.0,GBP,available,2025-05-30,,,,,seed_from_orders_sheet
Z7-26PV-O9LR-2025-05-30-row729-0045,Z7-26PV-O9LR,B07J9JGZZV,Z7-26PV-O9LR-2025-05-30-row729,,,,,0.0,GBP,available,2025-05-30,,,,,seed_from_orders_sheet
Z7-26PV-O9LR-2025-05-30-row729-0046,Z7-26PV-O9LR,B07J9JGZZV,Z7-26PV-O9LR-2025-05-30-row729,,,,,0.0,GBP,available,2025-05-30,,,,,seed_from_orders_sheet
Z7-26PV-O9LR-2025-05-30-row729-0047,Z7-26PV-O9LR,B07J9JGZZV,Z7-26PV-O9LR-2025-05-30-row729,,,,,0.0,GBP,available,2025-05-30,,,,,seed_from_orders_sheet
Z7-26PV-O9LR-2025-05-30-row729-0048,Z7-26PV-O9LR,B07J9JGZZV,Z7-26PV-O9LR-2025-05-30-row729,,,,,0.0,GBP,available,2025-05-30,,,,,seed_from_orders_sheet
Z7-26PV-O9LR-2025-05-30-row729-0049,Z7-26PV-O9LR,B07J9JGZZV,Z7-26PV-O9LR-2025-05-30-row729,,,,,0.0,GBP,available,2025-05-30,,,,,seed_from_orders_sheet
Z7-26PV-O9LR-2025-05-30-row729-0050,Z7-26PV-O9LR,B07J9JGZZV,Z7-26PV-O9LR-2025-05-30-row729,,,,,0.0,GBP,available,2025-05-30,,,,,seed_from_orders_sheet
Z7-26PV-O9LR-2025-05-30-row729-0051,Z7-26PV-O9LR,B07J9JGZZV,Z7-26PV-O9LR-2025-05-30-row729,,,,,0.0,GBP,available,2025-05-30,,,,,seed_from_orders_sheet
Z7-26PV-O9LR-2025-05-30-row729-0052,Z7-26PV-O9LR,B07J9JGZZV,Z7-26PV-O9LR-2025-05-30-row729,,,,,0.0,GBP,available,2025-05-30,,,,,seed_from_orders_sheet
Z7-26PV-O9LR-2025-05-30-row729-0053,Z7-26PV-O9LR,B07J9JGZZV,Z7-26PV-O9LR-2025-05-30-row729,,,,,0.0,GBP,available,2025-05-30,,,,,seed_from_orders_sheet
Z7-26PV-O9LR-2025-05-30-row729-0054,Z7-26PV-O9LR,B07J9JGZZV,Z7-26PV-O9LR-2025-05-30-row729,,,,,0.0,GBP,available,2025-05-30,,,,,seed_from_orders_sheet
Z7-26PV-O9LR-2025-05-30-row729-0055,Z7-26PV-O9LR,B07J9JGZZV,Z7-26PV-O9LR-2025-05-30-row729,,,,,0.0,GBP,available,2025-05-30,,,,,seed_from_orders_sheet
Z7-26PV-O9LR-2025-05-30-row729-0056,Z7-26PV-O9LR,B07J9JGZZV,Z7-26PV-O9LR-2025-05-30-row729,,,,,0.0,GBP,available,2025-05-30,,,,,seed_from_orders_sheet
Z7-26PV-O9LR-2025-05-30-row729-0057,Z7-26PV-O9LR,B07J9JGZZV,Z7-26PV-O9LR-2025-05-30-row729,,,,,0.0,GBP,available,2025-05-30,,,,,seed_from_orders_sheet
Z7-26PV-O9LR-2025-05-30-row729-0058,Z7-26PV-O9LR,B07J9JGZZV,Z7-26PV-O9LR-2025-05-30-row729,,,,,0.0,GBP,available,2025-05-30,,,,,seed_from_orders_sheet
Z7-26PV-O9LR-2025-05-30-row729-0059,Z7-26PV-O9LR,B07J9JGZZV,Z7-26PV-O9LR-2025-05-30-row729,,,,,0.0,GBP,available,2025-05-30,,,,,seed_from_orders_sheet
Z7-26PV-O9LR-2025-05-30-row729-0060,Z7-26PV-O9LR,B07J9JGZZV,Z7-26PV-O9LR-2025-05-30-row729,,,,,0.0,GBP,available,2025-05-30,,,,,seed_from_orders_sheet
Z7-26PV-O9LR-2025-05-30-row729-0061,Z7-26PV-O9LR,B07J9JGZZV,Z7-26PV-O9LR-2025-05-30-row729,,,,,0.0,GBP,available,2025-05-30,,,,,seed_from_orders_sheet
Z7-26PV-O9LR-2025-05-30-row729-0062,Z7-26PV-O9LR,B07J9JGZZV,Z7-26PV-O9LR-2025-05-30-row729,,,,,0.0,GBP,available,2025-05-30,,,,,seed_from_orders_sheet
Z7-26PV-O9LR-2025-05-30-row729-0063,Z7-26PV-O9LR,B07J9JGZZV,Z7-26PV-O9LR-2025-05-30-row729,,,,,0.0,GBP,available,2025-05-30,,,,,seed_from_orders_sheet
Z7-26PV-O9LR-2025-05-30-row729-0064,Z7-26PV-O9LR,B07J9JGZZV,Z7-26PV-O9LR-2025-05-30-row729,,,,,0.0,GBP,available,2025-05-30,,,,,seed_from_orders_sheet
Z7-26PV-O9LR-2025-05-30-row729-0065,Z7-26PV-O9LR,B07J9JGZZV,Z7-26PV-O9LR-2025-05-30-row729,,,,,0.0,GBP,available,2025-05-30,,,,,seed_from_orders_sheet
Z7-26PV-O9LR-2025-05-30-row729-0066,Z7-26PV-O9LR,B07J9JGZZV,Z7-26PV-O9LR-2025-05-30-row729,,,,,0.0,GBP,available,2025-05-30,,,,,seed_from_orders_sheet
Z7-26PV-O9LR-2025-05-30-row729-0067,Z7-26PV-O9LR,B07J9JGZZV,Z7-26PV-O9LR-2025-05-30-row729,,,,,0.0,GBP,available,2025-05-30,,,,,seed_from_orders_sheet
Z7-26PV-O9LR-2025-05-30-row729-0068,Z7-26PV-O9LR,B07J9JGZZV,Z7-26PV-O9LR-2025-05-30-row729,,,,,0.0,GBP,available,2025-05-30,,,,,seed_from_orders_sheet
Z7-26PV-O9LR-2025-05-30-row729-0069,Z7-26PV-O9LR,B07J9JGZZV,Z7-26PV-O9LR-2025-05-30-row729,,,,,0.0,GBP,available,2025-05-30,,,,,seed_from_orders_sheet
Z7-26PV-O9LR-2025-05-30-row729-0070,Z7-26PV-O9LR,B07J9JGZZV,Z7-26PV-O9LR-2025-05-30-row729,,,,,0.0,GBP,available,2025-05-30,,,,,seed_from_orders_sheet
Z7-26PV-O9LR-2025-05-30-row729-0071,Z7-26PV-O9LR,B07J9JGZZV,Z7-26PV-O9LR-2025-05-30-row729,,,,,0.0,GBP,available,2025-05-30,,,,,seed_from_orders_sheet
Z7-26PV-O9LR-2025-05-30-row729-0072,Z7-26PV-O9LR,B07J9JGZZV,Z7-26PV-O9LR-2025-05-30-row729,,,,,0.0,GBP,available,2025-05-30,,,,,seed_from_orders_sheet
Z7-26PV-O9LR-2025-05-30-row729-0073,Z7-26PV-O9LR,B07J9JGZZV,Z7-26PV-O9LR-2025-05-30-row729,,,,,0.0,GBP,available,2025-05-30,,,,,seed_from_orders_sheet
Z7-26PV-O9LR-2025-05-30-row729-0074,Z7-26PV-O9LR,B07J9JGZZV,Z7-26PV-O9LR-2025-05-30-row729,,,,,0.0,GBP,available,2025-05-30,,,,,seed_from_orders_sheet
Z7-26PV-O9LR-2025-05-30-row729-0075,Z7-26PV-O9LR,B07J9JGZZV,Z7-26PV-O9LR-2025-05-30-row729,,,,,0.0,GBP,available,2025-05-30,,,,,seed_from_orders_sheet
Z7-26PV-O9LR-2025-05-30-row729-0076,Z7-26PV-O9LR,B07J9JGZZV,Z7-26PV-O9LR-2025-05-30-row729,,,,,0.0,GBP,available,2025-05-30,,,,,seed_from_orders_sheet
Z7-26PV-O9LR-2025-05-30-row729-0077,Z7-26PV-O9LR,B07J9JGZZV,Z7-26PV-O9LR-2025-05-30-row729,,,,,0.0,GBP,available,2025-05-30,,,,,seed_from_orders_sheet
Z7-26PV-O9LR-2025-05-30-row729-0078,Z7-26PV-O9LR,B07J9JGZZV,Z7-26PV-O9LR-2025-05-30-row729,,,,,0.0,GBP,available,2025-05-30,,,,,seed_from_orders_sheet
Z7-26PV-O9LR-2025-05-30-row729-0079,Z7-26PV-O9LR,B07J9JGZZV,Z7-26PV-O9LR-2025-05-30-row729,,,,,0.0,GBP,available,2025-05-30,,,,,seed_from_orders_sheet
Z7-26PV-O9LR-2025-05-30-row729-0080,Z7-26PV-O9LR,B07J9JGZZV,Z7-26PV-O9LR-2025-05-30-row729,,,,,0.0,GBP,available,2025-05-30,,,,,seed_from_orders_sheet
Z7-26PV-O9LR-2025-05-30-row729-0081,Z7-26PV-O9LR,B07J9JGZZV,Z7-26PV-O9LR-2025-05-30-row729,,,,,0.0,GBP,available,2025-05-30,,,,,seed_from_orders_sheet
Z7-26PV-O9LR-2025-05-30-row729-0082,Z7-26PV-O9LR,B07J9JGZZV,Z7-26PV-O9LR-2025-05-30-row729,,,,,0.0,GBP,available,2025-05-30,,,,,seed_from_orders_sheet
Z7-26PV-O9LR-2025-05-30-row729-0083,Z7-26PV-O9LR,B07J9JGZZV,Z7-26PV-O9LR-2025-05-30-row729,,,,,0.0,GBP,available,2025-05-30,,,,,seed_from_orders_sheet
Z7-26PV-O9LR-2025-05-30-row729-0084,Z7-26PV-O9LR,B07J9JGZZV,Z7-26PV-O9LR-2025-05-30-row729,,,,,0.0,GBP,available,2025-05-30,,,,,seed_from_orders_sheet
Z7-26PV-O9LR-2025-05-30-row729-0085,Z7-26PV-O9LR,B07J9JGZZV,Z7-26PV-O9LR-2025-05-30-row729,,,,,0.0,GBP,available,2025-05-30,,,,,seed_from_orders_sheet
Z7-26PV-O9LR-2025-05-30-row729-0086,Z7-26PV-O9LR,B07J9JGZZV,Z7-26PV-O9LR-2025-05-30-row729,,,,,0.0,GBP,available,2025-05-30,,,,,seed_from_orders_sheet
Z7-26PV-O9LR-2025-05-30-row729-0087,Z7-26PV-O9LR,B07J9JGZZV,Z7-26PV-O9LR-2025-05-30-row729,,,,,0.0,GBP,available,2025-05-30,,,,,seed_from_orders_sheet
Z7-26PV-O9LR-2025-05-30-row729-0088,Z7-26PV-O9LR,B07J9JGZZV,Z7-26PV-O9LR-2025-05-30-row729,,,,,0.0,GBP,available,2025-05-30,,,,,seed_from_orders_sheet
Z7-26PV-O9LR-2025-05-30-row729-0089,Z7-26PV-O9LR,B07J9JGZZV,Z7-26PV-O9LR-2025-05-30-row729,,,,,0.0,GBP,available,2025-05-30,,,,,seed_from_orders_sheet
Z7-26PV-O9LR-2025-05-30-row729-0090,Z7-26PV-O9LR,B07J9JGZZV,Z7-26PV-O9LR-2025-05-30-row729,,,,,0.0,GBP,available,2025-05-30,,,,,seed_from_orders_sheet
Z7-26PV-O9LR-2025-05-30-row729-0091,Z7-26PV-O9LR,B07J9JGZZV,Z7-26PV-O9LR-2025-05-30-row729,,,,,0.0,GBP,available,2025-05-30,,,,,seed_from_orders_sheet
Z7-26PV-O9LR-2025-05-30-row729-0092,Z7-26PV-O9LR,B07J9JGZZV,Z7-26PV-O9LR-2025-05-30-row729,,,,,0.0,GBP,available,2025-05-30,,,,,seed_from_orders_sheet
Z7-26PV-O9LR-2025-05-30-row729-0093,Z7-26PV-O9LR,B07J9JGZZV,Z7-26PV-O9LR-2025-05-30-row729,,,,,0.0,GBP,available,2025-05-30,,,,,seed_from_orders_sheet
Z7-26PV-O9LR-2025-05-30-row729-0094,Z7-26PV-O9LR,B07J9JGZZV,Z7-26PV-O9LR-2025-05-30-row729,,,,,0.0,GBP,available,2025-05-30,,,,,seed_from_orders_sheet
Z7-26PV-O9LR-2025-05-30-row729-0095,Z7-26PV-O9LR,B07J9JGZZV,Z7-26PV-O9LR-2025-05-30-row729,,,,,0.0,GBP,available,2025-05-30,,,,,seed_from_orders_sheet
Z7-26PV-O9LR-2025-05-30-row729-0096,Z7-26PV-O9LR,B07J9JGZZV,Z7-26PV-O9LR-2025-05-30-row729,,,,,0.0,GBP,available,2025-05-30,,,,,seed_from_orders_sheet
Z7-26PV-O9LR-2025-05-30-row729-0097,Z7-26PV-O9LR,B07J9JGZZV,Z7-26PV-O9LR-2025-05-30-row729,,,,,0.0,GBP,available,2025-05-30,,,,,seed_from_orders_sheet
Z7-26PV-O9LR-2025-05-30-row729-0098,Z7-26PV-O9LR,B07J9JGZZV,Z7-26PV-O9LR-2025-05-30-row729,,,,,0.0,GBP,available,2025-05-30,,,,,seed_from_orders_sheet
Z7-26PV-O9LR-2025-05-30-row729-0099,Z7-26PV-O9LR,B07J9JGZZV,Z7-26PV-O9LR-2025-05-30-row729,,,,,0.0,GBP,available,2025-05-30,,,,,seed_from_orders_sheet
Z7-26PV-O9LR-2025-05-30-row729-0100,Z7-26PV-O9LR,B07J9JGZZV,Z7-26PV-O9LR-2025-05-30-row729,,,,,0.0,GBP,available,2025-05-30,,,,,seed_from_orders_sheet
Z7-26PV-O9LR-2025-05-30-row729-0101,Z7-26PV-O9LR,B07J9JGZZV,Z7-26PV-O9LR-2025-05-30-row729,,,,,0.0,GBP,available,2025-05-30,,,,,seed_from_orders_sheet
Z7-26PV-O9LR-2025-05-30-row729-0102,Z7-26PV-O9LR,B07J9JGZZV,Z7-26PV-O9LR-2025-05-30-row729,,,,,0.0,GBP,available,2025-05-30,,,,,seed_from_orders_sheet
Z7-26PV-O9LR-2025-05-30-row729-0103,Z7-26PV-O9LR,B07J9JGZZV,Z7-26PV-O9LR-2025-05-30-row729,,,,,0.0,GBP,available,2025-05-30,,,,,seed_from_orders_sheet
Z7-26PV-O9LR-2025-05-30-row729-0104,Z7-26PV-O9LR,B07J9JGZZV,Z7-26PV-O9LR-2025-05-30-row729,,,,,0.0,GBP,available,2025-05-30,,,,,seed_from_orders_sheet
Z7-26PV-O9LR-2025-05-30-row729-0105,Z7-26PV-O9LR,B07J9JGZZV,Z7-26PV-O9LR-2025-05-30-row729,,,,,0.0,GBP,available,2025-05-30,,,,,seed_from_orders_sheet
Z7-26PV-O9LR-2025-05-30-row729-0106,Z7-26PV-O9LR,B07J9JGZZV,Z7-26PV-O9LR-2025-05-30-row729,,,,,0.0,GBP,available,2025-05-30,,,,,seed_from_orders_sheet
Z7-26PV-O9LR-2025-05-30-row729-0107,Z7-26PV-O9LR,B07J9JGZZV,Z7-26PV-O9LR-2025-05-30-row729,,,,,0.0,GBP,available,2025-05-30,,,,,seed_from_orders_sheet
Z7-26PV-O9LR-2025-05-30-row729-0108,Z7-26PV-O9LR,B07J9JGZZV,Z7-26PV-O9LR-2025-05-30-row729,,,,,0.0,GBP,available,2025-05-30,,,,,seed_from_orders_sheet
Z7-26PV-O9LR-2025-05-30-row729-0109,Z7-26PV-O9LR,B07J9JGZZV,Z7-26PV-O9LR-2025-05-30-row729,,,,,0.0,GBP,available,2025-05-30,,,,,seed_from_orders_sheet
Z7-26PV-O9LR-2025-05-30-row729-0110,Z7-26PV-O9LR,B07J9JGZZV,Z7-26PV-O9LR-2025-05-30-row729,,,,,0.0,GBP,available,2025-05-30,,,,,seed_from_orders_sheet
Z7-26PV-O9LR-2025-05-30-row729-0111,Z7-26PV-O9LR,B07J9JGZZV,Z7-26PV-O9LR-2025-05-30-row729,,,,,0.0,GBP,available,2025-05-30,,,,,seed_from_orders_sheet
Z7-26PV-O9LR-2025-05-30-row729-0112,Z7-26PV-O9LR,B07J9JGZZV,Z7-26PV-O9LR-2025-05-30-row729,,,,,0.0,GBP,available,2025-05-30,,,,,seed_from_orders_sheet
Z7-26PV-O9LR-2025-05-30-row729-0113,Z7-26PV-O9LR,B07J9JGZZV,Z7-26PV-O9LR-2025-05-30-row729,,,,,0.0,GBP,available,2025-05-30,,,,,seed_from_orders_sheet
Z7-26PV-O9LR-2025-05-30-row729-0114,Z7-26PV-O9LR,B07J9JGZZV,Z7-26PV-O9LR-2025-05-30-row729,,,,,0.0,GBP,available,2025-05-30,,,,,seed_from_orders_sheet
Z7-26PV-O9LR-2025-05-30-row729-0115,Z7-26PV-O9LR,B07J9JGZZV,Z7-26PV-O9LR-2025-05-30-row729,,,,,0.0,GBP,available,2025-05-30,,,,,seed_from_orders_sheet
Z7-26PV-O9LR-2025-05-30-row729-0116,Z7-26PV-O9LR,B07J9JGZZV,Z7-26PV-O9LR-2025-05-30-row729,,,,,0.0,GBP,available,2025-05-30,,,,,seed_from_orders_sheet
Z7-26PV-O9LR-2025-05-30-row729-0117,Z7-26PV-O9LR,B07J9JGZZV,Z7-26PV-O9LR-2025-05-30-row729,,,,,0.0,GBP,available,2025-05-30,,,,,seed_from_orders_sheet
Z7-26PV-O9LR-2025-05-30-row729-0118,Z7-26PV-O9LR,B07J9JGZZV,Z7-26PV-O9LR-2025-05-30-row729,,,,,0.0,GBP,available,2025-05-30,,,,,seed_from_orders_sheet
Z7-26PV-O9LR-2025-05-30-row729-0119,Z7-26PV-O9LR,B07J9JGZZV,Z7-26PV-O9LR-2025-05-30-row729,,,,,0.0,GBP,available,2025-05-30,,,,,seed_from_orders_sheet
Z7-26PV-O9LR-2025-05-30-row729-0120,Z7-26PV-O9LR,B07J9JGZZV,Z7-26PV-O9LR-2025-05-30-row729,,,,,0.0,GBP,available,2025-05-30,,,,,seed_from_orders_sheet
Z7-26PV-O9LR-2025-05-30-row729-0121,Z7-26PV-O9LR,B07J9JGZZV,Z7-26PV-O9LR-2025-05-30-row729,,,,,0.0,GBP,available,2025-05-30,,,,,seed_from_orders_sheet
Z7-26PV-O9LR-2025-05-30-row729-0122,Z7-26PV-O9LR,B07J9JGZZV,Z7-26PV-O9LR-2025-05-30-row729,,,,,0.0,GBP,available,2025-05-30,,,,,seed_from_orders_sheet
Z7-26PV-O9LR-2025-05-30-row729-0123,Z7-26PV-O9LR,B07J9JGZZV,Z7-26PV-O9LR-2025-05-30-row729,,,,,0.0,GBP,available,2025-05-30,,,,,seed_from_orders_sheet
Z7-26PV-O9LR-2025-05-30-row729-0124,Z7-26PV-O9LR,B07J9JGZZV,Z7-26PV-O9LR-2025-05-30-row729,,,,,0.0,GBP,available,2025-05-30,,,,,seed_from_orders_sheet
Z7-26PV-O9LR-2025-05-30-row729-0125,Z7-26PV-O9LR,B07J9JGZZV,Z7-26PV-O9LR-2025-05-30-row729,,,,,0.0,GBP,available,2025-05-30,,,,,seed_from_orders_sheet
Z7-26PV-O9LR-2025-05-30-row729-0126,Z7-26PV-O9LR,B07J9JGZZV,Z7-26PV-O9LR-2025-05-30-row729,,,,,0.0,GBP,available,2025-05-30,,,,,seed_from_orders_sheet
Z7-26PV-O9LR-2025-05-30-row729-0127,Z7-26PV-O9LR,B07J9JGZZV,Z7-26PV-O9LR-2025-05-30-row729,,,,,0.0,GBP,available,2025-05-30,,,,,seed_from_orders_sheet
Z7-26PV-O9LR-2025-05-30-row729-0128,Z7-26PV-O9LR,B07J9JGZZV,Z7-26PV-O9LR-2025-05-30-row729,,,,,0.0,GBP,available,2025-05-30,,,,,seed_from_orders_sheet
Z7-26PV-O9LR-2025-05-30-row729-0129,Z7-26PV-O9LR,B07J9JGZZV,Z7-26PV-O9LR-2025-05-30-row729,,,,,0.0,GBP,available,2025-05-30,,,,,seed_from_orders_sheet
Z7-26PV-O9LR-2025-05-30-row729-0130,Z7-26PV-O9LR,B07J9JGZZV,Z7-26PV-O9LR-2025-05-30-row729,,,,,0.0,GBP,available,2025-05-30,,,,,seed_from_orders_sheet
Z7-26PV-O9LR-2025-05-30-row729-0131,Z7-26PV-O9LR,B07J9JGZZV,Z7-26PV-O9LR-2025-05-30-row729,,,,,0.0,GBP,available,2025-05-30,,,,,seed_from_orders_sheet
Z7-26PV-O9LR-2025-05-30-row729-0132,Z7-26PV-O9LR,B07J9JGZZV,Z7-26PV-O9LR-2025-05-30-row729,,,,,0.0,GBP,available,2025-05-30,,,,,seed_from_orders_sheet
Z7-26PV-O9LR-2025-05-30-row729-0133,Z7-26PV-O9LR,B07J9JGZZV,Z7-26PV-O9LR-2025-05-30-row729,,,,,0.0,GBP,available,2025-05-30,,,,,seed_from_orders_sheet
Z7-26PV-O9LR-2025-05-30-row729-0134,Z7-26PV-O9LR,B07J9JGZZV,Z7-26PV-O9LR-2025-05-30-row729,,,,,0.0,GBP,available,2025-05-30,,,,,seed_from_orders_sheet
Z7-26PV-O9LR-2025-05-30-row729-0135,Z7-26PV-O9LR,B07J9JGZZV,Z7-26PV-O9LR-2025-05-30-row729,,,,,0.0,GBP,available,2025-05-30,,,,,seed_from_orders_sheet
Z7-26PV-O9LR-2025-05-30-row729-0136,Z7-26PV-O9LR,B07J9JGZZV,Z7-26PV-O9LR-2025-05-30-row729,,,,,0.0,GBP,available,2025-05-30,,,,,seed_from_orders_sheet
Z7-26PV-O9LR-2025-05-30-row729-0137,Z7-26PV-O9LR,B07J9JGZZV,Z7-26PV-O9LR-2025-05-30-row729,,,,,0.0,GBP,available,2025-05-30,,,,,seed_from_orders_sheet
Z7-26PV-O9LR-2025-05-30-row729-0138,Z7-26PV-O9LR,B07J9JGZZV,Z7-26PV-O9LR-2025-05-30-row729,,,,,0.0,GBP,available,2025-05-30,,,,,seed_from_orders_sheet
Z7-26PV-O9LR-2025-05-30-row729-0139,Z7-26PV-O9LR,B07J9JGZZV,Z7-26PV-O9LR-2025-05-30-row729,,,,,0.0,GBP,available,2025-05-30,,,,,seed_from_orders_sheet
Z7-26PV-O9LR-2025-05-30-row729-0140,Z7-26PV-O9LR,B07J9JGZZV,Z7-26PV-O9LR-2025-05-30-row729,,,,,0.0,GBP,available,2025-05-30,,,,,seed_from_orders_sheet
Z7-26PV-O9LR-2025-05-30-row729-0141,Z7-26PV-O9LR,B07J9JGZZV,Z7-26PV-O9LR-2025-05-30-row729,,,,,0.0,GBP,available,2025-05-30,,,,,seed_from_orders_sheet
Z7-26PV-O9LR-2025-05-30-row729-0142,Z7-26PV-O9LR,B07J9JGZZV,Z7-26PV-O9LR-2025-05-30-row729,,,,,0.0,GBP,available,2025-05-30,,,,,seed_from_orders_sheet
Z7-26PV-O9LR-2025-05-30-row729-0143,Z7-26PV-O9LR,B07J9JGZZV,Z7-26PV-O9LR-2025-05-30-row729,,,,,0.0,GBP,available,2025-05-30,,,,,seed_from_orders_sheet
Z7-26PV-O9LR-2025-05-30-row729-0144,Z7-26PV-O9LR,B07J9JGZZV,Z7-26PV-O9LR-2025-05-30-row729,,,,,0.0,GBP,available,2025-05-30,,,,,seed_from_orders_sheet
Z7-26PV-O9LR-2025-05-30-row729-0145,Z7-26PV-O9LR,B07J9JGZZV,Z7-26PV-O9LR-2025-05-30-row729,,,,,0.0,GBP,available,2025-05-30,,,,,seed_from_orders_sheet
Z7-26PV-O9LR-2025-05-30-row729-0146,Z7-26PV-O9LR,B07J9JGZZV,Z7-26PV-O9LR-2025-05-30-row729,,,,,0.0,GBP,available,2025-05-30,,,,,seed_from_orders_sheet
Z7-26PV-O9LR-2025-05-30-row729-0147,Z7-26PV-O9LR,B07J9JGZZV,Z7-26PV-O9LR-2025-05-30-row729,,,,,0.0,GBP,available,2025-05-30,,,,,seed_from_orders_sheet
Z7-26PV-O9LR-2025-05-30-row729-0148,Z7-26PV-O9LR,B07J9JGZZV,Z7-26PV-O9LR-2025-05-30-row729,,,,,0.0,GBP,available,2025-05-30,,,,,seed_from_orders_sheet
Z7-26PV-O9LR-2025-05-30-row729-0149,Z7-26PV-O9LR,B07J9JGZZV,Z7-26PV-O9LR-2025-05-30-row729,,,,,0.0,GBP,available,2025-05-30,,,,,seed_from_orders_sheet
Z7-26PV-O9LR-2025-05-30-row729-0150,Z7-26PV-O9LR,B07J9JGZZV,Z7-26PV-O9LR-2025-05-30-row729,,,,,0.0,GBP,available,2025-05-30,,,,,seed_from_orders_sheet
Z7-26PV-O9LR-2025-09-15-row867-0001,Z7-26PV-O9LR,B07J9JGZZV,Z7-26PV-O9LR-2025-09-15-row867,,,,,0.0,GBP,available,2025-09-15,,,,,seed_from_orders_sheet
Z7-26PV-O9LR-2025-09-15-row867-0002,Z7-26PV-O9LR,B07J9JGZZV,Z7-26PV-O9LR-2025-09-15-row867,,,,,0.0,GBP,available,2025-09-15,,,,,seed_from_orders_sheet
Z7-26PV-O9LR-2025-09-15-row867-0003,Z7-26PV-O9LR,B07J9JGZZV,Z7-26PV-O9LR-2025-09-15-row867,,,,,0.0,GBP,available,2025-09-15,,,,,seed_from_orders_sheet
Z7-26PV-O9LR-2025-09-15-row867-0004,Z7-26PV-O9LR,B07J9JGZZV,Z7-26PV-O9LR-2025-09-15-row867,,,,,0.0,GBP,available,2025-09-15,,,,,seed_from_orders_sheet
Z7-26PV-O9LR-2025-09-15-row867-0005,Z7-26PV-O9LR,B07J9JGZZV,Z7-26PV-O9LR-2025-09-15-row867,,,,,0.0,GBP,available,2025-09-15,,,,,seed_from_orders_sheet
Z7-26PV-O9LR-2025-09-15-row867-0006,Z7-26PV-O9LR,B07J9JGZZV,Z7-26PV-O9LR-2025-09-15-row867,,,,,0.0,GBP,available,2025-09-15,,,,,seed_from_orders_sheet
Z7-26PV-O9LR-2025-09-15-row867-0007,Z7-26PV-O9LR,B07J9JGZZV,Z7-26PV-O9LR-2025-09-15-row867,,,,,0.0,GBP,available,2025-09-15,,,,,seed_from_orders_sheet
Z7-26PV-O9LR-2025-09-15-row867-0008,Z7-26PV-O9LR,B07J9JGZZV,Z7-26PV-O9LR-2025-09-15-row867,,,,,0.0,GBP,available,2025-09-15,,,,,seed_from_orders_sheet
Z7-26PV-O9LR-2025-09-15-row867-0009,Z7-26PV-O9LR,B07J9JGZZV,Z7-26PV-O9LR-2025-09-15-row867,,,,,0.0,GBP,available,2025-09-15,,,,,seed_from_orders_sheet
Z7-26PV-O9LR-2025-09-15-row867-0010,Z7-26PV-O9LR,B07J9JGZZV,Z7-26PV-O9LR-2025-09-15-row867,,,,,0.0,GBP,available,2025-09-15,,,,,seed_from_orders_sheet
Z7-26PV-O9LR-2025-09-15-row867-0011,Z7-26PV-O9LR,B07J9JGZZV,Z7-26PV-O9LR-2025-09-15-row867,,,,,0.0,GBP,available,2025-09-15,,,,,seed_from_orders_sheet
Z7-26PV-O9LR-2025-09-15-row867-0012,Z7-26PV-O9LR,B07J9JGZZV,Z7-26PV-O9LR-2025-09-15-row867,,,,,0.0,GBP,available,2025-09-15,,,,,seed_from_orders_sheet
Z7-26PV-O9LR-2025-09-15-row867-0013,Z7-26PV-O9LR,B07J9JGZZV,Z7-26PV-O9LR-2025-09-15-row867,,,,,0.0,GBP,available,2025-09-15,,,,,seed_from_orders_sheet
Z7-26PV-O9LR-2025-09-15-row867-0014,Z7-26PV-O9LR,B07J9JGZZV,Z7-26PV-O9LR-2025-09-15-row867,,,,,0.0,GBP,available,2025-09-15,,,,,seed_from_orders_sheet
Z7-26PV-O9LR-2025-09-15-row867-0015,Z7-26PV-O9LR,B07J9JGZZV,Z7-26PV-O9LR-2025-09-15-row867,,,,,0.0,GBP,available,2025-09-15,,,,,seed_from_orders_sheet
Z7-26PV-O9LR-2025-09-15-row867-0016,Z7-26PV-O9LR,B07J9JGZZV,Z7-26PV-O9LR-2025-09-15-row867,,,,,0.0,GBP,available,2025-09-15,,,,,seed_from_orders_sheet
Z7-26PV-O9LR-2025-09-15-row867-0017,Z7-26PV-O9LR,B07J9JGZZV,Z7-26PV-O9LR-2025-09-15-row867,,,,,0.0,GBP,available,2025-09-15,,,,,seed_from_orders_sheet
Z7-26PV-O9LR-2025-09-15-row867-0018,Z7-26PV-O9LR,B07J9JGZZV,Z7-26PV-O9LR-2025-09-15-row867,,,,,0.0,GBP,available,2025-09-15,,,,,seed_from_orders_sheet
Z7-26PV-O9LR-2025-09-15-row867-0019,Z7-26PV-O9LR,B07J9JGZZV,Z7-26PV-O9LR-2025-09-15-row867,,,,,0.0,GBP,available,2025-09-15,,,,,seed_from_orders_sheet
Z7-26PV-O9LR-2025-09-15-row867-0020,Z7-26PV-O9LR,B07J9JGZZV,Z7-26PV-O9LR-2025-09-15-row867,,,,,0.0,GBP,available,2025-09-15,,,,,seed_from_orders_sheet
Z7-26PV-O9LR-2025-09-15-row867-0021,Z7-26PV-O9LR,B07J9JGZZV,Z7-26PV-O9LR-2025-09-15-row867,,,,,0.0,GBP,available,2025-09-15,,,,,seed_from_orders_sheet
Z7-26PV-O9LR-2025-09-15-row867-0022,Z7-26PV-O9LR,B07J9JGZZV,Z7-26PV-O9LR-2025-09-15-row867,,,,,0.0,GBP,available,2025-09-15,,,,,seed_from_orders_sheet
Z7-26PV-O9LR-2025-09-15-row867-0023,Z7-26PV-O9LR,B07J9JGZZV,Z7-26PV-O9LR-2025-09-15-row867,,,,,0.0,GBP,available,2025-09-15,,,,,seed_from_orders_sheet
Z7-26PV-O9LR-2025-09-15-row867-0024,Z7-26PV-O9LR,B07J9JGZZV,Z7-26PV-O9LR-2025-09-15-row867,,,,,0.0,GBP,available,2025-09-15,,,,,seed_from_orders_sheet
Z7-26PV-O9LR-2025-09-15-row867-0025,Z7-26PV-O9LR,B07J9JGZZV,Z7-26PV-O9LR-2025-09-15-row867,,,,,0.0,GBP,available,2025-09-15,,,,,seed_from_orders_sheet
Z7-26PV-O9LR-2025-09-15-row867-0026,Z7-26PV-O9LR,B07J9JGZZV,Z7-26PV-O9LR-2025-09-15-row867,,,,,0.0,GBP,available,2025-09-15,,,,,seed_from_orders_sheet
Z7-26PV-O9LR-2025-09-15-row867-0027,Z7-26PV-O9LR,B07J9JGZZV,Z7-26PV-O9LR-2025-09-15-row867,,,,,0.0,GBP,available,2025-09-15,,,,,seed_from_orders_sheet
Z7-26PV-O9LR-2025-09-15-row867-0028,Z7-26PV-O9LR,B07J9JGZZV,Z7-26PV-O9LR-2025-09-15-row867,,,,,0.0,GBP,available,2025-09-15,,,,,seed_from_orders_sheet
Z7-26PV-O9LR-2025-09-15-row867-0029,Z7-26PV-O9LR,B07J9JGZZV,Z7-26PV-O9LR-2025-09-15-row867,,,,,0.0,GBP,available,2025-09-15,,,,,seed_from_orders_sheet
Z7-26PV-O9LR-2025-09-15-row867-0030,Z7-26PV-O9LR,B07J9JGZZV,Z7-26PV-O9LR-2025-09-15-row867,,,,,0.0,GBP,available,2025-09-15,,,,,seed_from_orders_sheet
Z7-26PV-O9LR-2025-09-15-row867-0031,Z7-26PV-O9LR,B07J9JGZZV,Z7-26PV-O9LR-2025-09-15-row867,,,,,0.0,GBP,available,2025-09-15,,,,,seed_from_orders_sheet
Z7-26PV-O9LR-2025-09-15-row867-0032,Z7-26PV-O9LR,B07J9JGZZV,Z7-26PV-O9LR-2025-09-15-row867,,,,,0.0,GBP,available,2025-09-15,,,,,seed_from_orders_sheet
Z7-26PV-O9LR-2025-09-15-row867-0033,Z7-26PV-O9LR,B07J9JGZZV,Z7-26PV-O9LR-2025-09-15-row867,,,,,0.0,GBP,available,2025-09-15,,,,,seed_from_orders_sheet
Z7-26PV-O9LR-2025-09-15-row867-0034,Z7-26PV-O9LR,B07J9JGZZV,Z7-26PV-O9LR-2025-09-15-row867,,,,,0.0,GBP,available,2025-09-15,,,,,seed_from_orders_sheet
Z7-26PV-O9LR-2025-09-15-row867-0035,Z7-26PV-O9LR,B07J9JGZZV,Z7-26PV-O9LR-2025-09-15-row867,,,,,0.0,GBP,available,2025-09-15,,,,,seed_from_orders_sheet
Z7-26PV-O9LR-2025-09-15-row867-0036,Z7-26PV-O9LR,B07J9JGZZV,Z7-26PV-O9LR-2025-09-15-row867,,,,,0.0,GBP,available,2025-09-15,,,,,seed_from_orders_sheet
Z7-26PV-O9LR-2025-09-15-row867-0037,Z7-26PV-O9LR,B07J9JGZZV,Z7-26PV-O9LR-2025-09-15-row867,,,,,0.0,GBP,available,2025-09-15,,,,,seed_from_orders_sheet
Z7-26PV-O9LR-2025-09-15-row867-0038,Z7-26PV-O9LR,B07J9JGZZV,Z7-26PV-O9LR-2025-09-15-row867,,,,,0.0,GBP,available,2025-09-15,,,,,seed_from_orders_sheet
Z7-26PV-O9LR-2025-09-15-row867-0039,Z7-26PV-O9LR,B07J9JGZZV,Z7-26PV-O9LR-2025-09-15-row867,,,,,0.0,GBP,available,2025-09-15,,,,,seed_from_orders_sheet
Z7-26PV-O9LR-2025-09-15-row867-0040,Z7-26PV-O9LR,B07J9JGZZV,Z7-26PV-O9LR-2025-09-15-row867,,,,,0.0,GBP,available,2025-09-15,,,,,seed_from_orders_sheet
Z7-26PV-O9LR-2025-09-15-row867-0041,Z7-26PV-O9LR,B07J9JGZZV,Z7-26PV-O9LR-2025-09-15-row867,,,,,0.0,GBP,available,2025-09-15,,,,,seed_from_orders_sheet
Z7-26PV-O9LR-2025-09-15-row867-0042,Z7-26PV-O9LR,B07J9JGZZV,Z7-26PV-O9LR-2025-09-15-row867,,,,,0.0,GBP,available,2025-09-15,,,,,seed_from_orders_sheet
Z7-26PV-O9LR-2025-09-15-row867-0043,Z7-26PV-O9LR,B07J9JGZZV,Z7-26PV-O9LR-2025-09-15-row867,,,,,0.0,GBP,available,2025-09-15,,,,,seed_from_orders_sheet
Z7-26PV-O9LR-2025-09-15-row867-0044,Z7-26PV-O9LR,B07J9JGZZV,Z7-26PV-O9LR-2025-09-15-row867,,,,,0.0,GBP,available,2025-09-15,,,,,seed_from_orders_sheet
Z7-26PV-O9LR-2025-09-15-row867-0045,Z7-26PV-O9LR,B07J9JGZZV,Z7-26PV-O9LR-2025-09-15-row867,,,,,0.0,GBP,available,2025-09-15,,,,,seed_from_orders_sheet
Z7-26PV-O9LR-2025-09-15-row867-0046,Z7-26PV-O9LR,B07J9JGZZV,Z7-26PV-O9LR-2025-09-15-row867,,,,,0.0,GBP,available,2025-09-15,,,,,seed_from_orders_sheet
Z7-26PV-O9LR-2025-09-15-row867-0047,Z7-26PV-O9LR,B07J9JGZZV,Z7-26PV-O9LR-2025-09-15-row867,,,,,0.0,GBP,available,2025-09-15,,,,,seed_from_orders_sheet
Z7-26PV-O9LR-2025-09-15-row867-0048,Z7-26PV-O9LR,B07J9JGZZV,Z7-26PV-O9LR-2025-09-15-row867,,,,,0.0,GBP,available,2025-09-15,,,,,seed_from_orders_sheet
Z7-26PV-O9LR-2025-09-15-row867-0049,Z7-26PV-O9LR,B07J9JGZZV,Z7-26PV-O9LR-2025-09-15-row867,,,,,0.0,GBP,available,2025-09-15,,,,,seed_from_orders_sheet
Z7-26PV-O9LR-2025-09-15-row867-0050,Z7-26PV-O9LR,B07J9JGZZV,Z7-26PV-O9LR-2025-09-15-row867,,,,,0.0,GBP,available,2025-09-15,,,,,seed_from_orders_sheet
Z7-26PV-O9LR-2025-09-15-row867-0051,Z7-26PV-O9LR,B07J9JGZZV,Z7-26PV-O9LR-2025-09-15-row867,,,,,0.0,GBP,available,2025-09-15,,,,,seed_from_orders_sheet
Z7-26PV-O9LR-2025-09-15-row867-0052,Z7-26PV-O9LR,B07J9JGZZV,Z7-26PV-O9LR-2025-09-15-row867,,,,,0.0,GBP,available,2025-09-15,,,,,seed_from_orders_sheet
Z7-26PV-O9LR-2025-09-15-row867-0053,Z7-26PV-O9LR,B07J9JGZZV,Z7-26PV-O9LR-2025-09-15-row867,,,,,0.0,GBP,available,2025-09-15,,,,,seed_from_orders_sheet
Z7-26PV-O9LR-2025-09-15-row867-0054,Z7-26PV-O9LR,B07J9JGZZV,Z7-26PV-O9LR-2025-09-15-row867,,,,,0.0,GBP,available,2025-09-15,,,,,seed_from_orders_sheet
Z7-26PV-O9LR-2025-09-15-row867-0055,Z7-26PV-O9LR,B07J9JGZZV,Z7-26PV-O9LR-2025-09-15-row867,,,,,0.0,GBP,available,2025-09-15,,,,,seed_from_orders_sheet
Z7-26PV-O9LR-2025-09-15-row867-0056,Z7-26PV-O9LR,B07J9JGZZV,Z7-26PV-O9LR-2025-09-15-row867,,,,,0.0,GBP,available,2025-09-15,,,,,seed_from_orders_sheet
Z7-26PV-O9LR-2025-09-15-row867-0057,Z7-26PV-O9LR,B07J9JGZZV,Z7-26PV-O9LR-2025-09-15-row867,,,,,0.0,GBP,available,2025-09-15,,,,,seed_from_orders_sheet
Z7-26PV-O9LR-2025-09-15-row867-0058,Z7-26PV-O9LR,B07J9JGZZV,Z7-26PV-O9LR-2025-09-15-row867,,,,,0.0,GBP,available,2025-09-15,,,,,seed_from_orders_sheet
Z7-26PV-O9LR-2025-09-15-row867-0059,Z7-26PV-O9LR,B07J9JGZZV,Z7-26PV-O9LR-2025-09-15-row867,,,,,0.0,GBP,available,2025-09-15,,,,,seed_from_orders_sheet
Z7-26PV-O9LR-2025-09-15-row867-0060,Z7-26PV-O9LR,B07J9JGZZV,Z7-26PV-O9LR-2025-09-15-row867,,,,,0.0,GBP,available,2025-09-15,,,,,seed_from_orders_sheet
Z7-26PV-O9LR-2025-09-15-row867-0061,Z7-26PV-O9LR,B07J9JGZZV,Z7-26PV-O9LR-2025-09-15-row867,,,,,0.0,GBP,available,2025-09-15,,,,,seed_from_orders_sheet
Z7-26PV-O9LR-2025-09-15-row867-0062,Z7-26PV-O9LR,B07J9JGZZV,Z7-26PV-O9LR-2025-09-15-row867,,,,,0.0,GBP,available,2025-09-15,,,,,seed_from_orders_sheet
Z7-26PV-O9LR-2025-09-15-row867-0063,Z7-26PV-O9LR,B07J9JGZZV,Z7-26PV-O9LR-2025-09-15-row867,,,,,0.0,GBP,available,2025-09-15,,,,,seed_from_orders_sheet
Z7-26PV-O9LR-2025-09-15-row867-0064,Z7-26PV-O9LR,B07J9JGZZV,Z7-26PV-O9LR-2025-09-15-row867,,,,,0.0,GBP,available,2025-09-15,,,,,seed_from_orders_sheet
Z7-26PV-O9LR-2025-09-15-row867-0065,Z7-26PV-O9LR,B07J9JGZZV,Z7-26PV-O9LR-2025-09-15-row867,,,,,0.0,GBP,available,2025-09-15,,,,,seed_from_orders_sheet
Z7-26PV-O9LR-2025-09-15-row867-0066,Z7-26PV-O9LR,B07J9JGZZV,Z7-26PV-O9LR-2025-09-15-row867,,,,,0.0,GBP,available,2025-09-15,,,,,seed_from_orders_sheet
Z7-26PV-O9LR-2025-09-15-row867-0067,Z7-26PV-O9LR,B07J9JGZZV,Z7-26PV-O9LR-2025-09-15-row867,,,,,0.0,GBP,available,2025-09-15,,,,,seed_from_orders_sheet
Z7-26PV-O9LR-2025-09-15-row867-0068,Z7-26PV-O9LR,B07J9JGZZV,Z7-26PV-O9LR-2025-09-15-row867,,,,,0.0,GBP,available,2025-09-15,,,,,seed_from_orders_sheet
Z7-26PV-O9LR-2025-09-15-row867-0069,Z7-26PV-O9LR,B07J9JGZZV,Z7-26PV-O9LR-2025-09-15-row867,,,,,0.0,GBP,available,2025-09-15,,,,,seed_from_orders_sheet
Z7-26PV-O9LR-2025-09-15-row867-0070,Z7-26PV-O9LR,B07J9JGZZV,Z7-26PV-O9LR-2025-09-15-row867,,,,,0.0,GBP,available,2025-09-15,,,,,seed_from_orders_sheet
Z7-26PV-O9LR-2025-09-15-row867-0071,Z7-26PV-O9LR,B07J9JGZZV,Z7-26PV-O9LR-2025-09-15-row867,,,,,0.0,GBP,available,2025-09-15,,,,,seed_from_orders_sheet
Z7-26PV-O9LR-2025-09-15-row867-0072,Z7-26PV-O9LR,B07J9JGZZV,Z7-26PV-O9LR-2025-09-15-row867,,,,,0.0,GBP,available,2025-09-15,,,,,seed_from_orders_sheet
Z7-26PV-O9LR-2025-09-15-row867-0073,Z7-26PV-O9LR,B07J9JGZZV,Z7-26PV-O9LR-2025-09-15-row867,,,,,0.0,GBP,available,2025-09-15,,,,,seed_from_orders_sheet
Z7-26PV-O9LR-2025-09-15-row867-0074,Z7-26PV-O9LR,B07J9JGZZV,Z7-26PV-O9LR-2025-09-15-row867,,,,,0.0,GBP,available,2025-09-15,,,,,seed_from_orders_sheet
Z7-26PV-O9LR-2025-09-15-row867-0075,Z7-26PV-O9LR,B07J9JGZZV,Z7-26PV-O9LR-2025-09-15-row867,,,,,0.0,GBP,available,2025-09-15,,,,,seed_from_orders_sheet
Z7-26PV-O9LR-2025-09-15-row867-0076,Z7-26PV-O9LR,B07J9JGZZV,Z7-26PV-O9LR-2025-09-15-row867,,,,,0.0,GBP,available,2025-09-15,,,,,seed_from_orders_sheet
Z7-26PV-O9LR-2025-09-15-row867-0077,Z7-26PV-O9LR,B07J9JGZZV,Z7-26PV-O9LR-2025-09-15-row867,,,,,0.0,GBP,available,2025-09-15,,,,,seed_from_orders_sheet
Z7-26PV-O9LR-2025-09-15-row867-0078,Z7-26PV-O9LR,B07J9JGZZV,Z7-26PV-O9LR-2025-09-15-row867,,,,,0.0,GBP,available,2025-09-15,,,,,seed_from_orders_sheet
Z7-26PV-O9LR-2025-09-15-row867-0079,Z7-26PV-O9LR,B07J9JGZZV,Z7-26PV-O9LR-2025-09-15-row867,,,,,0.0,GBP,available,2025-09-15,,,,,seed_from_orders_sheet
Z7-26PV-O9LR-2025-09-15-row867-0080,Z7-26PV-O9LR,B07J9JGZZV,Z7-26PV-O9LR-2025-09-15-row867,,,,,0.0,GBP,available,2025-09-15,,,,,seed_from_orders_sheet
Z7-26PV-O9LR-2025-09-15-row867-0081,Z7-26PV-O9LR,B07J9JGZZV,Z7-26PV-O9LR-2025-09-15-row867,,,,,0.0,GBP,available,2025-09-15,,,,,seed_from_orders_sheet
Z7-26PV-O9LR-2025-09-15-row867-0082,Z7-26PV-O9LR,B07J9JGZZV,Z7-26PV-O9LR-2025-09-15-row867,,,,,0.0,GBP,available,2025-09-15,,,,,seed_from_orders_sheet
Z7-26PV-O9LR-2025-09-15-row867-0083,Z7-26PV-O9LR,B07J9JGZZV,Z7-26PV-O9LR-2025-09-15-row867,,,,,0.0,GBP,available,2025-09-15,,,,,seed_from_orders_sheet
Z7-26PV-O9LR-2025-09-15-row867-0084,Z7-26PV-O9LR,B07J9JGZZV,Z7-26PV-O9LR-2025-09-15-row867,,,,,0.0,GBP,available,2025-09-15,,,,,seed_from_orders_sheet
Z7-26PV-O9LR-2025-09-15-row867-0085,Z7-26PV-O9LR,B07J9JGZZV,Z7-26PV-O9LR-2025-09-15-row867,,,,,0.0,GBP,available,2025-09-15,,,,,seed_from_orders_sheet
Z7-26PV-O9LR-2025-09-15-row867-0086,Z7-26PV-O9LR,B07J9JGZZV,Z7-26PV-O9LR-2025-09-15-row867,,,,,0.0,GBP,available,2025-09-15,,,,,seed_from_orders_sheet
Z7-26PV-O9LR-2025-09-15-row867-0087,Z7-26PV-O9LR,B07J9JGZZV,Z7-26PV-O9LR-2025-09-15-row867,,,,,0.0,GBP,available,2025-09-15,,,,,seed_from_orders_sheet
Z7-26PV-O9LR-2025-09-15-row867-0088,Z7-26PV-O9LR,B07J9JGZZV,Z7-26PV-O9LR-2025-09-15-row867,,,,,0.0,GBP,available,2025-09-15,,,,,seed_from_orders_sheet
Z7-26PV-O9LR-2025-09-15-row867-0089,Z7-26PV-O9LR,B07J9JGZZV,Z7-26PV-O9LR-2025-09-15-row867,,,,,0.0,GBP,available,2025-09-15,,,,,seed_from_orders_sheet
Z7-26PV-O9LR-2025-09-15-row867-0090,Z7-26PV-O9LR,B07J9JGZZV,Z7-26PV-O9LR-2025-09-15-row867,,,,,0.0,GBP,available,2025-09-15,,,,,seed_from_orders_sheet
Z7-26PV-O9LR-2025-09-15-row867-0091,Z7-26PV-O9LR,B07J9JGZZV,Z7-26PV-O9LR-2025-09-15-row867,,,,,0.0,GBP,available,2025-09-15,,,,,seed_from_orders_sheet
Z7-26PV-O9LR-2025-09-15-row867-0092,Z7-26PV-O9LR,B07J9JGZZV,Z7-26PV-O9LR-2025-09-15-row867,,,,,0.0,GBP,available,2025-09-15,,,,,seed_from_orders_sheet
Z7-26PV-O9LR-2025-09-15-row867-0093,Z7-26PV-O9LR,B07J9JGZZV,Z7-26PV-O9LR-2025-09-15-row867,,,,,0.0,GBP,available,2025-09-15,,,,,seed_from_orders_sheet
Z7-26PV-O9LR-2025-09-15-row867-0094,Z7-26PV-O9LR,B07J9JGZZV,Z7-26PV-O9LR-2025-09-15-row867,,,,,0.0,GBP,available,2025-09-15,,,,,seed_from_orders_sheet
Z7-26PV-O9LR-2025-09-15-row867-0095,Z7-26PV-O9LR,B07J9JGZZV,Z7-26PV-O9LR-2025-09-15-row867,,,,,0.0,GBP,available,2025-09-15,,,,,seed_from_orders_sheet
Z7-26PV-O9LR-2025-09-15-row867-0096,Z7-26PV-O9LR,B07J9JGZZV,Z7-26PV-O9LR-2025-09-15-row867,,,,,0.0,GBP,available,2025-09-15,,,,,seed_from_orders_sheet
Z7-26PV-O9LR-2025-09-15-row867-0097,Z7-26PV-O9LR,B07J9JGZZV,Z7-26PV-O9LR-2025-09-15-row867,,,,,0.0,GBP,available,2025-09-15,,,,,seed_from_orders_sheet
Z7-26PV-O9LR-2025-09-15-row867-0098,Z7-26PV-O9LR,B07J9JGZZV,Z7-26PV-O9LR-2025-09-15-row867,,,,,0.0,GBP,available,2025-09-15,,,,,seed_from_orders_sheet
Z7-26PV-O9LR-2025-09-15-row867-0099,Z7-26PV-O9LR,B07J9JGZZV,Z7-26PV-O9LR-2025-09-15-row867,,,,,0.0,GBP,available,2025-09-15,,,,,seed_from_orders_sheet
Z7-26PV-O9LR-2025-09-15-row867-0100,Z7-26PV-O9LR,B07J9JGZZV,Z7-26PV-O9LR-2025-09-15-row867,,,,,0.0,GBP,available,2025-09-15,,,,,seed_from_orders_sheet
Z7-26PV-O9LR-2025-09-15-row867-0101,Z7-26PV-O9LR,B07J9JGZZV,Z7-26PV-O9LR-2025-09-15-row867,,,,,0.0,GBP,available,2025-09-15,,,,,seed_from_orders_sheet
Z7-26PV-O9LR-2025-09-15-row867-0102,Z7-26PV-O9LR,B07J9JGZZV,Z7-26PV-O9LR-2025-09-15-row867,,,,,0.0,GBP,available,2025-09-15,,,,,seed_from_orders_sheet
Z7-26PV-O9LR-2025-09-15-row867-0103,Z7-26PV-O9LR,B07J9JGZZV,Z7-26PV-O9LR-2025-09-15-row867,,,,,0.0,GBP,available,2025-09-15,,,,,seed_from_orders_sheet
Z7-26PV-O9LR-2025-09-15-row867-0104,Z7-26PV-O9LR,B07J9JGZZV,Z7-26PV-O9LR-2025-09-15-row867,,,,,0.0,GBP,available,2025-09-15,,,,,seed_from_orders_sheet
Z7-26PV-O9LR-2025-09-15-row867-0105,Z7-26PV-O9LR,B07J9JGZZV,Z7-26PV-O9LR-2025-09-15-row867,,,,,0.0,GBP,available,2025-09-15,,,,,seed_from_orders_sheet
Z7-26PV-O9LR-2025-09-15-row867-0106,Z7-26PV-O9LR,B07J9JGZZV,Z7-26PV-O9LR-2025-09-15-row867,,,,,0.0,GBP,available,2025-09-15,,,,,seed_from_orders_sheet
Z7-26PV-O9LR-2025-09-15-row867-0107,Z7-26PV-O9LR,B07J9JGZZV,Z7-26PV-O9LR-2025-09-15-row867,,,,,0.0,GBP,available,2025-09-15,,,,,seed_from_orders_sheet
Z7-26PV-O9LR-2025-09-15-row867-0108,Z7-26PV-O9LR,B07J9JGZZV,Z7-26PV-O9LR-2025-09-15-row867,,,,,0.0,GBP,available,2025-09-15,,,,,seed_from_orders_sheet
Z7-26PV-O9LR-2025-09-15-row867-0109,Z7-26PV-O9LR,B07J9JGZZV,Z7-26PV-O9LR-2025-09-15-row867,,,,,0.0,GBP,available,2025-09-15,,,,,seed_from_orders_sheet
Z7-26PV-O9LR-2025-09-15-row867-0110,Z7-26PV-O9LR,B07J9JGZZV,Z7-26PV-O9LR-2025-09-15-row867,,,,,0.0,GBP,available,2025-09-15,,,,,seed_from_orders_sheet
Z7-26PV-O9LR-2025-09-15-row867-0111,Z7-26PV-O9LR,B07J9JGZZV,Z7-26PV-O9LR-2025-09-15-row867,,,,,0.0,GBP,available,2025-09-15,,,,,seed_from_orders_sheet
Z7-26PV-O9LR-2025-09-15-row867-0112,Z7-26PV-O9LR,B07J9JGZZV,Z7-26PV-O9LR-2025-09-15-row867,,,,,0.0,GBP,available,2025-09-15,,,,,seed_from_orders_sheet
Z7-26PV-O9LR-2025-09-15-row867-0113,Z7-26PV-O9LR,B07J9JGZZV,Z7-26PV-O9LR-2025-09-15-row867,,,,,0.0,GBP,available,2025-09-15,,,,,seed_from_orders_sheet
Z7-26PV-O9LR-2025-09-15-row867-0114,Z7-26PV-O9LR,B07J9JGZZV,Z7-26PV-O9LR-2025-09-15-row867,,,,,0.0,GBP,available,2025-09-15,,,,,seed_from_orders_sheet
Z7-26PV-O9LR-2025-09-15-row867-0115,Z7-26PV-O9LR,B07J9JGZZV,Z7-26PV-O9LR-2025-09-15-row867,,,,,0.0,GBP,available,2025-09-15,,,,,seed_from_orders_sheet
Z7-26PV-O9LR-2025-09-15-row867-0116,Z7-26PV-O9LR,B07J9JGZZV,Z7-26PV-O9LR-2025-09-15-row867,,,,,0.0,GBP,available,2025-09-15,,,,,seed_from_orders_sheet
Z7-26PV-O9LR-2025-09-15-row867-0117,Z7-26PV-O9LR,B07J9JGZZV,Z7-26PV-O9LR-2025-09-15-row867,,,,,0.0,GBP,available,2025-09-15,,,,,seed_from_orders_sheet
Z7-26PV-O9LR-2025-09-15-row867-0118,Z7-26PV-O9LR,B07J9JGZZV,Z7-26PV-O9LR-2025-09-15-row867,,,,,0.0,GBP,available,2025-09-15,,,,,seed_from_orders_sheet
Z7-26PV-O9LR-2025-09-15-row867-0119,Z7-26PV-O9LR,B07J9JGZZV,Z7-26PV-O9LR-2025-09-15-row867,,,,,0.0,GBP,available,2025-09-15,,,,,seed_from_orders_sheet
Z7-26PV-O9LR-2025-09-15-row867-0120,Z7-26PV-O9LR,B07J9JGZZV,Z7-26PV-O9LR-2025-09-15-row867,,,,,0.0,GBP,available,2025-09-15,,,,,seed_from_orders_sheet
Z7-26PV-O9LR-2025-09-15-row867-0121,Z7-26PV-O9LR,B07J9JGZZV,Z7-26PV-O9LR-2025-09-15-row867,,,,,0.0,GBP,available,2025-09-15,,,,,seed_from_orders_sheet
Z7-26PV-O9LR-2025-09-15-row867-0122,Z7-26PV-O9LR,B07J9JGZZV,Z7-26PV-O9LR-2025-09-15-row867,,,,,0.0,GBP,available,2025-09-15,,,,,seed_from_orders_sheet
Z7-26PV-O9LR-2025-09-15-row867-0123,Z7-26PV-O9LR,B07J9JGZZV,Z7-26PV-O9LR-2025-09-15-row867,,,,,0.0,GBP,available,2025-09-15,,,,,seed_from_orders_sheet
Z7-26PV-O9LR-2025-09-15-row867-0124,Z7-26PV-O9LR,B07J9JGZZV,Z7-26PV-O9LR-2025-09-15-row867,,,,,0.0,GBP,available,2025-09-15,,,,,seed_from_orders_sheet
Z7-26PV-O9LR-2025-09-15-row867-0125,Z7-26PV-O9LR,B07J9JGZZV,Z7-26PV-O9LR-2025-09-15-row867,,,,,0.0,GBP,available,2025-09-15,,,,,seed_from_orders_sheet
Z7-26PV-O9LR-2025-09-15-row867-0126,Z7-26PV-O9LR,B07J9JGZZV,Z7-26PV-O9LR-2025-09-15-row867,,,,,0.0,GBP,available,2025-09-15,,,,,seed_from_orders_sheet
Z7-26PV-O9LR-2025-09-15-row867-0127,Z7-26PV-O9LR,B07J9JGZZV,Z7-26PV-O9LR-2025-09-15-row867,,,,,0.0,GBP,available,2025-09-15,,,,,seed_from_orders_sheet
Z7-26PV-O9LR-2025-09-15-row867-0128,Z7-26PV-O9LR,B07J9JGZZV,Z7-26PV-O9LR-2025-09-15-row867,,,,,0.0,GBP,available,2025-09-15,,,,,seed_from_orders_sheet
Z7-26PV-O9LR-2025-09-15-row867-0129,Z7-26PV-O9LR,B07J9JGZZV,Z7-26PV-O9LR-2025-09-15-row867,,,,,0.0,GBP,available,2025-09-15,,,,,seed_from_orders_sheet
Z7-26PV-O9LR-2025-09-15-row867-0130,Z7-26PV-O9LR,B07J9JGZZV,Z7-26PV-O9LR-2025-09-15-row867,,,,,0.0,GBP,available,2025-09-15,,,,,seed_from_orders_sheet
Z7-26PV-O9LR-2025-09-15-row867-0131,Z7-26PV-O9LR,B07J9JGZZV,Z7-26PV-O9LR-2025-09-15-row867,,,,,0.0,GBP,available,2025-09-15,,,,,seed_from_orders_sheet
Z7-26PV-O9LR-2025-09-15-row867-0132,Z7-26PV-O9LR,B07J9JGZZV,Z7-26PV-O9LR-2025-09-15-row867,,,,,0.0,GBP,available,2025-09-15,,,,,seed_from_orders_sheet
Z7-26PV-O9LR-2025-09-15-row867-0133,Z7-26PV-O9LR,B07J9JGZZV,Z7-26PV-O9LR-2025-09-15-row867,,,,,0.0,GBP,available,2025-09-15,,,,,seed_from_orders_sheet
Z7-26PV-O9LR-2025-09-15-row867-0134,Z7-26PV-O9LR,B07J9JGZZV,Z7-26PV-O9LR-2025-09-15-row867,,,,,0.0,GBP,available,2025-09-15,,,,,seed_from_orders_sheet
Z7-26PV-O9LR-2025-09-15-row867-0135,Z7-26PV-O9LR,B07J9JGZZV,Z7-26PV-O9LR-2025-09-15-row867,,,,,0.0,GBP,available,2025-09-15,,,,,seed_from_orders_sheet
Z7-26PV-O9LR-2025-09-15-row867-0136,Z7-26PV-O9LR,B07J9JGZZV,Z7-26PV-O9LR-2025-09-15-row867,,,,,0.0,GBP,available,2025-09-15,,,,,seed_from_orders_sheet
Z7-26PV-O9LR-2025-09-15-row867-0137,Z7-26PV-O9LR,B07J9JGZZV,Z7-26PV-O9LR-2025-09-15-row867,,,,,0.0,GBP,available,2025-09-15,,,,,seed_from_orders_sheet
Z7-26PV-O9LR-2025-09-15-row867-0138,Z7-26PV-O9LR,B07J9JGZZV,Z7-26PV-O9LR-2025-09-15-row867,,,,,0.0,GBP,available,2025-09-15,,,,,seed_from_orders_sheet
Z7-26PV-O9LR-2025-09-15-row867-0139,Z7-26PV-O9LR,B07J9JGZZV,Z7-26PV-O9LR-2025-09-15-row867,,,,,0.0,GBP,available,2025-09-15,,,,,seed_from_orders_sheet
Z7-26PV-O9LR-2025-09-15-row867-0140,Z7-26PV-O9LR,B07J9JGZZV,Z7-26PV-O9LR-2025-09-15-row867,,,,,0.0,GBP,available,2025-09-15,,,,,seed_from_orders_sheet
Z7-26PV-O9LR-2025-09-15-row867-0141,Z7-26PV-O9LR,B07J9JGZZV,Z7-26PV-O9LR-2025-09-15-row867,,,,,0.0,GBP,available,2025-09-15,,,,,seed_from_orders_sheet
Z7-26PV-O9LR-2025-09-15-row867-0142,Z7-26PV-O9LR,B07J9JGZZV,Z7-26PV-O9LR-2025-09-15-row867,,,,,0.0,GBP,available,2025-09-15,,,,,seed_from_orders_sheet
Z7-26PV-O9LR-2025-09-15-row867-0143,Z7-26PV-O9LR,B07J9JGZZV,Z7-26PV-O9LR-2025-09-15-row867,,,,,0.0,GBP,available,2025-09-15,,,,,seed_from_orders_sheet
Z7-26PV-O9LR-2025-09-15-row867-0144,Z7-26PV-O9LR,B07J9JGZZV,Z7-26PV-O9LR-2025-09-15-row867,,,,,0.0,GBP,available,2025-09-15,,,,,seed_from_orders_sheet
Z7-26PV-O9LR-2025-09-15-row867-0145,Z7-26PV-O9LR,B07J9JGZZV,Z7-26PV-O9LR-2025-09-15-row867,,,,,0.0,GBP,available,2025-09-15,,,,,seed_from_orders_sheet
Z7-26PV-O9LR-2025-09-15-row867-0146,Z7-26PV-O9LR,B07J9JGZZV,Z7-26PV-O9LR-2025-09-15-row867,,,,,0.0,GBP,available,2025-09-15,,,,,seed_from_orders_sheet
Z7-26PV-O9LR-2025-09-15-row867-0147,Z7-26PV-O9LR,B07J9JGZZV,Z7-26PV-O9LR-2025-09-15-row867,,,,,0.0,GBP,available,2025-09-15,,,,,seed_from_orders_sheet
Z7-26PV-O9LR-2025-09-15-row867-0148,Z7-26PV-O9LR,B07J9JGZZV,Z7-26PV-O9LR-2025-09-15-row867,,,,,0.0,GBP,available,2025-09-15,,,,,seed_from_orders_sheet
Z7-26PV-O9LR-2025-09-15-row867-0149,Z7-26PV-O9LR,B07J9JGZZV,Z7-26PV-O9LR-2025-09-15-row867,,,,,0.0,GBP,available,2025-09-15,,,,,seed_from_orders_sheet
Z7-26PV-O9LR-2025-09-15-row867-0150,Z7-26PV-O9LR,B07J9JGZZV,Z7-26PV-O9LR-2025-09-15-row867,,,,,0.0,GBP,available,2025-09-15,,,,,seed_from_orders_sheet
Z7-26PV-O9LR-2025-09-15-row867-0151,Z7-26PV-O9LR,B07J9JGZZV,Z7-26PV-O9LR-2025-09-15-row867,,,,,0.0,GBP,available,2025-09-15,,,,,seed_from_orders_sheet
Z7-26PV-O9LR-2025-09-15-row867-0152,Z7-26PV-O9LR,B07J9JGZZV,Z7-26PV-O9LR-2025-09-15-row867,,,,,0.0,GBP,available,2025-09-15,,,,,seed_from_orders_sheet
Z7-26PV-O9LR-2025-09-15-row867-0153,Z7-26PV-O9LR,B07J9JGZZV,Z7-26PV-O9LR-2025-09-15-row867,,,,,0.0,GBP,available,2025-09-15,,,,,seed_from_orders_sheet
Z7-26PV-O9LR-2025-09-15-row867-0154,Z7-26PV-O9LR,B07J9JGZZV,Z7-26PV-O9LR-2025-09-15-row867,,,,,0.0,GBP,available,2025-09-15,,,,,seed_from_orders_sheet
Z7-26PV-O9LR-2025-09-15-row867-0155,Z7-26PV-O9LR,B07J9JGZZV,Z7-26PV-O9LR-2025-09-15-row867,,,,,0.0,GBP,available,2025-09-15,,,,,seed_from_orders_sheet
Z7-26PV-O9LR-2025-09-15-row867-0156,Z7-26PV-O9LR,B07J9JGZZV,Z7-26PV-O9LR-2025-09-15-row867,,,,,0.0,GBP,available,2025-09-15,,,,,seed_from_orders_sheet
Z7-26PV-O9LR-2025-09-15-row867-0157,Z7-26PV-O9LR,B07J9JGZZV,Z7-26PV-O9LR-2025-09-15-row867,,,,,0.0,GBP,available,2025-09-15,,,,,seed_from_orders_sheet
Z7-26PV-O9LR-2025-09-15-row867-0158,Z7-26PV-O9LR,B07J9JGZZV,Z7-26PV-O9LR-2025-09-15-row867,,,,,0.0,GBP,available,2025-09-15,,,,,seed_from_orders_sheet
Z7-26PV-O9LR-2025-09-15-row867-0159,Z7-26PV-O9LR,B07J9JGZZV,Z7-26PV-O9LR-2025-09-15-row867,,,,,0.0,GBP,available,2025-09-15,,,,,seed_from_orders_sheet
Z7-26PV-O9LR-2025-09-15-row867-0160,Z7-26PV-O9LR,B07J9JGZZV,Z7-26PV-O9LR-2025-09-15-row867,,,,,0.0,GBP,available,2025-09-15,,,,,seed_from_orders_sheet
Z7-26PV-O9LR-2025-09-15-row867-0161,Z7-26PV-O9LR,B07J9JGZZV,Z7-26PV-O9LR-2025-09-15-row867,,,,,0.0,GBP,available,2025-09-15,,,,,seed_from_orders_sheet
Z7-26PV-O9LR-2025-09-15-row867-0162,Z7-26PV-O9LR,B07J9JGZZV,Z7-26PV-O9LR-2025-09-15-row867,,,,,0.0,GBP,available,2025-09-15,,,,,seed_from_orders_sheet
Z7-26PV-O9LR-2025-09-15-row867-0163,Z7-26PV-O9LR,B07J9JGZZV,Z7-26PV-O9LR-2025-09-15-row867,,,,,0.0,GBP,available,2025-09-15,,,,,seed_from_orders_sheet
Z7-26PV-O9LR-2025-09-15-row867-0164,Z7-26PV-O9LR,B07J9JGZZV,Z7-26PV-O9LR-2025-09-15-row867,,,,,0.0,GBP,available,2025-09-15,,,,,seed_from_orders_sheet
Z7-26PV-O9LR-2025-09-15-row867-0165,Z7-26PV-O9LR,B07J9JGZZV,Z7-26PV-O9LR-2025-09-15-row867,,,,,0.0,GBP,available,2025-09-15,,,,,seed_from_orders_sheet
Z7-26PV-O9LR-2025-09-15-row867-0166,Z7-26PV-O9LR,B07J9JGZZV,Z7-26PV-O9LR-2025-09-15-row867,,,,,0.0,GBP,available,2025-09-15,,,,,seed_from_orders_sheet
Z7-26PV-O9LR-2025-09-15-row867-0167,Z7-26PV-O9LR,B07J9JGZZV,Z7-26PV-O9LR-2025-09-15-row867,,,,,0.0,GBP,available,2025-09-15,,,,,seed_from_orders_sheet
Z7-26PV-O9LR-2025-09-15-row867-0168,Z7-26PV-O9LR,B07J9JGZZV,Z7-26PV-O9LR-2025-09-15-row867,,,,,0.0,GBP,available,2025-09-15,,,,,seed_from_orders_sheet
Z7-26PV-O9LR-2025-09-15-row867-0169,Z7-26PV-O9LR,B07J9JGZZV,Z7-26PV-O9LR-2025-09-15-row867,,,,,0.0,GBP,available,2025-09-15,,,,,seed_from_orders_sheet
Z7-26PV-O9LR-2025-09-15-row867-0170,Z7-26PV-O9LR,B07J9JGZZV,Z7-26PV-O9LR-2025-09-15-row867,,,,,0.0,GBP,available,2025-09-15,,,,,seed_from_orders_sheet
Z7-26PV-O9LR-2025-09-15-row867-0171,Z7-26PV-O9LR,B07J9JGZZV,Z7-26PV-O9LR-2025-09-15-row867,,,,,0.0,GBP,available,2025-09-15,,,,,seed_from_orders_sheet
Z7-26PV-O9LR-2025-09-15-row867-0172,Z7-26PV-O9LR,B07J9JGZZV,Z7-26PV-O9LR-2025-09-15-row867,,,,,0.0,GBP,available,2025-09-15,,,,,seed_from_orders_sheet
Z7-26PV-O9LR-2025-09-15-row867-0173,Z7-26PV-O9LR,B07J9JGZZV,Z7-26PV-O9LR-2025-09-15-row867,,,,,0.0,GBP,available,2025-09-15,,,,,seed_from_orders_sheet
Z7-26PV-O9LR-2025-09-15-row867-0174,Z7-26PV-O9LR,B07J9JGZZV,Z7-26PV-O9LR-2025-09-15-row867,,,,,0.0,GBP,available,2025-09-15,,,,,seed_from_orders_sheet
Z7-26PV-O9LR-2025-09-15-row867-0175,Z7-26PV-O9LR,B07J9JGZZV,Z7-26PV-O9LR-2025-09-15-row867,,,,,0.0,GBP,available,2025-09-15,,,,,seed_from_orders_sheet
Z7-26PV-O9LR-2025-09-15-row867-0176,Z7-26PV-O9LR,B07J9JGZZV,Z7-26PV-O9LR-2025-09-15-row867,,,,,0.0,GBP,available,2025-09-15,,,,,seed_from_orders_sheet
Z7-26PV-O9LR-2025-09-15-row867-0177,Z7-26PV-O9LR,B07J9JGZZV,Z7-26PV-O9LR-2025-09-15-row867,,,,,0.0,GBP,available,2025-09-15,,,,,seed_from_orders_sheet
Z7-26PV-O9LR-2025-09-15-row867-0178,Z7-26PV-O9LR,B07J9JGZZV,Z7-26PV-O9LR-2025-09-15-row867,,,,,0.0,GBP,available,2025-09-15,,,,,seed_from_orders_sheet
Z7-26PV-O9LR-2025-09-15-row867-0179,Z7-26PV-O9LR,B07J9JGZZV,Z7-26PV-O9LR-2025-09-15-row867,,,,,0.0,GBP,available,2025-09-15,,,,,seed_from_orders_sheet
Z7-26PV-O9LR-2025-09-15-row867-0180,Z7-26PV-O9LR,B07J9JGZZV,Z7-26PV-O9LR-2025-09-15-row867,,,,,0.0,GBP,available,2025-09-15,,,,,seed_from_orders_sheet
Z7-26PV-O9LR-2025-09-15-row867-0181,Z7-26PV-O9LR,B07J9JGZZV,Z7-26PV-O9LR-2025-09-15-row867,,,,,0.0,GBP,available,2025-09-15,,,,,seed_from_orders_sheet
Z7-26PV-O9LR-2025-09-15-row867-0182,Z7-26PV-O9LR,B07J9JGZZV,Z7-26PV-O9LR-2025-09-15-row867,,,,,0.0,GBP,available,2025-09-15,,,,,seed_from_orders_sheet
Z7-26PV-O9LR-2025-09-15-row867-0183,Z7-26PV-O9LR,B07J9JGZZV,Z7-26PV-O9LR-2025-09-15-row867,,,,,0.0,GBP,available,2025-09-15,,,,,seed_from_orders_sheet
Z7-26PV-O9LR-2025-09-15-row867-0184,Z7-26PV-O9LR,B07J9JGZZV,Z7-26PV-O9LR-2025-09-15-row867,,,,,0.0,GBP,available,2025-09-15,,,,,seed_from_orders_sheet
Z7-26PV-O9LR-2025-09-15-row867-0185,Z7-26PV-O9LR,B07J9JGZZV,Z7-26PV-O9LR-2025-09-15-row867,,,,,0.0,GBP,available,2025-09-15,,,,,seed_from_orders_sheet
Z7-26PV-O9LR-2025-09-15-row867-0186,Z7-26PV-O9LR,B07J9JGZZV,Z7-26PV-O9LR-2025-09-15-row867,,,,,0.0,GBP,available,2025-09-15,,,,,seed_from_orders_sheet
Z7-26PV-O9LR-2025-09-15-row867-0187,Z7-26PV-O9LR,B07J9JGZZV,Z7-26PV-O9LR-2025-09-15-row867,,,,,0.0,GBP,available,2025-09-15,,,,,seed_from_orders_sheet
Z7-26PV-O9LR-2025-09-15-row867-0188,Z7-26PV-O9LR,B07J9JGZZV,Z7-26PV-O9LR-2025-09-15-row867,,,,,0.0,GBP,available,2025-09-15,,,,,seed_from_orders_sheet
Z7-26PV-O9LR-2025-09-15-row867-0189,Z7-26PV-O9LR,B07J9JGZZV,Z7-26PV-O9LR-2025-09-15-row867,,,,,0.0,GBP,available,2025-09-15,,,,,seed_from_orders_sheet
Z7-26PV-O9LR-2025-09-15-row867-0190,Z7-26PV-O9LR,B07J9JGZZV,Z7-26PV-O9LR-2025-09-15-row867,,,,,0.0,GBP,available,2025-09-15,,,,,seed_from_orders_sheet
Z7-26PV-O9LR-2025-09-15-row867-0191,Z7-26PV-O9LR,B07J9JGZZV,Z7-26PV-O9LR-2025-09-15-row867,,,,,0.0,GBP,available,2025-09-15,,,,,seed_from_orders_sheet
Z7-26PV-O9LR-2025-09-15-row867-0192,Z7-26PV-O9LR,B07J9JGZZV,Z7-26PV-O9LR-2025-09-15-row867,,,,,0.0,GBP,available,2025-09-15,,,,,seed_from_orders_sheet
Z7-26PV-O9LR-2025-09-15-row867-0193,Z7-26PV-O9LR,B07J9JGZZV,Z7-26PV-O9LR-2025-09-15-row867,,,,,0.0,GBP,available,2025-09-15,,,,,seed_from_orders_sheet
Z7-26PV-O9LR-2025-09-15-row867-0194,Z7-26PV-O9LR,B07J9JGZZV,Z7-26PV-O9LR-2025-09-15-row867,,,,,0.0,GBP,available,2025-09-15,,,,,seed_from_orders_sheet
Z7-26PV-O9LR-2025-09-15-row867-0195,Z7-26PV-O9LR,B07J9JGZZV,Z7-26PV-O9LR-2025-09-15-row867,,,,,0.0,GBP,available,2025-09-15,,,,,seed_from_orders_sheet
Z7-26PV-O9LR-2025-09-15-row867-0196,Z7-26PV-O9LR,B07J9JGZZV,Z7-26PV-O9LR-2025-09-15-row867,,,,,0.0,GBP,available,2025-09-15,,,,,seed_from_orders_sheet
Z7-26PV-O9LR-2025-09-15-row867-0197,Z7-26PV-O9LR,B07J9JGZZV,Z7-26PV-O9LR-2025-09-15-row867,,,,,0.0,GBP,available,2025-09-15,,,,,seed_from_orders_sheet
Z7-26PV-O9LR-2025-09-15-row867-0198,Z7-26PV-O9LR,B07J9JGZZV,Z7-26PV-O9LR-2025-09-15-row867,,,,,0.0,GBP,available,2025-09-15,,,,,seed_from_orders_sheet
Z7-26PV-O9LR-2025-09-15-row867-0199,Z7-26PV-O9LR,B07J9JGZZV,Z7-26PV-O9LR-2025-09-15-row867,,,,,0.0,GBP,available,2025-09-15,,,,,seed_from_orders_sheet
Z7-26PV-O9LR-2025-09-15-row867-0200,Z7-26PV-O9LR,B07J9JGZZV,Z7-26PV-O9LR-2025-09-15-row867,,,,,0.0,GBP,available,2025-09-15,,,,,seed_from_orders_sheet
