seller_sku,lot_id,order_date,ordered,sent_to_fba,used_for_stock,used_for_orders,unused,cost_per_unit
02-7AZG-O0CV,02-7AZG-O0CV-2025-11-01-row1657,2025-11-01,1,1,0,1,0,0.59
0G-JB6S-PN34,0G-JB6S-PN34-2025-11-10-row947,2025-11-10,110,110,110,0,0,2.74
0G-JB6S-PN34,0G-JB6S-PN34-2025-10-06-row917,2025-10-06,60,60,12,26,22,2.74
0H-5V53-GPG4,0H-5V53-GPG4-2025-08-25-row821,2025-08-25,100,100,0,46,54,4.85
0R-GRRH-W0Z9,0R-GRRH-W0Z9-2025-07-05-row671,2025-07-05,12,12,6,0,6,1.95
0Z-Y60V-499R,0Z-Y60V-499R-2025-10-20-row927,2025-10-20,12,0,0,3,9,1.92
1U-1W76-M840,1U-1W76-M840-2025-08-27-row834,2025-08-27,48,48,0,1,47,0.76
2G-AYBQ-TUQG,2G-AYBQ-TUQG-2025-03-10-row505,2025-03-10,30,30,8,7,15,8.27
2L-M26G-560I,2L-M26G-560I-2025-10-06-row916,2025-10-06,17,17,0,3,14,13.52
3B-3H3V-Z93T,3B-3H3V-Z93T-2026-01-05-row957,2026-01-05,30,30,27,3,0,1.6
3B-3H3V-Z93T,3B-3H3V-Z93T-2025-06-19-row761,2025-06-19,50,50,0,11,39,1.6
3E-62Y1-WPYU,3E-62Y1-WPYU-2024-02-20-row434,2024-02-20,4,4,0,1,3,2.96
3T-6QPR-E2MV,3T-6QPR-E2MV-2025-08-04-row800,2025-08-04,48,48,0,22,26,4.65
3X-EXDD-TD2K,3X-EXDD-TD2K-2025-10-06-row912,2025-10-06,16,16,8,8,0,20.51
3X-EXDD-TD2K,3X-EXDD-TD2K-2025-09-09-row862,2025-09-09,15,15,0,11,4,20.37
49-4UKW-G81R,49-4UKW-G81R-2025-06-19-row750,2025-06-19,85,85,9,51,25,3.04
4D-BI2L-5PZ8,4D-BI2L-5PZ8-2025-05-30-row724,2025-05-30,6,6,0,5,1,7.35
4F-HT42-FD26,4F-HT42-FD26-2025-10-20-row924,2025-10-20,30,30,1,29,0,3.33
4F-HT42-FD26,4F-HT42-FD26-2025-03-04-row464,2025-03-04,80,80,0,1,79,3.38
4U-9ZL6-9G0Y,4U-9ZL6-9G0Y-2025-12-16-row949,2025-12-16,237,237,1,0,236,0.0
4U-XT39-AMUJ,4U-XT39-AMUJ-2025-10-06-row888,2025-10-06,17,17,0,4,13,1.66
4W-VS57-BV6A,4W-VS57-BV6A-2025-01-05-row637,2025-01-05,30,30,21,4,5,18.5
5M-QO6K-LNH0,5M-QO6K-LNH0-2025-05-14-row687,2025-05-14,200,200,0,3,197,2.36
5Z-6Z0P-9TQQ,5Z-6Z0P-9TQQ-2024-12-11-row320,2024-12-11,13,13,12,0,1,0.77
6P-IWYA-X18B,6P-IWYA-X18B-2025-11-10-row932,2025-11-10,100,0,0,29,71,0.0
6Q-9G2A-IKVV,6Q-9G2A-IKVV-2025-04-29-row630,2025-04-29,144,144,59,2,83,7.29
6V-EEC1-2S9Z,6V-EEC1-2S9Z-2026-01-05-row955,2026-01-05,500,0,0,500,0,2.25
6V-EEC1-2S9Z,6V-EEC1-2S9Z-2025-11-10-row939,2025-11-10,1500,1500,5,1039,456,2.25
714776,714776-2025-10-06-row904,2025-10-06,6,6,0,6,0,1.21
714776,714776-2025-08-26-row839,2025-08-26,8,8,0,2,6,1.21
714810,714810-2025-08-26-row840,2025-08-26,12,12,11,1,0,1.34
79-CPJ6-DSG6,79-CPJ6-DSG6-2025-10-20-row925,2025-10-20,12,11,0,12,0,13.65
79-CPJ6-DSG6,79-CPJ6-DSG6-2025-08-25-row818,2025-08-25,7,7,0,5,2,13.65
7H-7G2P-ONWJ,7H-7G2P-ONWJ-2025-09-09-row843,2025-09-09,28,28,0,15,13,0.88
7L-OT45-7LYB,7L-OT45-7LYB-2025-10-27-row930,2025-10-27,58,58,0,58,0,1.16
7L-OT45-7LYB,7L-OT45-7LYB-2025-08-04-row804,2025-08-04,45,45,0,1,44,1.16
7M-48OU-23X3,7M-48OU-23X3-2025-04-05-row579,2025-04-05,15,15,14,1,0,7.59
81-3DY5-BFOR,81-3DY5-BFOR-2024-10-08-row145,2024-10-08,12,12,0,4,8,7.64
86-1VHQ-ABNK,86-1VHQ-ABNK-2025-03-17-row523,2025-03-17,40,40,39,0,1,0.57
8L-INBX-OUTU,8L-INBX-OUTU-2025-09-15-row871,2025-09-15,30,30,0,14,16,2.49
8M-LM6B-F2Q5,8M-LM6B-F2Q5-2025-09-15-row870,2025-09-15,4,4,3,1,0,1.7
8M-LM6B-F2Q5,8M-LM6B-F2Q5-2025-01-13-row355,2025-01-13,10,10,0,4,6,1.57
8M-NHB7-T8TR,8M-NHB7-T8TR-2025-10-06-row890,2025-10-06,25,25,6,19,0,15.26
8M-NHB7-T8TR,8M-NHB7-T8TR-2025-09-09-row847,2025-09-09,24,24,0,4,20,11.57
8R-E0Y9-0LAU,8R-E0Y9-0LAU-2026-01-12-row959,2026-01-12,10,10,7,3,0,38.1
8R-E0Y9-0LAU,8R-E0Y9-0LAU-2025-11-10-row945,2025-11-10,24,24,0,24,0,34.65
8U-QPFH-3EKQ,8U-QPFH-3EKQ-2025-12-16-row952,2025-12-16,4,4,0,4,0,2.93
8U-QPFH-3EKQ,8U-QPFH-3EKQ-2025-03-04-row474,2025-03-04,10,10,0,8,2,2.93
9X-7TBD-NA16,9X-7TBD-NA16-2025-06-23-row763,2025-06-23,90,90,0,28,62,1.99
9X-HL62-83C7,9X-HL62-83C7-2025-03-10-row490,2025-03-10,10,10,6,0,4,1.99
A1-KSU1-GZMS,A1-KSU1-GZMS-2025-11-01-row1658,2025-11-01,17,17,17,0,0,0.95
A2-T2AC-TW3L,A2-T2AC-TW3L-2026-01-05-row956,2026-01-05,360,120,120,240,0,4.51
A2-T2AC-TW3L,A2-T2AC-TW3L-2025-11-10-row940,2025-11-10,450,450,66,273,111,4.51
A9-2Y9G-M2K7,A9-2Y9G-M2K7-2025-06-23-row773,2025-06-23,73,73,0,1,72,1.52
AF-KIHX-ANYY,AF-KIHX-ANYY-2025-02-24-row451,2025-02-24,110,110,60,27,23,0.84
AX-NKNU-29C1,AX-NKNU-29C1-2025-04-14-row587,2025-04-14,200,200,136,47,17,0.61
BB-ZT14-1QQA,BB-ZT14-1QQA-2025-08-25-row819,2025-08-25,35,35,0,11,24,3.19
BL-WX51-KQOK,BL-WX51-KQOK-2025-05-05-row652,2025-05-05,10,10,6,2,2,3.4
BQ-O3OI-FTJU,BQ-O3OI-FTJU-2024-08-30-row35,2024-08-30,40,40,2,37,1,6.5
CJ-X0SS-QOUW,CJ-X0SS-QOUW-2025-05-20-row691,2025-05-20,12,12,9,3,0,4.16
CX-SMCH-4DYA,CX-SMCH-4DYA-2025-06-23-row770,2025-06-23,21,21,7,3,11,3.95
CY-5VNG-I5M8,CY-5VNG-I5M8-2025-10-07-row921,2025-10-07,7,7,0,2,5,2.22
D0-C7C0-H6LN,D0-C7C0-H6LN-2025-10-06-row915,2025-10-06,24,24,19,3,2,2.74
D2-8SPY-Q095,D2-8SPY-Q095-2025-05-22-row713,2025-05-22,12,12,2,10,0,2.42
D2-8SPY-Q095,D2-8SPY-Q095-2025-02-03-row383,2025-02-03,12,12,0,2,10,2.42
D7-MGBX-RX2P,D7-MGBX-RX2P-2025-10-20-row923,2025-10-20,90,90,0,90,0,2.43
D7-MGBX-RX2P,D7-MGBX-RX2P-2025-06-19-row748,2025-06-19,80,80,0,1,79,2.73
D8-1A3E-I37F,D8-1A3E-I37F-2025-05-05-row651,2025-05-05,10,10,8,1,1,5.58
DC-K5WH-R7F5,DC-K5WH-R7F5-2025-11-10-row935,2025-11-10,520,520,162,358,0,0.68
DC-K5WH-R7F5,DC-K5WH-R7F5-2025-09-09-row851,2025-09-09,560,560,0,7,553,0.63
DO-QDI1-K7R9,DO-QDI1-K7R9-2025-04-22-row602,2025-04-22,8,8,0,2,6,20.07
DT-SPI3-IK34,DT-SPI3-IK34-2024-10-10-row180,2024-10-10,5,5,0,1,4,3.74
DV-USYD-8WR2,DV-USYD-8WR2-2025-10-06-row909,2025-10-06,6,2,0,3,3,20.51
EA-FZ2V-D7II,EA-FZ2V-D7II-2025-02-17-row430,2025-02-17,10,10,0,1,9,1.83
EE-KTDC-KCFY,EE-KTDC-KCFY-2025-11-10-row942,2025-11-10,30,30,0,30,0,0.0
EV-CHU5-XU3G,EV-CHU5-XU3G-2025-10-06-row882,2025-10-06,228,228,53,175,0,2.73
F7-PMJ2-SG6A,F7-PMJ2-SG6A-2025-10-06-row886,2025-10-06,180,180,24,149,7,2.7
FB-6FW0-Z82Q,FB-6FW0-Z82Q-2025-04-23-row610,2025-04-23,10,10,8,0,2,1.62
FBA15K3QTGNT_unexpected_item_01,FBA15K3QTGNT_unexpected_item_01-2025-03-22-row546,2025-03-22,63,63,0,2,61,1.66
G8-L8EI-INMK,G8-L8EI-INMK-2025-12-16-row951,2025-12-16,17,17,0,4,13,0.0
GA-9DTN-9O1E,GA-9DTN-9O1E-2025-03-10-row503,2025-03-10,15,15,1,6,8,18.18
GD-B8SW-1PCP,GD-B8SW-1PCP-2025-04-03-row411,2025-04-03,15,15,0,9,6,28.75
GH-PONH-K4WQ,GH-PONH-K4WQ-2025-10-06-row884,2025-10-06,15,15,2,12,1,3.78
GJ-2OZK-0GCA,GJ-2OZK-0GCA-2026-01-05-row958,2026-01-05,14,14,13,1,0,17.5
GK-YI4S-C158,GK-YI4S-C158-2025-08-04-row805,2025-08-04,13,13,4,5,4,2.58
GY-FO04-RDYL,GY-FO04-RDYL-2025-05-14-row684,2025-05-14,10,10,1,0,9,3.6
H4-86XG-NLX6,H4-86XG-NLX6-2025-10-06-row898,2025-10-06,24,24,0,21,3,3.25
H6-E7MP-EBPD,H6-E7MP-EBPD-2025-04-24-row620,2025-04-24,27,27,25,2,0,8.45
HL-03ZR-QPHH,HL-03ZR-QPHH-2025-05-14-row685,2025-05-14,10,10,4,1,5,3.6
HO-LSOY-8R05,HO-LSOY-8R05-2026-01-12-row960,2026-01-12,3,3,3,0,0,17.4
HS-R5IP-7E1C,HS-R5IP-7E1C-2025-02-24-row456,2025-02-24,12,12,2,0,10,0.99
I2-6YKQ-CIBP,I2-6YKQ-CIBP-2025-10-06-row914,2025-10-06,28,28,0,28,0,3.96
I2-6YKQ-CIBP,I2-6YKQ-CIBP-2025-09-09-row863,2025-09-09,10,10,0,4,6,3.57
IB-U5FA-BO2Y,IB-U5FA-BO2Y-2025-11-10-row943,2025-11-10,4,4,1,3,0,20.71
IB-U5FA-BO2Y,IB-U5FA-BO2Y-2025-10-06-row908,2025-10-06,6,6,0,5,1,20.51
IJ-V0PQ-4CZ4,IJ-V0PQ-4CZ4-2025-07-05-row673,2025-07-05,12,12,8,1,3,1.97
IM-AYXV-79NJ,IM-AYXV-79NJ-2025-09-09-row857,2025-09-09,30,30,0,5,25,2.25
JB-RGB6-LZOJ,JB-RGB6-LZOJ-2025-05-01-row643,2025-05-01,150,150,95,10,45,2.47
JH-97NP-GJDG,JH-97NP-GJDG-2025-11-01-row1659,2025-11-01,3,3,0,2,1,0.78
JL-VTP2-JF3Q,JL-VTP2-JF3Q-NaT-row552,NaT,12,12,1,7,4,6.95
JV-D1TI-6UF6,JV-D1TI-6UF6-2025-10-20-row929,2025-10-20,34,34,0,34,0,3.6
JV-D1TI-6UF6,JV-D1TI-6UF6-2025-09-15-row868,2025-09-15,15,15,0,1,14,3.6
K0-71JR-UNLF,K0-71JR-UNLF-2025-05-05-row650,2025-05-05,8,8,0,3,5,2.44
KI-CR51-18J3,KI-CR51-18J3-NaT-row548,NaT,6,6,0,6,0,28.2
L1-54EX-56YC,L1-54EX-56YC-2025-09-15-row875,2025-09-15,24,24,22,2,0,5.35
L1-54EX-56YC,L1-54EX-56YC-2025-08-26-row824,2025-08-26,24,24,0,6,18,5.35
L3-ZQ8U-A7LQ,L3-ZQ8U-A7LQ-2025-10-06-row910,2025-10-06,60,60,55,5,0,3.7
L3-ZQ8U-A7LQ,L3-ZQ8U-A7LQ-2025-05-14-row689,2025-05-14,100,100,0,27,73,3.4
L5-PF3B-WHU4,L5-PF3B-WHU4-2026-01-12-row961,2026-01-12,17,17,13,4,0,17.5
L5-PF3B-WHU4,L5-PF3B-WHU4-2025-11-10-row946,2025-11-10,6,6,0,5,1,17.5
LF-X542-9TDZ,LF-X542-9TDZ-2025-09-09-row849,2025-09-09,10,10,0,5,5,7.74
LR-7GM6-1RCH,LR-7GM6-1RCH-2025-06-19-row755,2025-06-19,52,52,13,4,35,23.25
LV-425G-BY4X,LV-425G-BY4X-2025-09-09-row842,2025-09-09,52,52,0,47,5,16.38
M5-71MK-T0DL,M5-71MK-T0DL-2025-02-05-row396,2025-02-05,100,100,0,1,99,4.32
MF-TPXM-F8AF,MF-TPXM-F8AF-2024-10-29-row235,2024-10-29,8,8,0,1,7,18.54
MW-9K5M-VKW8,MW-9K5M-VKW8-2025-10-06-row899,2025-10-06,90,90,0,90,0,13.65
MW-9K5M-VKW8,MW-9K5M-VKW8-2025-08-04-row803,2025-08-04,145,145,0,10,135,13.65
MY-KL21-NMV5,MY-KL21-NMV5-NaT-row218,NaT,20,20,0,11,9,18.5
N7-A24N-WJA7,N7-A24N-WJA7-2025-10-06-row894,2025-10-06,50,50,0,48,2,3.01
NN-TSZ1-X2RD,NN-TSZ1-X2RD-2025-12-16-row953,2025-12-16,94,94,17,77,0,3.99
NN-TSZ1-X2RD,NN-TSZ1-X2RD-2025-11-10-row936,2025-11-10,64,64,0,64,0,3.79
NN-TSZ1-X2RD,NN-TSZ1-X2RD-2025-10-07-row918,2025-10-07,150,150,0,88,62,3.79
NX-0Q7A-XR6H,NX-0Q7A-XR6H-2025-07-10-row793,2025-07-10,16,16,0,6,10,2.74
OV-LVEL-DQL6,OV-LVEL-DQL6-2025-04-03-row460,2025-04-03,12,12,9,2,1,6.95
PE-G94Y-4PYO,PE-G94Y-4PYO-2025-05-01-row633,2025-05-01,30,30,5,11,14,2.86
PY-XV78-3OG5,PY-XV78-3OG5-2025-10-06-row913,2025-10-06,8,8,0,7,1,20.51
R4-0AXZ-ZZ9D,R4-0AXZ-ZZ9D-2025-10-06-row895,2025-10-06,15,15,5,9,1,4.85
R7-98IN-2PW8,R7-98IN-2PW8-2025-09-09-row858,2025-09-09,291,291,50,40,201,2.5
RB-82FL-T88J,RB-82FL-T88J-2025-03-02-row395,2025-03-02,15,15,0,14,1,14.5
RI-VSUS-0YTD,RI-VSUS-0YTD-2025-09-09-row860,2025-09-09,30,30,16,7,7,1.65
RW-AZK6-O4M2,RW-AZK6-O4M2-2025-08-04-row806,2025-08-04,48,48,31,11,6,0.52
RZ-6ZL9-CZ7J,RZ-6ZL9-CZ7J-2025-05-30-row725,2025-05-30,124,124,50,10,64,2.42
SC-LYFM-ORXK,SC-LYFM-ORXK-2025-06-19-row746,2025-06-19,26,26,0,16,10,4.2
SQ-7QYT-5D5B,SQ-7QYT-5D5B-2025-06-02-row742,2025-06-02,50,50,1,11,38,1.5
SR-6OBB-WC03,SR-6OBB-WC03-2025-08-25-row820,2025-08-25,120,120,12,91,17,2.86
SU-5LQH-2DVN,SU-5LQH-2DVN-2025-11-10-row941,2025-11-10,75,75,20,55,0,2.19
SU-5LQH-2DVN,SU-5LQH-2DVN-2025-05-01-row632,2025-05-01,166,166,0,2,164,2.01
SU-JM8R-2U82,SU-JM8R-2U82-2024-02-10-row114,2024-02-10,35,35,0,5,30,6.95
T8-6UWL-I3E1,T8-6UWL-I3E1-2025-08-26-row823,2025-08-26,280,280,69,4,207,1.48
TE-Y18U-S2O1,TE-Y18U-S2O1-2025-06-19-row747,2025-06-19,10,10,0,5,5,4.16
TJ-6LOP-OPEU,TJ-6LOP-OPEU-2025-03-17-row527,2025-03-17,24,24,16,3,5,2.19
TK-E7QE-T40G,TK-E7QE-T40G-2025-02-17-row428,2025-02-17,300,300,17,5,278,3.8
TU-8I14-25ZR,TU-8I14-25ZR-2025-10-06-row883,2025-10-06,120,120,19,95,6,12.67
U1-M5BM-8F5W,U1-M5BM-8F5W-2024-11-12-row323,2024-11-12,30,30,0,9,21,13.0
UL-D0Y8-ZNI5,UL-D0Y8-ZNI5-2025-09-09-row848,2025-09-09,10,10,0,7,3,19.5
UR-Q7TM-1F3I,UR-Q7TM-1F3I-2025-05-20-row692,2025-05-20,6,6,1,3,2,7.59
US-AK96-YFSB,US-AK96-YFSB-2025-10-06-row900,2025-10-06,3,3,3,0,0,1.25
VF-3T0K-DR5O,VF-3T0K-DR5O-2025-11-18-row948,2025-11-18,800,800,489,311,0,2.05
VL-48KZ-J3F2,VL-48KZ-J3F2-2025-10-06-row902,2025-10-06,46,46,0,46,0,1.06
VO-A6AR-18YS,VO-A6AR-18YS-2025-08-25-row817,2025-08-25,4,0,0,2,2,0.0
VO-A6AR-18YS,VO-A6AR-18YS-2025-07-05-row672,2025-07-05,6,6,1,0,5,1.97
VU-8KRA-QP5M,VU-8KRA-QP5M-2025-06-23-row764,2025-06-23,100,100,41,39,20,4.32
WE-1Z7L-SA2I,WE-1Z7L-SA2I-2025-09-09-row859,2025-09-09,39,39,39,0,0,1.65
WJ-YHKC-EES5,WJ-YHKC-EES5-2025-10-06-row892,2025-10-06,36,0,0,2,34,2.09
WJ-YHKC-EES5,WJ-YHKC-EES5-2025-08-04-row802,2025-08-04,5,5,1,0,4,2.09
WX-L5UA-UB1Q,WX-L5UA-UB1Q-2025-06-19-row757,2025-06-19,802,802,219,583,0,1.72
WX-L5UA-UB1Q,WX-L5UA-UB1Q-2025-04-29-row629,2025-04-29,400,400,0,7,393,1.84
X7-MY4W-H2I4,X7-MY4W-H2I4-2025-10-06-row901,2025-10-06,13,13,1,12,0,2.28
XE-27ZG-EZPZ,XE-27ZG-EZPZ-2025-04-23-row606,2025-04-23,19,19,16,2,1,1.23
XE-YPAI-HX9F,XE-YPAI-HX9F-2025-12-16-row954,2025-12-16,24,24,0,24,0,4.7
XE-YPAI-HX9F,XE-YPAI-HX9F-2025-10-07-row919,2025-10-07,52,52,0,52,0,4.58
XE-YPAI-HX9F,XE-YPAI-HX9F-2025-09-15-row867,2025-09-15,50,50,0,9,41,4.79
XG-Z9LW-Z27Q,XG-Z9LW-Z27Q-2025-10-20-row926,2025-10-20,12,6,0,9,3,1.99
XH-0LAE-FQO5,XH-0LAE-FQO5-2025-10-20-row928,2025-10-20,305,306,24,281,0,2.9
XH-0LAE-FQO5,XH-0LAE-FQO5-2025-09-15-row865,2025-09-15,350,350,0,20,330,2.9
XH-OMMJ-C7MT,XH-OMMJ-C7MT-2025-04-14-row586,2025-04-14,8,8,0,7,1,2.45
XY-UM2X-TPS3,XY-UM2X-TPS3-2025-05-14-row688,2025-05-14,150,150,36,26,88,4.57
YC-3L3M-BV48,YC-3L3M-BV48-2025-10-06-row893,2025-10-06,16,16,11,3,2,39.61
YO-EKK2-FRCC,YO-EKK2-FRCC-2025-09-09-row845,2025-09-09,10,10,7,3,0,2.38
YO-EKK2-FRCC,YO-EKK2-FRCC-2025-05-05-row654,2025-05-05,10,10,0,2,8,3.28
Z3-ORV9-K8XD,Z3-ORV9-K8XD-2025-05-05-row647,2025-05-05,400,400,0,195,205,6.56
Z7-26PV-O9LR,Z7-26PV-O9LR-2025-09-15-row866,2025-09-15,200,200,16,145,39,4.44
Z9-FBUQ-EZN3,Z9-FBUQ-EZN3-2025-10-06-row889,2025-10-06,17,17,0,12,5,2.89
ZI-1MA2-8QGC,ZI-1MA2-8QGC-2024-10-23-row219,2024-10-23,10,10,0,5,5,8.48
ZT-QPY3-P24I,ZT-QPY3-P24I-2025-11-10-row944,2025-11-10,9,0,0,0,9,34.65
ZT-QPY3-P24I,ZT-QPY3-P24I-2025-10-06-row911,2025-10-06,3,3,2,0,1,34.32
ZU-PFDN-JSYV,ZU-PFDN-JSYV-2025-10-06-row903,2025-10-06,14,14,0,14,0,4.89
ZV-RLOD-Q0JI,ZV-RLOD-Q0JI-2025-09-09-row854,2025-09-09,10,10,0,10,0,7.55
