sku,lot_id,sent_to_fba,existing_tokens,tokens_created,cost_per_unit,order_date
JH-97NP-GJDG,JH-97NP-GJDG-01112025-row1658,3,0,3,0.78,01/11/2025
A1-KSU1-GZMS,A1-KSU1-GZMS-01112025-row1657,17,0,17,0.95,01/11/2025
02-7AZG-O0CV,02-7AZG-O0CV-01112025-row1656,1,0,1,0.59,01/11/2025
L5-PF3B-WHU4,L5-PF3B-WHU4-120126-row960,17,0,17,17.5,12/01/26
HO-LSOY-8R05,HO-LSOY-8R05-120126-row959,3,0,3,17.4,12/01/26
8R-E0Y9-0LAU,8R-E0Y9-0LAU-120126-row958,10,0,10,38.1,12/01/26
GJ-2OZK-0GCA,GJ-2OZK-0GCA-050126-row957,14,0,14,17.5,05/01/26
3B-3H3V-Z93T,3B-3H3V-Z93T-050126-row956,30,0,30,1.6,05/01/26
A2-T2AC-TW3L,A2-T2AC-TW3L-050126-row955,120,0,120,4.51,05/01/26
XE-YPAI-HX9F,XE-YPAI-HX9F-161225-row953,24,0,24,4.7,16/12/25
NN-TSZ1-X2RD,NN-TSZ1-X2RD-161225-row952,94,0,94,3.99,16/12/25
8U-QPFH-3EKQ,8U-QPFH-3EKQ-161225-row951,4,0,4,2.93,16/12/25
VF-3T0K-DR5O,VF-3T0K-DR5O-181125-row947,800,0,800,2.05,18/11/25
0G-JB6S-PN34,0G-JB6S-PN34-101125-row946,110,0,110,2.74,10/11/25
L5-PF3B-WHU4,L5-PF3B-WHU4-101125-row945,6,0,6,17.5,10/11/25
8R-E0Y9-0LAU,8R-E0Y9-0LAU-101125-row944,24,0,24,34.65,10/11/25
IB-U5FA-BO2Y,IB-U5FA-BO2Y-101125-row942,4,0,4,20.71,10/11/25
SU-5LQH-2DVN,SU-5LQH-2DVN-101125-row940,75,0,75,2.19,10/11/25
A2-T2AC-TW3L,A2-T2AC-TW3L-101125-row939,450,0,450,4.51,10/11/25
6V-EEC1-2S9Z,6V-EEC1-2S9Z-101125-row938,1500,0,1500,2.25,10/11/25
NN-TSZ1-X2RD,NN-TSZ1-X2RD-101125-row935,64,0,64,3.79,10/11/25
DC-K5WH-R7F5,DC-K5WH-R7F5-101125-row934,520,0,520,0.68,10/11/25
VF-3T0K-DR5O,VF-3T0K-DR5O-281025-row930,800,0,800,2.05,28/10/25
7L-OT45-7LYB,7L-OT45-7LYB-271025-row929,58,0,58,1.16,27/10/25
JV-D1TI-6UF6,JV-D1TI-6UF6-201025-row928,34,0,34,3.6,20/10/25
XH-0LAE-FQO5,XH-0LAE-FQO5-201025-row927,306,0,306,2.9,20/10/25
XG-Z9LW-Z27Q,XG-Z9LW-Z27Q-201025-row925,6,0,6,1.99,20/10/25
79-CPJ6-DSG6,79-CPJ6-DSG6-201025-row924,11,0,11,13.65,20/10/25
4F-HT42-FD26,4F-HT42-FD26-201025-row923,30,0,30,3.33,20/10/25
D7-MGBX-RX2P,D7-MGBX-RX2P-201025-row922,90,0,90,2.43,20/10/25
CY-5VNG-I5M8,CY-5VNG-I5M8-071025-row920,7,0,7,2.22,07/10/25
G8-L8EI-INMK,G8-L8EI-INMK-071025-row919,9,0,9,1.12,07/10/25
XE-YPAI-HX9F,XE-YPAI-HX9F-071025-row918,52,0,52,4.58,07/10/25
NN-TSZ1-X2RD,NN-TSZ1-X2RD-071025-row917,150,0,150,3.79,07/10/25
0G-JB6S-PN34,0G-JB6S-PN34-061025-row916,60,0,60,2.74,06/10/25
2L-M26G-560I,2L-M26G-560I-061025-row915,17,0,17,13.52,06/10/25
D0-C7C0-H6LN,D0-C7C0-H6LN-061025-row914,24,0,24,2.74,06/10/25
I2-6YKQ-CIBP,I2-6YKQ-CIBP-061025-row913,28,0,28,3.96,06/10/25
PY-XV78-3OG5,PY-XV78-3OG5-061025-row912,8,0,8,20.51,06/10/25
3X-EXDD-TD2K,3X-EXDD-TD2K-061025-row911,16,0,16,20.51,06/10/25
ZT-QPY3-P24I,ZT-QPY3-P24I-061025-row910,3,0,3,34.32,06/10/25
L3-ZQ8U-A7LQ,L3-ZQ8U-A7LQ-061025-row909,60,0,60,3.7,06/10/25
DV-USYD-8WR2,DV-USYD-8WR2-061025-row908,2,0,2,20.51,06/10/25
IB-U5FA-BO2Y,IB-U5FA-BO2Y-061025-row907,6,0,6,20.51,06/10/25
714776,714776-061025-row903,6,0,6,1.21,06/10/25
ZU-PFDN-JSYV,ZU-PFDN-JSYV-061025-row902,14,0,14,4.89,06/10/25
VL-48KZ-J3F2,VL-48KZ-J3F2-061025-row901,46,0,46,1.06,06/10/25
X7-MY4W-H2I4,X7-MY4W-H2I4-061025-row900,13,0,13,2.28,06/10/25
US-AK96-YFSB,US-AK96-YFSB-061025-row899,3,0,3,1.25,06/10/25
MW-9K5M-VKW8,MW-9K5M-VKW8-061025-row898,90,0,90,13.65,06/10/25
H4-86XG-NLX6,H4-86XG-NLX6-061025-row897,24,0,24,3.25,06/10/25
R4-0AXZ-ZZ9D,R4-0AXZ-ZZ9D-061025-row894,15,0,15,4.85,06/10/25
N7-A24N-WJA7,N7-A24N-WJA7-061025-row893,50,0,50,3.01,06/10/25
YC-3L3M-BV48,YC-3L3M-BV48-061025-row892,16,0,16,39.61,06/10/25
8M-NHB7-T8TR,8M-NHB7-T8TR-061025-row889,25,0,25,15.26,06/10/25
Z9-FBUQ-EZN3,Z9-FBUQ-EZN3-061025-row888,17,0,17,2.89,06/10/25
4U-XT39-AMUJ,4U-XT39-AMUJ-061025-row887,17,0,17,1.66,06/10/25
MW-1ILH-TLS4,MW-1ILH-TLS4-061025-row886,35,0,35,4.62,06/10/25
F7-PMJ2-SG6A,F7-PMJ2-SG6A-061025-row885,180,0,180,2.7,06/10/25
GH-PONH-K4WQ,GH-PONH-K4WQ-061025-row883,15,0,15,3.78,06/10/25
TU-8I14-25ZR,TU-8I14-25ZR-061025-row882,120,0,120,12.67,06/10/25
EV-CHU5-XU3G,EV-CHU5-XU3G-061025-row881,228,0,228,2.73,06/10/25
GJ-2OZK-0GCA,GJ-2OZK-0GCA-150925-row879,4,0,4,17.5,15/09/25
0G-JB6S-PN34,0G-JB6S-PN34-150925-row878,24,0,24,2.74,15/09/25
2L-M26G-560I,2L-M26G-560I-150925-row877,6,0,6,13.52,15/09/25
D0-C7C0-H6LN,D0-C7C0-H6LN-150925-row876,12,0,12,2.74,15/09/25
L1-54EX-56YC,L1-54EX-56YC-150925-row874,24,0,24,5.35,15/09/25
VL-48KZ-J3F2,VL-48KZ-J3F2-150925-row872,40,0,40,1.06,15/09/25
SE-IQQJ-EOU3,SE-IQQJ-EOU3-150925-row871,5,0,5,10.38,15/09/25
8L-INBX-OUTU,8L-INBX-OUTU-150925-row870,30,0,30,2.49,15/09/25
8M-LM6B-F2Q5,8M-LM6B-F2Q5-150925-row869,4,0,4,1.7,15/09/25
JV-D1TI-6UF6,JV-D1TI-6UF6-150925-row867,15,0,15,3.6,15/09/25
XE-YPAI-HX9F,XE-YPAI-HX9F-150925-row866,50,0,50,4.79,15/09/25
Z7-26PV-O9LR,Z7-26PV-O9LR-150925-row865,200,0,200,4.44,15/09/25
XH-0LAE-FQO5,XH-0LAE-FQO5-150925-row864,350,0,350,2.9,15/09/25
I2-6YKQ-CIBP,I2-6YKQ-CIBP-090925-row862,10,0,10,3.57,09/09/25
3X-EXDD-TD2K,3X-EXDD-TD2K-090925-row861,15,0,15,20.37,09/09/25
A2-T2AC-TW3L,A2-T2AC-TW3L-090925-row860,360,0,360,4.29,09/09/25
RI-VSUS-0YTD,RI-VSUS-0YTD-090925-row859,30,0,30,1.65,09/09/25
WE-1Z7L-SA2I,WE-1Z7L-SA2I-090925-row858,39,0,39,1.65,09/09/25
R7-98IN-2PW8,R7-98IN-2PW8-090925-row857,291,0,291,2.5,09/09/25
IM-AYXV-79NJ,IM-AYXV-79NJ-090925-row856,30,0,30,2.25,09/09/25
ZV-RLOD-Q0JI,ZV-RLOD-Q0JI-090925-row853,10,0,10,7.55,09/09/25
DC-K5WH-R7F5,DC-K5WH-R7F5-090925-row850,560,0,560,0.63,09/09/25
4U-9ZL6-9G0Y,4U-9ZL6-9G0Y-090925-row849,109,0,109,1.26,09/09/25
LF-X542-9TDZ,LF-X542-9TDZ-090925-row848,10,0,10,7.74,09/09/25
UL-D0Y8-ZNI5,UL-D0Y8-ZNI5-090925-row847,10,0,10,19.5,09/09/25
8M-NHB7-T8TR,8M-NHB7-T8TR-090925-row846,24,0,24,11.57,09/09/25
MW-1ILH-TLS4,MW-1ILH-TLS4-090925-row845,12,0,12,5.43,09/09/25
YO-EKK2-FRCC,YO-EKK2-FRCC-090925-row844,10,0,10,2.38,09/09/25
D1-LSS7-93U8,D1-LSS7-93U8-090925-row843,12,0,12,2.01,09/09/25
7H-7G2P-ONWJ,7H-7G2P-ONWJ-090925-row842,28,0,28,0.88,09/09/25
LV-425G-BY4X,LV-425G-BY4X-090925-row841,52,0,52,16.38,09/09/25
714810,714810-260825-row839,12,0,12,1.34,26/08/25
714776,714776-260825-row838,8,0,8,1.21,26/08/25
FD-R7YW-X0GH,FD-R7YW-X0GH-250825-row837,12,0,12,1.98,25/08/25
PY-XV78-3OG5,PY-XV78-3OG5-260825-row836,2,0,2,20.34,26/08/25
HY-T1P7-038S,HY-T1P7-038S-270825-row835,4,0,4,21.99,27/08/25
OT-3LZR-3R6K,OT-3LZR-3R6K-270825-row834,8,0,8,9.5,27/08/25
1U-1W76-M840,1U-1W76-M840-270825-row833,48,0,48,0.76,27/08/25
GJ-2OZK-0GCA,GJ-2OZK-0GCA-260825-row830,12,0,12,17.5,26/08/25
0G-JB6S-PN34,0G-JB6S-PN34-260825-row829,24,0,24,2.74,26/08/25
2L-M26G-560I,2L-M26G-560I-260825-row828,6,0,6,13.52,26/08/25
L5-PF3B-WHU4,L5-PF3B-WHU4-260825-row827,17,0,17,17.5,26/08/25
8R-E0Y9-0LAU,8R-E0Y9-0LAU-260825-row826,8,0,8,34.4,26/08/25
DV-USYD-8WR2,DV-USYD-8WR2-260825-row825,1,0,1,20.33,26/08/25
IB-U5FA-BO2Y,IB-U5FA-BO2Y-260825-row824,4,0,4,20.33,26/08/25
L1-54EX-56YC,L1-54EX-56YC-260825-row823,24,0,24,5.35,26/08/25
T8-6UWL-I3E1,T8-6UWL-I3E1-260825-row822,280,0,280,1.48,26/08/25
X7-MY4W-H2I4,X7-MY4W-H2I4-260825-row821,12,0,12,2.28,26/08/25
0H-5V53-GPG4,0H-5V53-GPG4-250825-row820,100,0,100,4.85,25/08/25
SR-6OBB-WC03,SR-6OBB-WC03-250825-row819,120,0,120,2.86,25/08/25
BB-ZT14-1QQA,BB-ZT14-1QQA-250825-row818,35,0,35,3.19,25/08/25
79-CPJ6-DSG6,79-CPJ6-DSG6-250825-row817,7,0,7,13.65,25/08/25
6V-EEC1-2S9Z,6V-EEC1-2S9Z-060825-row815,1000,0,1000,2.1,06/08/25
0G-JB6S-PN34,0G-JB6S-PN34-040825-row813,50,0,50,2.74,04/08/25
8R-E0Y9-0LAU,8R-E0Y9-0LAU-040825-row811,7,0,7,34.91,04/08/25
ZT-QPY3-P24I,ZT-QPY3-P24I-040825-row810,7,0,7,34.91,04/08/25
DV-USYD-8WR2,DV-USYD-8WR2-040825-row809,3,0,3,20.62,04/08/25
L1-54EX-56YC,L1-54EX-56YC-040825-row808,18,0,18,5.35,04/08/25
51-79LN-GGLK,51-79LN-GGLK-040825-row807,6,0,6,1.43,04/08/25
T8-6UWL-I3E1,T8-6UWL-I3E1-040825-row806,100,0,100,1.48,04/08/25
RW-AZK6-O4M2,RW-AZK6-O4M2-040825-row805,48,0,48,0.52,04/08/25
GK-YI4S-C158,GK-YI4S-C158-040825-row804,13,0,13,2.58,04/08/25
7L-OT45-7LYB,7L-OT45-7LYB-040825-row803,45,0,45,1.16,04/08/25
MW-9K5M-VKW8,MW-9K5M-VKW8-040825-row802,145,0,145,13.65,04/08/25
WJ-YHKC-EES5,WJ-YHKC-EES5-040825-row801,5,0,5,2.09,04/08/25
94-X6R7-SCOW,94-X6R7-SCOW-040825-row800,6,0,6,2.82,04/08/25
3T-6QPR-E2MV,3T-6QPR-E2MV-040825-row799,48,0,48,4.65,04/08/25
XE-YPAI-HX9F,XE-YPAI-HX9F-040825-row798,32,0,32,4.79,04/08/25
XH-0LAE-FQO5,XH-0LAE-FQO5-040825-row797,160,0,160,2.96,04/08/25
0H-5V53-GPG4,0H-5V53-GPG4-040825-row796,100,0,100,4.85,04/08/25
BB-ZT14-1QQA,BB-ZT14-1QQA-040825-row795,20,0,20,3.17,04/08/25
SZ-UL4K-SE7W,SZ-UL4K-SE7W-040825-row794,5,0,5,3.17,04/08/25
GJ-2OZK-0GCA,GJ-2OZK-0GCA-100725-row793,14,0,14,17.5,10/07/25
NX-0Q7A-XR6H,NX-0Q7A-XR6H-100725-row792,16,0,16,2.74,10/07/25
AK-OB6V-HIYD,AK-OB6V-HIYD-090725-row790,10,0,10,1.21,09/07/25
VL-48KZ-J3F2,VL-48KZ-J3F2-090725-row788,56,0,56,1.06,09/07/25
UR-UAT8-4JSI,UR-UAT8-4JSI-090725-row787,86,0,86,0.83,09/07/25
SE-IQQJ-EOU3,SE-IQQJ-EOU3-090725-row786,11,0,11,10.38,09/07/25
NX-YY01-TLFO,NX-YY01-TLFO-090725-row785,12,0,12,1.76,09/07/25
6Z-8POQ-K5XH,6Z-8POQ-K5XH-090725-row784,10,0,10,2.91,09/07/25
8L-INBX-OUTU,8L-INBX-OUTU-090725-row783,12,0,12,2.49,09/07/25
N4-5C3G-RJS1,N4-5C3G-RJS1-090725-row782,8,0,8,3.23,09/07/25
6V-EEC1-2S9Z,6V-EEC1-2S9Z-090725-row781,1000,0,1000,2.1,09/07/25
DC-K5WH-R7F5,DC-K5WH-R7F5-090725-row778,500,0,500,0.63,09/07/25
79-CPJ6-DSG6,79-CPJ6-DSG6-090725-row777,6,0,6,13.65,09/07/25
LV-425G-BY4X,LV-425G-BY4X-090725-row776,46,0,46,16.38,09/07/25
6P-IWYA-X18B,6P-IWYA-X18B-090725-row775,100,0,100,4.31,09/07/25
SZ-UL4K-SE7W,SZ-UL4K-SE7W-090725-row774,30,0,30,3.08,09/07/25
RY-U14K-5XDR,RY-U14K-5XDR-230625-row773,7,0,7,1.7,23/06/25
A9-2Y9G-M2K7,A9-2Y9G-M2K7-230625-row772,73,0,73,1.52,23/06/25
UE-BZE5-I0WM,UE-BZE5-I0WM-230625-row771,8,0,8,0.89,23/06/25
QP-BCUW-E90M,QP-BCUW-E90M-230625-row770,18,0,18,13.76,23/06/25
CX-SMCH-4DYA,CX-SMCH-4DYA-230625-row769,21,0,21,3.95,23/06/25
MV-UNOG-CTUU,MV-UNOG-CTUU-230625-row768,30,0,30,1.5,23/06/25
OW-ONY2-KNM7,OW-ONY2-KNM7-230625-row766,23,0,23,2.51,23/06/25
U4-61J7-ERHI,U4-61J7-ERHI-230625-row765,3,0,3,16.28,23/06/25
B7-JEPF-6CU7,B7-JEPF-6CU7-230625-row764,33,0,33,0.89,23/06/25
VU-8KRA-QP5M,VU-8KRA-QP5M-230625-row763,100,0,100,4.32,23/06/25
9X-7TBD-NA16,9X-7TBD-NA16-230625-row762,90,0,90,1.99,23/06/25
L5-PF3B-WHU4,L5-PF3B-WHU4-190625-row761,15,0,15,17.5,19/06/25
3B-3H3V-Z93T,3B-3H3V-Z93T-190625-row760,50,0,50,1.6,19/06/25
GJ-2OZK-0GCA,GJ-2OZK-0GCA-190625-row759,5,0,5,17.5,19/06/25
0G-JB6S-PN34,0G-JB6S-PN34-190625-row758,10,0,10,2.74,19/06/25
NX-0Q7A-XR6H,NX-0Q7A-XR6H-190625-row757,30,0,30,2.74,19/06/25
WX-L5UA-UB1Q,WX-L5UA-UB1Q-190625-row756,802,0,802,1.72,19/06/25
MY-XMO2-EXY1,MY-XMO2-EXY1-190625-row755,10,0,10,9.8,19/06/25
LR-7GM6-1RCH,LR-7GM6-1RCH-190625-row754,52,0,52,23.25,19/06/25
GW-1ECO-QZA7,GW-1ECO-QZA7-190625-row753,50,0,50,20.05,19/06/25
MW-9K5M-VKW8,MW-9K5M-VKW8-190625-row752,70,0,70,13.65,19/06/25
NO-N6RP-Y30Q,NO-N6RP-Y30Q-190625-row750,120,0,120,4.31,19/06/25
49-4UKW-G81R,49-4UKW-G81R-190625-row749,85,0,85,3.04,19/06/25
D7-MGBX-RX2P,D7-MGBX-RX2P-190625-row747,80,0,80,2.73,19/06/25
TE-Y18U-S2O1,TE-Y18U-S2O1-190625-row746,10,0,10,4.16,19/06/25
SC-LYFM-ORXK,SC-LYFM-ORXK-190625-row745,26,0,26,4.2,19/06/25
6V-EEC1-2S9Z,6V-EEC1-2S9Z-100625-row744,500,0,500,2.1,10/06/25
88-PT9Z-DP6C,88-PT9Z-DP6C-020625-row743,50,0,50,0.5,02/06/25
H8-MI8Q-WG5C,H8-MI8Q-WG5C-020625-row742,153,0,153,3.25,02/06/25
SQ-7QYT-5D5B,SQ-7QYT-5D5B-020625-row741,50,0,50,1.5,02/06/25
XY-SHVR-W7PG,XY-SHVR-W7PG-020625-row740,100,0,100,1.5,02/06/25
7H-7G2P-ONWJ,7H-7G2P-ONWJ-020625-row738,24,0,24,0.88,02/06/25
4F-I024-EY2R,4F-I024-EY2R-020625-row737,10,0,10,1.67,02/06/25
8M-NHB7-T8TR,8M-NHB7-T8TR-020625-row736,10,0,10,11.57,02/06/25
ZT-QPY3-P24I,ZT-QPY3-P24I-300525-row735,6,0,6,33.11,30/05/25
IB-U5FA-BO2Y,IB-U5FA-BO2Y-300525-row734,8,0,8,20.07,30/05/25
MW-9K5M-VKW8,MW-9K5M-VKW8-300525-row733,60,0,60,13.65,30/05/25
B1-4B2R-MBRP,B1-4B2R-MBRP-300525-row732,6,0,6,1.82,30/05/25
7C-MBEY-QA37,7C-MBEY-QA37-300525-row731,80,0,80,2.62,30/05/25
94-X6R7-SCOW,94-X6R7-SCOW-300525-row730,6,0,6,2.82,30/05/25
3T-6QPR-E2MV,3T-6QPR-E2MV-300525-row729,24,0,24,4.65,30/05/25
DC-K5WH-R7F5,DC-K5WH-R7F5-300525-row728,440,0,440,0.63,30/05/25
Z7-26PV-O9LR,Z7-26PV-O9LR-300525-row727,150,0,150,4.37,30/05/25
VF-3T0K-DR5O,VF-3T0K-DR5O-300525-row726,750,0,750,2.05,30/05/25
4U-9ZL6-9G0Y,4U-9ZL6-9G0Y-300525-row725,576,0,576,1.2,30/05/25
RZ-6ZL9-CZ7J,RZ-6ZL9-CZ7J-300525-row724,124,0,124,2.42,30/05/25
4D-BI2L-5PZ8,4D-BI2L-5PZ8-300525-row723,6,0,6,7.35,30/05/25
CX-1R85-163Z,CX-1R85-163Z-300525-row722,32,0,32,6.5,30/05/25
6V-EEC1-2S9Z,6V-EEC1-2S9Z-220525-row718,500,0,500,2.07,22/05/25
0Z-Y60V-499R,0Z-Y60V-499R-220525-row717,6,0,6,1.92,22/05/25
XG-Z9LW-Z27Q,XG-Z9LW-Z27Q-220525-row716,24,0,24,1.89,22/05/25
VL-48KZ-J3F2,VL-48KZ-J3F2-220525-row714,63,0,63,1.04,22/05/25
UR-UAT8-4JSI,UR-UAT8-4JSI-220525-row713,97,0,97,0.83,22/05/25
D2-8SPY-Q095,D2-8SPY-Q095-220525-row712,12,0,12,2.42,22/05/25
98-MF34-BSCF,98-MF34-BSCF-220525-row709,26,0,26,3.19,22/05/25
L1-54EX-56YC,L1-54EX-56YC-220525-row707,14,0,14,5.35,22/05/25
ZU-PFDN-JSYV,ZU-PFDN-JSYV-220525-row705,9,0,9,3.76,22/05/25
2L-M26G-560I,2L-M26G-560I-200525-row703,12,0,12,13.52,20/05/25
E4-HG4R-5022,E4-HG4R-5022-200525-row701,20,0,20,2.74,20/05/25
VU-UQNN-35C8,VU-UQNN-35C8-200525-row700,6,0,6,2.0,20/05/25
D0-C7C0-H6LN,D0-C7C0-H6LN-200525-row699,12,0,12,2.74,20/05/25
L5-PF3B-WHU4,L5-PF3B-WHU4-200525-row698,6,0,6,17.5,20/05/25
UR-Q7TM-1F3I,UR-Q7TM-1F3I-200525-row691,6,0,6,7.59,20/05/25
CJ-X0SS-QOUW,CJ-X0SS-QOUW-200525-row690,12,0,12,4.16,20/05/25
3X-EXDD-TD2K,3X-EXDD-TD2K-050525-row689,10,0,10,20.57,05/05/25
L3-ZQ8U-A7LQ,L3-ZQ8U-A7LQ-140525-row688,100,0,100,3.4,14/05/25
XY-UM2X-TPS3,XY-UM2X-TPS3-140525-row687,150,0,150,4.57,14/05/25
5M-QO6K-LNH0,5M-QO6K-LNH0-140525-row686,200,0,200,2.36,14/05/25
LR-7GM6-1RCH,LR-7GM6-1RCH-140525-row685,20,0,20,23.25,14/05/25
HL-03ZR-QPHH,HL-03ZR-QPHH-140525-row684,10,0,10,3.6,14/05/25
GY-FO04-RDYL,GY-FO04-RDYL-140525-row683,10,0,10,3.6,14/05/25
DC-K5WH-R7F5,DC-K5WH-R7F5-140525-row682,160,0,160,0.63,14/05/25
SR-JF1N-II8S,SR-JF1N-II8S-140525-row681,10,0,10,1.22,14/05/25
93-TB6X-UKTU,93-TB6X-UKTU-140525-row680,20,0,20,1.69,14/05/25
4U-9ZL6-9G0Y,4U-9ZL6-9G0Y-140525-row679,576,0,576,1.2,14/05/25
3Z-45IC-N1H4,3Z-45IC-N1H4-140525-row678,90,0,90,2.4,14/05/25
0H-5V53-GPG4,0H-5V53-GPG4-572025-row677,100,0,100,4.85,5/7/2025
SR-6OBB-WC03,SR-6OBB-WC03-572025-row676,60,0,60,2.86,5/7/2025
BB-ZT14-1QQA,BB-ZT14-1QQA-572025-row675,20,0,20,3.12,5/7/2025
0Z-Y60V-499R,0Z-Y60V-499R-572025-row674,12,0,12,1.93,5/7/2025
3Z-03PB-Q1A8,3Z-03PB-Q1A8-572025-row673,12,0,12,1.84,5/7/2025
IJ-V0PQ-4CZ4,IJ-V0PQ-4CZ4-572025-row672,12,0,12,1.97,5/7/2025
VO-A6AR-18YS,VO-A6AR-18YS-572025-row671,6,0,6,1.97,5/7/2025
0R-GRRH-W0Z9,0R-GRRH-W0Z9-572025-row670,12,0,12,1.95,5/7/2025
XG-Z9LW-Z27Q,XG-Z9LW-Z27Q-572025-row669,12,0,12,1.89,5/7/2025
MY-XMO2-EXY1,MY-XMO2-EXY1-562025-row667,15,0,15,9.8,5/6/2025
ZB-PV7O-TKUD,ZB-PV7O-TKUD-050525-row665,9,0,9,20.57,05/05/25
JX-6USZ-SK7E,JX-6USZ-SK7E-050525-row663,5,0,5,18.87,05/05/25
7C-MBEY-QA37,7C-MBEY-QA37-050525-row662,12,0,12,2.62,05/05/25
OI-0483-CBVX,OI-0483-CBVX-050525-row660,70,0,70,1.48,05/05/25
NN-TSZ1-X2RD,NN-TSZ1-X2RD-050525-row659,60,0,60,3.89,05/05/25
GY-FO04-RDYL,GY-FO04-RDYL-050525-row658,10,0,10,3.6,05/05/25
0N-X5KF-213D,0N-X5KF-213D-050525-row657,10,0,10,3.6,05/05/25
MR-727N-ZG8K,MR-727N-ZG8K-050525-row656,10,0,10,2.12,05/05/25
XH-0LAE-FQO5,XH-0LAE-FQO5-050525-row655,120,0,120,2.96,05/05/25
RZ-6ZL9-CZ7J,RZ-6ZL9-CZ7J-050525-row654,75,0,75,2.42,05/05/25
YO-EKK2-FRCC,YO-EKK2-FRCC-050525-row653,10,0,10,3.28,05/05/25
7H-7G2P-ONWJ,7H-7G2P-ONWJ-050525-row652,24,0,24,0.88,05/05/25
BL-WX51-KQOK,BL-WX51-KQOK-050525-row651,10,0,10,3.4,05/05/25
D8-1A3E-I37F,D8-1A3E-I37F-050525-row650,10,0,10,5.58,05/05/25
K0-71JR-UNLF,K0-71JR-UNLF-050525-row649,8,0,8,2.44,05/05/25
Z9-FBUQ-EZN3,Z9-FBUQ-EZN3-050525-row648,30,0,30,2.89,05/05/25
12-3VTE-5T3Z,12-3VTE-5T3Z2,15,0,15,10.23,05/05/25
Z3-ORV9-K8XD,Z3-ORV9-K8XD7,400,0,400,6.56,05/05/25
X1-APP3-4HQ6,X1-APP3-4HQ61,12,0,12,17.0,5/1/2025
G9-GAEI-FQI3,G9-GAEI-FQI33,30,0,30,3.3,01/05/25
N4-5C3G-RJS1,N4-5C3G-RJS14,5,0,5,3.23,01/05/25
JB-RGB6-LZOJ,JB-RGB6-LZOJ7,150,0,150,2.47,01/05/25
XY-SHVR-W7PG,XY-SHVR-W7PG2,35,0,35,1.5,01/05/25
3E-KHO2-YIAU,3E-KHO2-YIAU1,150,0,150,1.7,01/05/25
IR-BP1X-M8DG,IR-BP1X-M8DG1,50,0,50,1.0,01/05/25
86-0EBH-JQX6,86-0EBH-JQX62,46,0,46,19.5,5/1/2025
4W-VS57-BV6A,4W-VS57-BV6A2,30,16,14,18.5,5/1/2025
VA-V4J8-WHCT,VA-V4J8-WHCT2,4,0,4,15.25,5/1/2025
PE-G94Y-4PYO,PE-G94Y-4PYO4,30,0,30,2.86,01/05/25
SU-5LQH-2DVN,SU-5LQH-2DVN4,166,0,166,2.01,01/05/25
A2-T2AC-TW3L,A2-T2AC-TW3L13,340,0,340,4.29,01/05/25
6Q-9G2A-IKVV,6Q-9G2A-IKVV3,144,0,144,7.29,29/04/25
WX-L5UA-UB1Q,WX-L5UA-UB1Q4,400,0,400,1.84,29/04/25
QT-C0ZN-T4R7,QT-C0ZN-T4R72,15,0,15,17.06,29/04/25
49-4UKW-G81R,49-4UKW-G81R5,30,0,30,3.37,29/04/25
D7-MGBX-RX2P,D7-MGBX-RX2P5,80,0,80,2.73,29/04/25
03-7TNF-U2A1,03-7TNF-U2A14,60,0,60,1.4,28/04/25
DC-K5WH-R7F5,DC-K5WH-R7F57,200,0,200,0.63,28/04/25
H6-E7MP-EBPD,H6-E7MP-EBPD2,27,12,15,8.45,24/04/25
VL-48KZ-J3F2,VL-48KZ-J3F22,25,0,25,1.04,23/04/25
SE-IQQJ-EOU3,SE-IQQJ-EOU32,6,0,6,10.31,23/04/25
TA-HQMF-9SUB,TA-HQMF-9SUB5,6,0,6,2.79,23/04/25
NX-YY01-TLFO,NX-YY01-TLFO3,51,0,51,1.61,23/04/25
8L-INBX-OUTU,8L-INBX-OUTU3,12,1,11,2.43,23/04/25
UR-W905-8D8D,UR-W905-8D8D2,42,0,42,2.78,23/04/25
FB-6FW0-Z82Q,FB-6FW0-Z82Q1,10,8,2,1.62,23/04/25
AK-OB6V-HIYD,AK-OB6V-HIYD1,24,0,24,1.21,23/04/25
XE-27ZG-EZPZ,XE-27ZG-EZPZ1,19,18,1,1.23,23/04/25
DO-QDI1-K7R9,DO-QDI1-K7R92,8,2,6,20.07,22/04/25
DV-USYD-8WR2,DV-USYD-8WR25,4,0,4,20.07,22/04/25
Z7-26PV-O9LR,Z7-26PV-O9LR7,150,0,150,2.41,15/04/25
4U-9ZL6-9G0Y,4U-9ZL6-9G0Y6,578,0,578,1.24,14/04/25
TA-HQMF-9SUB,TA-HQMF-9SUB4,8,0,8,2.79,14/04/25
6Z-8POQ-K5XH,6Z-8POQ-K5XH2,9,0,9,2.85,14/04/25
5M-QO6K-LNH0,5M-QO6K-LNH03,45,0,45,2.36,14/04/25
US-AK96-YFSB,US-AK96-YFSB4,18,0,18,1.25,14/04/25
YO-EKK2-FRCC,YO-EKK2-FRCC3,30,12,18,2.38,14/04/25
AX-NKNU-29C1,AX-NKNU-29C15,200,0,200,0.61,14/04/25
XH-OMMJ-C7MT,XH-OMMJ-C7MT3,8,0,8,2.45,14/04/25
SU-5LQH-2DVN,SU-5LQH-2DVN3,100,0,100,2.01,05/04/25
A2-T2AC-TW3L,A2-T2AC-TW3L12,240,0,240,4.29,05/04/25
6V-EEC1-2S9Z,6V-EEC1-2S9Z9,500,0,500,2.07,05/04/25
5R-LL8J-AP4S,5R-LL8J-AP4S2,56,0,56,3.5,05/04/25
Z3-ORV9-K8XD,Z3-ORV9-K8XD6,100,0,100,6.56,05/04/25
TE-Y18U-S2O1,TE-Y18U-S2O11,12,5,7,4.44,05/04/25
2U-4KLP-68HB,2U-4KLP-68HB4,30,0,30,5.86,01/04/25
ZB-PV7O-TKUD,ZB-PV7O-TKUD1,8,0,8,19.82,27/03/25
PK-9T59-FNWW,PK-9T59-FNWW1,6,0,6,37.17,27/03/25
ZT-QPY3-P24I,ZT-QPY3-P24I1,5,2,3,33.54,27/03/25
3C-5W5L-CT0T,3C-5W5L-CT0T3,24,0,24,13.4,26/03/25
49-4UKW-G81R,49-4UKW-G81R4,35,0,35,3.17,25/03/25
D7-MGBX-RX2P,D7-MGBX-RX2P4,100,0,100,2.79,25/03/25
SZ-UL4K-SE7W,SZ-UL4K-SE7W4,45,0,45,3.17,25/03/25
0N-X5KF-213D,0N-X5KF-213D2,10,0,10,3.6,25/03/25
MR-727N-ZG8K,MR-727N-ZG8K2,10,0,10,1.9,25/03/25
93-TB6X-UKTU,93-TB6X-UKTU6,50,0,50,1.69,25/03/25
4U-9ZL6-9G0Y,4U-9ZL6-9G0Y5,500,0,500,1.24,25/03/25
GW-1ECO-QZA7,GW-1ECO-QZA73,40,0,40,20.05,3/25/2025
MW-9K5M-VKW8,MW-9K5M-VKW87,40,19,21,13.65,3/25/2025
86-0EBH-JQX6,86-0EBH-JQX61,15,0,15,19.5,3/25/2025
TA-7DAZ-18PU,TA-7DAZ-18PU1,30,0,30,12.5,3/25/2025
JL-VTP2-JF3Q,JL-VTP2-JF3Q1,12,8,4,6.95,3/25/2025
MY-XMO2-EXY1,MY-XMO2-EXY11,10,0,10,9.8,3/25/2025
Q1-00D7-5IQF,Q1-00D7-5IQF1,10,0,10,9.8,3/25/2025
VA-V4J8-WHCT,VA-V4J8-WHCT1,6,0,6,15.25,3/25/2025
FBA15K3QTGNT_unexpected_item_01,FBA15K3QTGNT_unexpected_item_011,63,0,63,1.66,22/3/25
A2-T2AC-TW3L,A2-T2AC-TW3L11,240,0,240,4.29,18/03/25
6V-EEC1-2S9Z,6V-EEC1-2S9Z8,500,0,500,2.07,18/03/25
WJ-YHKC-EES5,WJ-YHKC-EES52,10,3,7,2.09,17/03/25
7C-MBEY-QA37,7C-MBEY-QA372,10,0,10,2.62,17/03/25
3T-6QPR-E2MV,3T-6QPR-E2MV3,38,0,38,4.65,17/03/25
QW-9XV0-Q3EH,QW-9XV0-Q3EH2,45,0,45,6.05,17/03/25
QT-C0ZN-T4R7,QT-C0ZN-T4R71,5,0,5,17.06,17/03/25
1U-YF3T-TR74,1U-YF3T-TR741,5,0,5,7.67,17/03/25
12-3VTE-5T3Z,12-3VTE-5T3Z1,4,0,4,10.23,17/03/25
PN-0NVI-R2WQ,PN-0NVI-R2WQ1,15,0,15,4.92,17/03/25
7H-7G2P-ONWJ,7H-7G2P-ONWJ4,36,0,36,0.88,17/03/25
C7-D8C6-UWDV,C7-D8C6-UWDV1,10,0,10,2.5,17/03/25
TJ-6LOP-OPEU,TJ-6LOP-OPEU1,24,19,5,2.19,17/03/25
VI-ICHI-WPB5,VI-ICHI-WPB51,12,0,12,4.19,17/03/25
86-1VHQ-ABNK,86-1VHQ-ABNK1,40,39,1,0.57,17/03/25
MW-1ILH-TLS4,MW-1ILH-TLS41,30,0,30,4.62,17/03/25
4D-BI2L-5PZ8,4D-BI2L-5PZ81,6,5,1,6.9,17/03/25
CX-1R85-163Z,CX-1R85-163Z1,16,0,16,6.5,17/03/25
3C-HIAR-JEF0,3C-HIAR-JEF01,10,0,10,1.25,11/03/25
5R-LL8J-AP4S,5R-LL8J-AP4S1,30,0,30,3.5,11/03/25
XY-SHVR-W7PG,XY-SHVR-W7PG1,20,0,20,1.5,11/03/25
QV-VH06-EAV3,QV-VH06-EAV31,25,0,25,3.85,11/03/25
62-2H0B-RRR3,62-2H0B-RRR31,15,0,15,2.5,11/03/25
ZU-RET1-5CSU,ZU-RET1-5CSU1,20,0,20,3.95,11/03/25
DC-K5WH-R7F5,DC-K5WH-R7F56,60,0,60,0.64,10/03/25
XH-0LAE-FQO5,XH-0LAE-FQO55,80,0,80,2.96,10/03/25
4U-9ZL6-9G0Y,4U-9ZL6-9G0Y4,20,0,20,1.24,10/03/25
6Q-9G2A-IKVV,6Q-9G2A-IKVV2,144,0,144,7.29,10/03/25
2G-AYBQ-TUQG,2G-AYBQ-TUQG2,30,9,21,8.27,10/03/25
QP-BCUW-E90M,QP-BCUW-E90M2,45,0,45,13.76,10/03/25
GA-9DTN-9O1E,GA-9DTN-9O1E3,15,0,15,18.18,10/03/25
3Q-JVVB-BIT7,3Q-JVVB-BIT75,14,0,14,20.64,10/03/25
Z3-ORV9-K8XD,Z3-ORV9-K8XD5,65,0,65,6.56,10/03/25
TA-HQMF-9SUB,TA-HQMF-9SUB3,12,0,12,2.79,10/03/25
G9-GAEI-FQI3,G9-GAEI-FQI32,24,0,24,3.13,10/03/25
N4-5C3G-RJS1,N4-5C3G-RJS13,9,0,9,2.93,10/03/25
JB-RGB6-LZOJ,JB-RGB6-LZOJ6,96,0,96,2.47,10/03/25
A7-868U-HTPI,A7-868U-HTPI1,6,0,6,9.32,10/3/25
VL-48KZ-J3F2,VL-48KZ-J3F21,30,0,30,1.04,10/3/25
9X-HL62-83C7,9X-HL62-83C71,10,6,4,1.99,10/3/25
UR-UAT8-4JSI,UR-UAT8-4JSI1,36,0,36,0.83,10/3/25
Y3-RYVT-A6Y8,Y3-RYVT-A6Y81,23,0,23,2.85,10/3/25
D8-VDSF-LENN,D8-VDSF-LENN1,3,0,3,2.78,10/3/25
SE-IQQJ-EOU3,SE-IQQJ-EOU31,5,0,5,10.31,10/3/25
HL-03ZR-QPHH,HL-03ZR-QPHH1,10,5,5,3.6,6/3/25
GY-FO04-RDYL,GY-FO04-RDYL1,15,1,14,3.6,6/3/25
0N-X5KF-213D,0N-X5KF-213D1,3,0,3,3.6,6/3/25
XJ-2FN3-M9FH,XJ-2FN3-M9FH1,10,0,10,6.99,6/3/25
DD-94AN-QL9L,DD-94AN-QL9L1,10,0,10,8.33,6/3/25
5H-EJ59-AZPA,5H-EJ59-AZPA1,10,0,10,2.03,6/3/25
DC-K5WH-R7F5,DC-K5WH-R7F55,140,0,140,0.64,04/03/25
XH-0LAE-FQO5,XH-0LAE-FQO54,200,0,200,2.96,04/03/25
4U-9ZL6-9G0Y,4U-9ZL6-9G0Y3,60,0,60,1.24,04/03/25
Y0-Q6YF-SIEG,Y0-Q6YF-SIEG2,12,0,12,63.25,04/03/25
3C-5W5L-CT0T,3C-5W5L-CT0T2,6,0,6,13.5,04/03/25
MU-717K-DELS,MU-717K-DELS4,20,0,20,6.14,04/03/25
9D-PMDG-ALP4,9D-PMDG-ALP42,30,0,30,3.0,04/03/25
4F-HT42-FD26,4F-HT42-FD263,80,0,80,3.38,04/03/25
3Z-45IC-N1H4,3Z-45IC-N1H44,120,0,120,2.34,04/03/25
PH-M7S4-05R5,PH-M7S4-05R55,12,0,12,19.49,04/03/25
EE-KTDC-KCFY,EE-KTDC-KCFY6,48,0,48,3.46,04/03/25
OV-LVEL-DQL6,OV-LVEL-DQL64,12,0,12,6.95,3/4/2025
MW-9K5M-VKW8,MW-9K5M-VKW85,41,0,41,13.65,3/4/2025
HS-R5IP-7E1C,HS-R5IP-7E1C2,12,0,12,0.99,24/02/25
7C-7V6B-QQZL,7C-7V6B-QQZL2,25,0,25,4.99,24/02/25
NX-YY01-TLFO,NX-YY01-TLFO2,30,0,30,1.61,24/02/25
US-AK96-YFSB,US-AK96-YFSB3,15,0,15,1.25,24/02/25
AF-KIHX-ANYY,AF-KIHX-ANYY6,110,0,110,0.84,24/02/25
PE-G94Y-4PYO,PE-G94Y-4PYO3,24,0,24,2.86,24/02/25
A2-T2AC-TW3L,A2-T2AC-TW3L10,204,0,204,4.29,24/02/25
03-7TNF-U2A1,03-7TNF-U2A12,10,0,10,1.4,24/02/25
C5-V0VF-ZQAV,C5-V0VF-ZQAV2,10,0,10,1.08,24/02/25
DC-K5WH-R7F5,DC-K5WH-R7F54,80,68,12,0.63,24/02/25
Z7-26PV-O9LR,Z7-26PV-O9LR4,50,0,50,4.39,24/02/25
JY-781R-EYHZ,JY-781R-EYHZ2,100,0,100,1.29,24/02/25
ON-XPCR-TAZW,ON-XPCR-TAZW2,10,0,10,3.17,24/02/25
SZ-UL4K-SE7W,SZ-UL4K-SE7W3,30,0,30,3.17,24/02/25
8R-0UT9-SEOY,8R-0UT9-SEOY1,24,0,24,6.56,20/2/24
QP-BCUW-E90M,QP-BCUW-E90M1,21,0,21,13.76,20/2/24
XX-ISP6-LTOY,XX-ISP6-LTOY1,3,0,3,2.33,20/2/24
YJ-WD59-WWA2,YJ-WD59-WWA21,6,0,6,3.05,20/2/24
3E-62Y1-WPYU,3E-62Y1-WPYU1,4,1,3,2.96,20/2/24
IB-U5FA-BO2Y,IB-U5FA-BO2Y6,11,0,11,19.52,17/02/25
TA-HQMF-9SUB,TA-HQMF-9SUB2,5,0,5,2.79,17/02/25
N4-5C3G-RJS1,N4-5C3G-RJS12,10,0,10,2.93,17/02/25
EA-FZ2V-D7II,EA-FZ2V-D7II3,10,0,10,1.83,17/02/25
GK-YI4S-C158,GK-YI4S-C1583,10,0,10,2.58,17/02/25
TK-E7QE-T40G,TK-E7QE-T40G3,300,0,300,3.8,17/02/25
JB-RGB6-LZOJ,JB-RGB6-LZOJ5,24,0,24,2.47,17/02/25
WX-L5UA-UB1Q,WX-L5UA-UB1Q3,400,0,400,1.77,17/02/25
XN-OF53-7WRU,XN-OF53-7WRU1,12,0,12,2.41,17/2/25
P4-XF7W-GMJA,P4-XF7W-GMJA1,12,0,12,3.21,17/2/25
9H-K7TV-V6NU,9H-K7TV-V6NU1,12,0,12,2.97,17/2/25
IZ-8NZ9-VXR2,IZ-8NZ9-VXR21,8,0,8,3.8,15/02/25
CA-JM6T-ZXP6,CA-JM6T-ZXP61,8,0,8,14.58,15/02/25
UR-Q7TM-1F3I,UR-Q7TM-1F3I1,6,4,2,7.59,15/02/25
A2-T2AC-TW3L,A2-T2AC-TW3L9,120,0,120,4.14,11/02/25
6V-EEC1-2S9Z,6V-EEC1-2S9Z7,500,0,500,2.07,11/02/25
D7-MGBX-RX2P,D7-MGBX-RX2P3,45,0,45,2.79,11/02/25
GD-B8SW-1PCP,GD-B8SW-1PCP3,15,0,15,28.75,3/4/2025
D1-LSS7-93U8,D1-LSS7-93U83,84,0,84,2.01,10/02/25
7H-7G2P-ONWJ,7H-7G2P-ONWJ3,52,0,52,0.88,10/02/25
PZ-X5VL-NVBR,PZ-X5VL-NVBR3,20,0,20,2.76,10/02/25
RS-NSGK-AN7M,RS-NSGK-AN7M1,14,0,14,2.5,10/2/25
D3-QTSY-BCV5,D3-QTSY-BCV51,18,0,18,2.5,10/2/25
LR-Q5V9-S4GK,LR-Q5V9-S4GK1,24,0,24,2.5,10/2/25
Y0-Q6YF-SIEG,Y0-Q6YF-SIEG1,6,0,6,61.9,10/2/25
3C-5W5L-CT0T,3C-5W5L-CT0T1,5,0,5,14.0,10/2/25
TA-HQMF-9SUB,TA-HQMF-9SUB1,1,0,1,2.79,03/02/25
MW-9K5M-VKW8,MW-9K5M-VKW84,30,0,30,13.65,2/7/2025
VF-3T0K-DR5O,VF-3T0K-DR5O4,400,0,400,2.05,6/2/25
E8-MXNZ-4UKU,E8-MXNZ-4UKU3,300,0,300,1.13,06/02/25
M5-71MK-T0DL,M5-71MK-T0DL3,100,0,100,4.32,5/2/25
RB-82FL-T88J,RB-82FL-T88J3,15,0,15,14.5,2/3/2025
M1-UFU0-V1X3,M1-UFU0-V1X31,50,0,50,4.31,03/02/25
9D-PMDG-ALP4,9D-PMDG-ALP41,12,0,12,2.8,03/02/25
XH-OMMJ-C7MT,XH-OMMJ-C7MT2,15,0,15,2.45,03/02/25
AF-KIHX-ANYY,AF-KIHX-ANYY5,70,0,70,0.84,03/02/25
HS-R5IP-7E1C,HS-R5IP-7E1C1,12,2,10,0.99,03/02/25
G9-GAEI-FQI3,G9-GAEI-FQI31,12,0,12,3.13,03/02/25
7C-7V6B-QQZL,7C-7V6B-QQZL1,20,0,20,4.94,03/02/25
NX-YY01-TLFO,NX-YY01-TLFO1,15,0,15,1.61,03/02/25
6Z-8POQ-K5XH,6Z-8POQ-K5XH1,5,0,5,2.85,03/02/25
5M-QO6K-LNH0,5M-QO6K-LNH01,12,3,9,2.36,03/02/25
LX-K206-ENZX,LX-K206-ENZX1,6,0,6,3.92,03/02/25
A2-T2AC-TW3L,A2-T2AC-TW3L8,240,0,240,4.14,03/02/25
6V-EEC1-2S9Z,6V-EEC1-2S9Z6,500,0,500,2.07,03/02/25
QD-UWUI-6381,QD-UWUI-63812,15,0,15,16.5,2/3/2025
MW-9K5M-VKW8,MW-9K5M-VKW83,20,0,20,13.65,2/3/2025
93-TB6X-UKTU,93-TB6X-UKTU5,62,0,62,1.69,03/02/25
4U-9ZL6-9G0Y,4U-9ZL6-9G0Y2,85,0,85,1.21,03/02/25
03-7TNF-U2A1,03-7TNF-U2A11,30,0,30,1.4,3/2/25
6Q-9G2A-IKVV,6Q-9G2A-IKVV1,72,61,11,7.29,03/02/25
E8-MXNZ-4UKU,E8-MXNZ-4UKU2,40,0,40,1.13,27/01/25
Z7-26PV-O9LR,Z7-26PV-O9LR3,120,0,120,4.39,27/01/25
93-TB6X-UKTU,93-TB6X-UKTU4,50,0,50,1.69,27/01/25
EH-ZRT0-U4YM,EH-ZRT0-U4YM3,35,0,35,3.17,27/01/25
TE-PYY9-E5X8,TE-PYY9-E5X85,141,0,141,1.66,21/01/25
AX-NKNU-29C1,AX-NKNU-29C14,150,0,150,0.61,21/01/25
90-0G83-3P0X,90-0G83-3P0X3,8,0,8,7.15,21/01/25
8M-LM6B-F2Q5,8M-LM6B-F2Q53,10,0,10,1.57,13/01/25
TK-E7QE-T40G,TK-E7QE-T40G2,45,0,45,3.96,13/01/25
JV-D1TI-6UF6,JV-D1TI-6UF63,45,10,35,3.96,13/01/25
JB-RGB6-LZOJ,JB-RGB6-LZOJ4,36,0,36,2.47,13/01/25
AF-KIHX-ANYY,AF-KIHX-ANYY4,77,0,77,0.84,13/01/25
A2-T2AC-TW3L,A2-T2AC-TW3L7,240,0,240,4.14,13/01/25
M5-EOFN-2WPJ,M5-EOFN-2WPJ6,85,0,85,1.54,13/01/25
DV-USYD-8WR2,DV-USYD-8WR24,5,0,5,19.36,07/01/25
PH-M7S4-05R5,PH-M7S4-05R54,14,0,14,19.36,07/01/25
SU-5LQH-2DVN,SU-5LQH-2DVN2,166,0,166,2.01,07/01/25
6V-EEC1-2S9Z,6V-EEC1-2S9Z4,500,0,500,2.07,07/01/25
IO-9ZD2-3HDO,IO-9ZD2-3HDO3,36,0,36,5.05,07/01/25
OP-0TPO-SB3I,OP-0TPO-SB3I3,6,0,6,7.64,07/01/25
MU-717K-DELS,MU-717K-DELS3,50,0,50,6.14,07/01/25
4F-HT42-FD26,4F-HT42-FD262,30,0,30,3.07,07/01/25
49-4UKW-G81R,49-4UKW-G81R3,30,0,30,3.17,07/01/25
H0-BYHY-BTUT,H0-BYHY-BTUT1,12,0,12,4.83,07/01/25
3Q-JVVB-BIT7,3Q-JVVB-BIT74,10,0,10,20.64,07/01/25
1Q-OTO8-JG8E,1Q-OTO8-JG8E3,100,0,100,4.32,07/01/25
SZ-UL4K-SE7W,SZ-UL4K-SE7W2,30,0,30,3.17,07/01/25
Z3-ORV9-K8XD,Z3-ORV9-K8XD4,30,6,24,6.56,07/01/25
SC-LYFM-ORXK,SC-LYFM-ORXK5,30,0,30,4.2,07/01/25
WX-L5UA-UB1Q,WX-L5UA-UB1Q2,406,204,202,1.77,18/12/24
PE-G94Y-4PYO,PE-G94Y-4PYO2,21,0,21,2.76,11/12/24
A2-T2AC-TW3L,A2-T2AC-TW3L6,106,0,106,4.14,11/12/24
6V-EEC1-2S9Z,6V-EEC1-2S9Z3,250,0,250,2.07,11/12/24
U1-M5BM-8F5W,U1-M5BM-8F5W3,30,0,30,13.0,12/11/2024
SR-JF1N-II8S,SR-JF1N-II8S2,36,0,36,1.08,11/12/24
M5-EOFN-2WPJ,M5-EOFN-2WPJ5,66,0,66,1.54,11/12/24
5Z-6Z0P-9TQQ,5Z-6Z0P-9TQQ2,13,0,13,0.77,11/12/24
EH-ZRT0-U4YM,EH-ZRT0-U4YM2,30,0,30,3.18,11/12/24
3Q-JVVB-BIT7,3Q-JVVB-BIT73,14,0,14,19.36,11/12/24
6V-0L0T-OF72,6V-0L0T-OF722,19,0,19,10.0,10/12/24
SC-LYFM-ORXK,SC-LYFM-ORXK4,22,0,22,4.2,10/12/24
6V-EEC1-2S9Z,6V-EEC1-2S9Z2,500,269,231,2.07,6/12/24
D3-R4XE-XV0R,D3-R4XE-XV0R2,4,0,4,15.29,03/12/24
TK-E7QE-T40G,TK-E7QE-T40G1,90,24,66,3.96,03/12/24
AF-KIHX-ANYY,AF-KIHX-ANYY3,13,0,13,0.84,03/12/24
EE-KTDC-KCFY,EE-KTDC-KCFY5,100,0,100,3.44,02/12/24
0X-VJWI-4OT8,0X-VJWI-4OT82,18,0,18,4.29,02/12/24
FA-LRV6-YRFW,FA-LRV6-YRFW4,72,0,72,7.68,02/12/24
3T-6QPR-E2MV,3T-6QPR-E2MV2,24,0,24,4.4,02/12/24
TE-PYY9-E5X8,TE-PYY9-E5X84,66,0,66,1.66,02/12/24
2U-EUMC-7E5P,2U-EUMC-7E5P3,36,0,36,4.94,02/12/24
7H-7G2P-ONWJ,7H-7G2P-ONWJ2,16,0,16,0.88,02/12/24
3L-LSBT-PRST,3L-LSBT-PRST2,39,0,39,2.2,02/12/24
PZ-X5VL-NVBR,PZ-X5VL-NVBR2,15,0,15,2.76,02/12/24
SU-5LQH-2DVN,SU-5LQH-2DVN1,100,74,26,2.01,29/11/24
A2-T2AC-TW3L,A2-T2AC-TW3L5,240,0,240,4.14,29/11/24
GW-1ECO-QZA7,GW-1ECO-QZA72,32,0,32,20.05,11/26/2024
MN-LXY0-1MMT,MN-LXY0-1MMT3,18,0,18,7.68,26/11/24
IO-9ZD2-3HDO,IO-9ZD2-3HDO2,18,0,18,5.05,26/11/24
46-MOBK-YBS1,46-MOBK-YBS12,24,0,24,6.84,26/11/24
M5-EOFN-2WPJ,M5-EOFN-2WPJ4,20,0,20,1.54,26/11/24
5Z-6Z0P-9TQQ,5Z-6Z0P-9TQQ1,20,12,8,0.77,26/11/24
C5-V0VF-ZQAV,C5-V0VF-ZQAV1,15,0,15,1.08,26/11/24
MR-727N-ZG8K,MR-727N-ZG8K1,12,0,12,1.9,26/11/24
SR-JF1N-II8S,SR-JF1N-II8S1,10,0,10,1.08,26/11/24
E8-MXNZ-4UKU,E8-MXNZ-4UKU1,30,0,30,1.13,26/11/24
FR-41MF-KWKU,FR-41MF-KWKU2,48,0,48,4.67,26/11/24
6E-GK4T-QBFF,6E-GK4T-QBFF4,12,0,12,5.49,26/11/24
GA-9DTN-9O1E,GA-9DTN-9O1E2,9,0,9,18.18,26/11/24
MU-717K-DELS,MU-717K-DELS2,20,0,20,6.17,26/11/24
2T-07RT-8IMX,2T-07RT-8IMX3,12,0,12,8.32,26/11/24
3Q-JVVB-BIT7,3Q-JVVB-BIT72,8,0,8,19.36,26/11/24
QW-9XV0-Q3EH,QW-9XV0-Q3EH1,20,0,20,5.86,26/11/24
SC-LYFM-ORXK,SC-LYFM-ORXK3,30,0,30,4.2,26/11/24
12-749B-9EB5,12-749B-9EB52,1,0,1,7.59,26/11/24
OZ-3NKR-VLYG,OZ-3NKR-VLYG3,120,0,120,1.64,26/11/24
IB-U5FA-BO2Y,IB-U5FA-BO2Y5,14,0,14,18.73,26/11/24
EE-KTDC-KCFY,EE-KTDC-KCFY4,48,0,48,3.45,26/11/24
T0-4R2M-4BLV,T0-4R2M-4BLV1,12,0,12,4.68,04/11/24
OV-LVEL-DQL6,OV-LVEL-DQL63,24,0,24,6.95,11/19/2024
RB-82FL-T88J,RB-82FL-T88J2,30,15,15,14.5,11/19/2024
WF-JLK1-5PKN,WF-JLK1-5PKN1,5,0,5,3.22,11/11/24
JB-RGB6-LZOJ,JB-RGB6-LZOJ3,88,0,88,2.47,04/11/24
AF-KIHX-ANYY,AF-KIHX-ANYY2,85,45,40,0.84,04/11/24
7R-DKJR-F0UF,7R-DKJR-F0UF2,24,0,24,5.87,04/11/24
US-AK96-YFSB,US-AK96-YFSB2,27,3,24,1.24,04/11/24
08-3ABG-PL11,08-3ABG-PL112,8,0,8,2.98,04/11/24
TK-2H97-E7UH,TK-2H97-E7UH3,18,0,18,2.25,04/11/24
QM-QAGK-D2UQ,QM-QAGK-D2UQ3,6,0,6,2.6,04/11/24
AX-NKNU-29C1,AX-NKNU-29C13,150,0,150,0.61,04/11/24
6H-ZZN4-I77B,6H-ZZN4-I77B3,30,0,30,2.0,04/11/24
7H-7G2P-ONWJ,7H-7G2P-ONWJ1,32,15,17,0.88,04/11/24
3L-LSBT-PRST,3L-LSBT-PRST1,16,0,16,2.2,04/11/24
PZ-X5VL-NVBR,PZ-X5VL-NVBR1,12,0,12,2.76,04/11/24
EV-CHU5-XU3G,EV-CHU5-XU3G3,431,18,413,2.46,04/11/24
2T-07RT-8IMX,2T-07RT-8IMX2,12,0,12,8.32,04/11/24
49-4UKW-G81R,49-4UKW-G81R2,30,0,30,3.07,04/11/24
D7-MGBX-RX2P,D7-MGBX-RX2P2,45,38,7,2.79,04/11/24
Z3-HICR-CPBW,Z3-HICR-CPBW2,24,0,24,7.76,04/11/24
IQ-PR7Z-1RKG,IQ-PR7Z-1RKG1,2,0,2,7.0,15/7/24
6V-0L0T-OF72,6V-0L0T-OF721,10,0,10,10.0,1/11/24
FA-LRV6-YRFW,FA-LRV6-YRFW3,34,0,34,7.68,31/10/24
PH-M7S4-05R5,PH-M7S4-05R53,5,0,5,18.54,29/10/24
MF-TPXM-F8AF,MF-TPXM-F8AF2,8,0,8,18.54,29/10/24
EE-KTDC-KCFY,EE-KTDC-KCFY3,40,0,40,3.34,29/10/24
A2-T2AC-TW3L,A2-T2AC-TW3L4,360,0,360,4.14,29/10/24
MN-LXY0-1MMT,MN-LXY0-1MMT2,24,0,24,7.68,29/10/24
FA-LRV6-YRFW,FA-LRV6-YRFW2,20,0,20,7.68,29/10/24
V5-VWRV-4S7K,V5-VWRV-4S7K4,50,0,50,2.83,29/10/24
TE-PYY9-E5X8,TE-PYY9-E5X83,72,0,72,1.66,29/10/24
2U-EUMC-7E5P,2U-EUMC-7E5P2,50,0,50,3.95,29/10/24
90-0G83-3P0X,90-0G83-3P0X2,12,0,12,7.15,29/10/24
HI-4CXM-9WVU,HI-4CXM-9WVU3,12,0,12,2.97,29/10/24
10-PGVO-YV15,10-PGVO-YV154,15,0,15,2.25,29/10/24
3Z-45IC-N1H4,3Z-45IC-N1H43,180,0,180,2.47,29/10/24
X6-7E52-0VB3,X6-7E52-0VB31,30,0,30,5.26,26/10/24
IB-U5FA-BO2Y,IB-U5FA-BO2Y4,1,0,1,18.54,26/10/24
2U-4KLP-68HB,2U-4KLP-68HB3,1,0,1,5.86,26/10/24
GD-B8SW-1PCP,GD-B8SW-1PCP2,24,9,15,28.75,10/23/2024
ZI-1MA2-8QGC,ZI-1MA2-8QGC2,10,0,10,8.48,23/10/24
MY-KL21-NMV5,MY-KL21-NMV52,20,8,12,18.5,10/21/2024
PE-G94Y-4PYO,PE-G94Y-4PYO1,60,15,45,2.76,15/10/24
V5-VWRV-4S7K,V5-VWRV-4S7K3,30,0,30,2.83,18/10/24
TE-PYY9-E5X8,TE-PYY9-E5X82,60,0,60,1.66,18/10/24
QM-QAGK-D2UQ,QM-QAGK-D2UQ2,6,0,6,2.6,18/10/24
D1-LSS7-93U8,D1-LSS7-93U82,4,0,4,2.01,18/10/24
HL-B4VJ-L8FP,HL-B4VJ-L8FP1,36,0,36,3.36,18/10/24
AX-NKNU-29C1,AX-NKNU-29C12,150,133,17,0.61,18/10/24
HI-4CXM-9WVU,HI-4CXM-9WVU2,10,0,10,2.97,18/10/24
10-PGVO-YV15,10-PGVO-YV153,3,0,3,2.25,18/10/24
A2-T2AC-TW3L,A2-T2AC-TW3L3,300,0,300,4.14,15/10/24
OV-LVEL-DQL6,OV-LVEL-DQL62,18,11,7,6.95,10/15/2024
FR-41MF-KWKU,FR-41MF-KWKU1,20,0,20,4.67,15/10/24
6L-SDA9-P13J,6L-SDA9-P13J2,10,0,10,2.44,15/10/24
Z7-26PV-O9LR,Z7-26PV-O9LR2,180,112,68,4.39,15/10/24
XH-0LAE-FQO5,XH-0LAE-FQO53,100,0,100,3.11,15/10/24
VF-3T0K-DR5O,VF-3T0K-DR5O3,800,0,800,2.09,15/10/24
M5-EOFN-2WPJ,M5-EOFN-2WPJ3,50,0,50,1.54,15/10/24
93-TB6X-UKTU,93-TB6X-UKTU3,130,0,130,1.57,15/10/24
94-X6R7-SCOW,94-X6R7-SCOW2,6,0,6,2.82,15/10/24
NY-AI90-84GR,NY-AI90-84GR2,12,0,12,5.86,15/10/24
3Z-45IC-N1H4,3Z-45IC-N1H42,30,0,30,2.47,15/10/24
3Q-JVVB-BIT7,3Q-JVVB-BIT71,8,0,8,19.36,15/10/24
KR-H2ZK-DRS7,KR-H2ZK-DRS72,25,0,25,11.59,12/10/24
GD-B8SW-1PCP,GD-B8SW-1PCP1,10,0,10,28.75,10/11/2024
TH-JWYZ-LM0D,TH-JWYZ-LM0D1,12,0,12,15.5,10/11/2024
QD-UWUI-6381,QD-UWUI-63811,10,0,10,16.5,10/11/2024
GW-1ECO-QZA7,GW-1ECO-QZA71,20,0,20,20.05,10/11/2024
S8-7VIK-3VEL,S8-7VIK-3VEL1,12,0,12,9.95,10/11/2024
RB-82FL-T88J,RB-82FL-T88J1,15,0,15,14.5,10/11/2024
IB-U5FA-BO2Y,IB-U5FA-BO2Y3,5,0,5,18.54,10/10/24
PH-M7S4-05R5,PH-M7S4-05R52,20,0,20,18.72,10/10/24
MF-TPXM-F8AF,MF-TPXM-F8AF1,8,0,8,18.63,10/10/24
DT-SPI3-IK34,DT-SPI3-IK341,5,1,4,3.74,10/10/24
Y5-REMJ-CY7A,Y5-REMJ-CY7A1,4,0,4,58.87,10/10/24
YG-H850-FPEW,YG-H850-FPEW1,10,0,10,5.01,10/10/24
P5-KMQZ-JK8Y,P5-KMQZ-JK8Y1,10,0,10,10.0,10/10/24
2L-4Y1Q-E6OA,2L-4Y1Q-E6OA1,81,0,81,6.2,10/10/24
08-3ABG-PL11,08-3ABG-PL111,1,0,1,2.98,10/10/24
EA-FZ2V-D7II,EA-FZ2V-D7II2,8,1,7,1.78,10/10/24
8M-LM6B-F2Q5,8M-LM6B-F2Q52,2,0,2,1.57,10/10/24
7R-DKJR-F0UF,7R-DKJR-F0UF1,11,0,11,5.87,10/10/24
JB-RGB6-LZOJ,JB-RGB6-LZOJ2,108,68,40,2.47,10/10/24
UR-W905-8D8D,UR-W905-8D8D1,24,0,24,16.09,10/10/24
GK-YI4S-C158,GK-YI4S-C1582,12,2,10,2.55,10/10/24
4V-19KJ-15J4,4V-19KJ-15J41,48,0,48,0.32,10/10/24
IB-PMXX-S0AE,IB-PMXX-S0AE1,25,0,25,1.13,10/10/24
M4-MV10-9TX7,M4-MV10-9TX71,9,0,9,1.04,10/10/24
LW-0BSW-ZD88,LW-0BSW-ZD881,48,0,48,0.7,10/10/24
DY-51D1-CSIX,DY-51D1-CSIX3,24,0,24,2.5,9/10/24
N9-IOWG-NGD9,N9-IOWG-NGD91,10,0,10,4.44,9/10/24
MN-LXY0-1MMT,MN-LXY0-1MMT1,6,0,6,7.68,8/10/24
46-MOBK-YBS1,46-MOBK-YBS11,12,0,12,6.84,8/10/24
MF-FBAW-SRXY,MF-FBAW-SRXY1,18,0,18,7.64,8/10/24
BB-JN90-IUUP,BB-JN90-IUUP1,12,0,12,7.64,8/10/24
3T-6QPR-E2MV,3T-6QPR-E2MV1,30,22,8,4.4,8/10/24
81-3DY5-BFOR,81-3DY5-BFOR1,12,4,8,7.64,8/10/24
OP-0TPO-SB3I,OP-0TPO-SB3I2,20,0,20,7.64,8/10/24
1W-8WI9-7AUU,1W-8WI9-7AUU2,18,0,18,2.42,8/10/24
FA-LRV6-YRFW,FA-LRV6-YRFW1,18,0,18,7.68,8/10/24
7W-PCZV-CX51,7W-PCZV-CX511,12,0,12,7.06,9/9/24
94-X6R7-SCOW,94-X6R7-SCOW1,6,0,6,3.47,9/9/24
1W-8WI9-7AUU,1W-8WI9-7AUU1,12,0,12,2.98,9/9/24
SH-RGTH-QQM2,SH-RGTH-QQM21,6,0,6,4.99,9/9/24
JX-Q0XX-QBZ2,JX-Q0XX-QBZ21,6,0,6,8.95,9/9/24
3V-HQSI-8QRU,3V-HQSI-8QRU1,6,0,6,3.97,9/9/24
4C-6VFW-JO2C,4C-6VFW-JO2C1,12,0,12,3.0,9/9/24
OP-0TPO-SB3I,OP-0TPO-SB3I1,12,0,12,9.42,9/9/24
1P-BRGG-P0N6,1P-BRGG-P0N61,15,0,15,3.07,9/9/24
JE-D4LO-O2JD,JE-D4LO-O2JD1,30,0,30,1.68,1/8/24
Z3-HICR-CPBW,Z3-HICR-CPBW1,30,0,30,7.76,1/8/24
OO-KLJU-ZBO9,OO-KLJU-ZBO91,7,0,7,7.59,1/8/24
2S-T29M-BDIZ,2S-T29M-BDIZ2,3,0,3,7.59,1/8/24
OZ-3NKR-VLYG,OZ-3NKR-VLYG2,90,0,90,1.64,7/10/24
OI-0483-CBVX,OI-0483-CBVX1,10,0,10,1.39,7/10/24
BM-1O5E-RW8I,BM-1O5E-RW8I1,60,0,60,0.95,7/10/24
WR-3V7D-BB7Z,WR-3V7D-BB7Z1,30,0,30,0.98,7/10/24
6L-SDA9-P13J,6L-SDA9-P13J1,60,0,60,2.44,7/10/24
3Z-45IC-N1H4,3Z-45IC-N1H41,24,0,24,2.47,7/10/24
NY-AI90-84GR,NY-AI90-84GR1,10,0,10,5.86,7/10/24
W3-H7LU-CTRI,W3-H7LU-CTRI1,60,0,60,3.33,7/10/24
JY-781R-EYHZ,JY-781R-EYHZ1,120,0,120,1.32,7/10/24
DY-51D1-CSIX,DY-51D1-CSIX2,12,0,12,2.5,7/10/24
BU-H22U-ACK3,BU-H22U-ACK32,65,0,65,1.99,2/10/2024
U1-M5BM-8F5W,U1-M5BM-8F5W2,20,9,11,13.0,10/2/2024
MY-KL21-NMV5,MY-KL21-NMV51,12,0,12,18.5,10/2/2024
SU-JM8R-2U82,SU-JM8R-2U822,35,0,35,6.95,10/2/2024
ZU-VG38-OF3L,ZU-VG38-OF3L1,4,0,4,18.54,2/10/24
IB-U5FA-BO2Y,IB-U5FA-BO2Y2,10,1,9,18.54,2/10/24
EE-KTDC-KCFY,EE-KTDC-KCFY2,45,9,36,3.25,2/10/24
93-TB6X-UKTU,93-TB6X-UKTU2,30,0,30,1.57,2/10/24
M5-EOFN-2WPJ,M5-EOFN-2WPJ2,60,0,60,1.54,2/10/24
XH-0LAE-FQO5,XH-0LAE-FQO52,230,148,82,3.11,2/10/24
VF-3T0K-DR5O,VF-3T0K-DR5O2,200,0,200,2.09,2/10/24
4U-9ZL6-9G0Y,4U-9ZL6-9G0Y1,1152,1,1151,1.21,2/10/24
TL-AUNR-5YK0,TL-AUNR-5YK01,12,0,12,6.1,2/10/24
GA-9DTN-9O1E,GA-9DTN-9O1E1,10,7,3,17.25,2/10/24
7I-1717-OHRW,7I-1717-OHRW1,50,0,50,5.01,2/10/24
E0-9FJI-8AD2,E0-9FJI-8AD21,50,0,50,5.04,2/10/24
0N-VZG5-JH06,0N-VZG5-JH061,50,0,50,5.04,2/10/24
6P-IWYA-X18B,6P-IWYA-X18B1,50,29,21,4.48,2/10/24
TK-2H97-E7UH,TK-2H97-E7UH2,56,0,56,2.25,2/10/24
2U-EUMC-7E5P,2U-EUMC-7E5P1,14,0,14,3.95,2/10/24
6H-ZZN4-I77B,6H-ZZN4-I77B2,6,0,6,2.0,2/10/24
D1-LSS7-93U8,D1-LSS7-93U81,12,0,12,2.01,2/10/24
QM-QAGK-D2UQ,QM-QAGK-D2UQ1,12,0,12,2.6,2/10/24
10-PGVO-YV15,10-PGVO-YV152,6,0,6,2.25,2/10/24
HI-4CXM-9WVU,HI-4CXM-9WVU1,18,0,18,2.97,2/10/24
90-0G83-3P0X,90-0G83-3P0X1,11,0,11,7.15,2/10/24
V5-VWRV-4S7K,V5-VWRV-4S7K2,36,0,36,2.83,2/10/24
DY-51D1-CSIX,DY-51D1-CSIX1,12,0,12,2.5,1/10/24
SC-LYFM-ORXK,SC-LYFM-ORXK2,30,0,30,4.2,1/9/24
12-749B-9EB5,12-749B-9EB51,50,0,50,7.59,1/9/24
2T-07RT-8IMX,2T-07RT-8IMX1,12,0,12,8.7,1/10/24
J2-N9NA-57NA,J2-N9NA-57NA2,35,0,35,1.95,1/10/24
2U-4KLP-68HB,2U-4KLP-68HB2,60,0,60,5.86,1/10/24
6E-GK4T-QBFF,6E-GK4T-QBFF2,30,0,30,5.49,1/10/24
NO-N6RP-Y30Q,NO-N6RP-Y30Q2,100,0,100,4.48,1/10/24
1Q-OTO8-JG8E,1Q-OTO8-JG8E2,100,0,100,4.48,1/10/24
M5-71MK-T0DL,M5-71MK-T0DL1,200,1,199,4.48,1/10/24
MU-717K-DELS,MU-717K-DELS1,20,0,20,6.14,5/8/24
WB-6YBC-16X8,WB-6YBC-16X81,15,0,15,7.59,1/9/24
C0-RG54-30FA,C0-RG54-30FA1,25,0,25,7.59,1/9/24
A2-T2AC-TW3L,A2-T2AC-TW3L2,360,200,160,4.14,16/9/24
DV-USYD-8WR2,DV-USYD-8WR23,8,0,8,18.72,16/9/24
PH-M7S4-05R5,PH-M7S4-05R51,12,0,12,18.72,16/9/24
4U-9ZL6-9GOY,4U-9ZL6-9GOY1,384,0,384,1.2,7/9/24
0X-VJWI-4OT8,0X-VJWI-4OT81,12,0,12,4.29,6/9/24
HY-VZF3-EFS3,HY-VZF3-EFS31,22,0,22,4.85,6/9/24
IO-9ZD2-3HDO,IO-9ZD2-3HDO1,36,0,36,5.05,6/9/24
ZI-1MA2-8QGC,ZI-1MA2-8QGC1,8,5,3,8.48,6/9/24
KE-WQ91-B6JF,KE-WQ91-B6JF1,8,0,8,3.68,6/9/24
MW-9K5M-VKW8,MW-9K5M-VKW82,40,0,40,13.65,9/5/2024
DV-USYD-8WR2,DV-USYD-8WR22,12,0,12,18.72,5/9/24
QB-I6MR-7F61,QB-I6MR-7F611,10,0,10,11.6,9/5/2024
U1-M5BM-8F5W,U1-M5BM-8F5W1,20,0,20,13.0,9/5/2024
M5-EOFN-2WPJ,M5-EOFN-2WPJ1,50,0,50,1.54,3/9/24
93-TB6X-UKTU,93-TB6X-UKTU1,50,0,50,1.57,3/9/24
3L-1I88-19GF,3L-1I88-19GF1,60,0,60,4.35,3/9/24
10-PGVO-YV15,10-PGVO-YV151,36,0,36,1.91,3/9/24
TE-PYY9-E5X8,TE-PYY9-E5X81,90,0,90,1.66,3/9/24
TK-2H97-E7UH,TK-2H97-E7UH1,84,0,84,1.91,3/9/24
V5-VWRV-4S7K,V5-VWRV-4S7K1,30,0,30,2.83,3/9/24
6E-GK4T-QBFF,6E-GK4T-QBFF1,100,0,100,5.49,1/8/24
4F-HT42-FD26,4F-HT42-FD261,40,31,9,3.17,30/8/24
ON-XPCR-TAZW,ON-XPCR-TAZW1,40,0,40,3.17,30/8/24
AI-IG9I-YB5A,AI-IG9I-YB5A1,10,0,10,7.13,30/8/24
BQ-O3OI-FTJU,BQ-O3OI-FTJU1,40,37,3,6.5,30/8/24
SZ-UL4K-SE7W,SZ-UL4K-SE7W1,200,0,200,3.17,30/8/24
EH-ZRT0-U4YM,EH-ZRT0-U4YM1,30,0,30,3.22,5/8/24
J2-N9NA-57NA,J2-N9NA-57NA1,30,0,30,1.95,30/8/24
49-4UKW-G81R,49-4UKW-G81R1,60,59,1,3.17,30/8/24
1Q-OTO8-JG8E,1Q-OTO8-JG8E1,200,0,200,4.48,30/8/24
2U-4KLP-68HB,2U-4KLP-68HB1,20,0,20,5.86,1/8/24
NO-N6RP-Y30Q,NO-N6RP-Y30Q1,100,0,100,4.48,20/8/24
XB-PLFM-VNLX,XB-PLFM-VNLX1,15,0,15,0.69,30/8/24
B7-9S5E-KOHG,B7-9S5E-KOHG1,48,0,48,18.75,30/8/24
SU-JM8R-2U82,SU-JM8R-2U821,12,5,7,6.95,8/22/2024
SC-LYFM-ORXK,SC-LYFM-ORXK1,44,16,28,4.2,1/8/24
2S-T29M-BDIZ,2S-T29M-BDIZ1,7,0,7,7.59,1/8/24
EO-RQ6J-PAPY,EO-RQ6J-PAPY1,6,0,6,7.59,1/8/24
WT-LPJW-NOXR,WT-LPJW-NOXR1,6,0,6,7.59,1/8/24
D3-R4XE-XV0R,D3-R4XE-XV0R1,4,0,4,15.29,29/8/24
R4-IXFX-2AQQ,R4-IXFX-2AQQ1,25,0,25,3.96,29/8/24
EQ-EZL7-FAU3,EQ-EZL7-FAU31,60,0,60,3.96,29/8/24
YV-2E21-62SB,YV-2E21-62SB1,180,0,180,2.63,29/8/24
VF-3T0K-DR5O,VF-3T0K-DR5O1,800,793,7,2.19,29/8/24
BU-H22U-ACK3,BU-H22U-ACK31,23,0,23,1.99,28/8/24
OZ-3NKR-VLYG,OZ-3NKR-VLYG1,24,1,23,1.64,28/8/24
8N-DRTH-Z7K0,8N-DRTH-Z7K01,18,0,18,4.69,28/8/24
KR-H2ZK-DRS7,KR-H2ZK-DRS71,45,0,45,11.59,28/8/24
DV-USYD-8WR2,DV-USYD-8WR21,6,4,2,18.79,28/8/24
