posted_date,transaction_id,transaction_type,breakdown_type,amount,currency,description,inbound_shipment_id,amount_value
2026-02-17T13:49:03Z,UOjvP-zYFX6VM5d-SNSDrdu2cmaW71sLyZTiOXB1BrQ,Shipment,Expenses,-3.18,GBP,Order Payment,,-3.18
2026-02-17T13:49:03Z,UOjvP-zYFX6VM5d-SNSDrdu2cmaW71sLyZTiOXB1BrQ,Shipment,Sales,7.99,GBP,Order Payment,,7.99
2026-02-17T15:13:02Z,AlQKa5AiXoNrzMdu3k1kpXAyN9bqtPmUmk2UG0M3Tc4,ServiceFee,Expenses,-5.33,GBP,FBAPostInboundTransportation,,-5.33
2026-02-17T15:13:02Z,AlQKa5AiXoNrzMdu3k1kpXAyN9bqtPmUmk2UG0M3Tc4,ServiceFee,Sales,0.0,GBP,FBAPostInboundTransportation,,0.0
2026-02-17T15:45:19Z,Uy7qORlIKet7VhAp70u16qMq1OWN6H1fpyngESAeT9o,Shipment,Expenses,-3.61,GBP,Order Payment,,-3.61
2026-02-17T15:45:19Z,Uy7qORlIKet7VhAp70u16qMq1OWN6H1fpyngESAeT9o,Shipment,Sales,4.21,GBP,Order Payment,,4.21
2026-02-17T16:02:14Z,BPGzlbvko2F9KXDqr9XYYtnFtBTMtJZ4oEeAaRhgXUQ,Shipment,Expenses,-3.16,GBP,Order Payment,,-3.16
2026-02-17T16:02:14Z,BPGzlbvko2F9KXDqr9XYYtnFtBTMtJZ4oEeAaRhgXUQ,Shipment,Sales,7.51,GBP,Order Payment,,7.51
2026-02-17T16:08:21Z,1muYuwgZF6anuKWdR0cCqpDPbofMk8il_zEPfmy9E1M,Shipment,Expenses,-2.26,GBP,Order Payment,,-2.26
2026-02-17T16:08:21Z,1muYuwgZF6anuKWdR0cCqpDPbofMk8il_zEPfmy9E1M,Shipment,Sales,6.08,GBP,Order Payment,,6.08
2026-02-17T16:10:35Z,edr-gRRJO222wqFLaZsyvmhsbOQ8wakmouaIh4suq6A,Shipment,Expenses,-4.91,GBP,Order Payment,,-4.91
2026-02-17T16:10:35Z,edr-gRRJO222wqFLaZsyvmhsbOQ8wakmouaIh4suq6A,Shipment,Sales,11.48,GBP,Order Payment,,11.48
2026-02-17T16:12:15Z,XOe24F3f79xCXcPNLvLhRWFa-sLbrRH6MHtldcDJHnI,Shipment,Expenses,-2.09,GBP,Order Payment,,-2.09
2026-02-17T16:12:15Z,XOe24F3f79xCXcPNLvLhRWFa-sLbrRH6MHtldcDJHnI,Shipment,Sales,3.0,GBP,Order Payment,,3.0
2026-02-17T16:14:34Z,jfE-Rxa9rne7nMTs31LYsCSvGrUvA85b01vcLK_AdAs,Shipment,Expenses,-1.83,GBP,Order Payment,,-1.83
2026-02-17T16:14:34Z,jfE-Rxa9rne7nMTs31LYsCSvGrUvA85b01vcLK_AdAs,Shipment,Sales,9.99,GBP,Order Payment,,9.99
2026-02-17T16:15:02Z,MlBtPs6j00hXFaoJVr2Uvk9kZ38wAo8PCphZm_yTGWg,Shipment,Expenses,-2.14,GBP,Order Payment,,-2.14
2026-02-17T16:15:02Z,MlBtPs6j00hXFaoJVr2Uvk9kZ38wAo8PCphZm_yTGWg,Shipment,Sales,6.8,GBP,Order Payment,,6.8
2026-02-17T16:17:13Z,d-TLoarhry88D98abDrbLCf0DIrAbKxdW5yrI4Rxpx4,Shipment,Expenses,-2.79,GBP,Order Payment,,-2.79
2026-02-17T16:17:13Z,d-TLoarhry88D98abDrbLCf0DIrAbKxdW5yrI4Rxpx4,Shipment,Sales,6.15,GBP,Order Payment,,6.15
2026-02-17T16:22:35Z,7kGhc4Jgj-pegsyDjnYu2bniUD3Sw56ODAwCx0tXJzI,Shipment,Expenses,-3.61,GBP,Order Payment,,-3.61
2026-02-17T16:22:35Z,7kGhc4Jgj-pegsyDjnYu2bniUD3Sw56ODAwCx0tXJzI,Shipment,Sales,4.21,GBP,Order Payment,,4.21
2026-02-17T16:35:02Z,hjWdbZqsLW67IcS1jMh6wpJ-WtkcajboGAxVjchmdPA,Shipment,Expenses,-2.72,GBP,Order Payment,,-2.72
2026-02-17T16:35:02Z,hjWdbZqsLW67IcS1jMh6wpJ-WtkcajboGAxVjchmdPA,Shipment,Sales,5.57,GBP,Order Payment,,5.57
2026-02-17T16:36:04Z,GHrQXkTxoQIMjtgbz9IYL5evtoPNEJxvOvSrtjjc6c8,Shipment,Expenses,-2.1,GBP,Order Payment,,-2.1
2026-02-17T16:36:04Z,GHrQXkTxoQIMjtgbz9IYL5evtoPNEJxvOvSrtjjc6c8,Shipment,Sales,3.0,GBP,Order Payment,,3.0
2026-02-17T16:41:18Z,WN_-QlMxlt0C6u-oELrpy8dDLRqjQSwxHJpBYqvVjJs,Shipment,Expenses,-2.76,GBP,Order Payment,,-2.76
2026-02-17T16:41:18Z,WN_-QlMxlt0C6u-oELrpy8dDLRqjQSwxHJpBYqvVjJs,Shipment,Sales,5.61,GBP,Order Payment,,5.61
2026-02-17T17:08:45Z,SooWSJVJgnsR4GyuJd6I3_s1X4YtxwAMstEf14Fi2nE,Shipment,Expenses,-2.84,GBP,Order Payment,,-2.84
2026-02-17T17:08:45Z,SooWSJVJgnsR4GyuJd6I3_s1X4YtxwAMstEf14Fi2nE,Shipment,Sales,9.09,GBP,Order Payment,,9.09
2026-02-17T17:20:57Z,edKVQipyf6vyDkGJnscJ58BywYkrrXW667Q7BKFc6gk,Shipment,Expenses,-3.26,GBP,Order Payment,,-3.26
2026-02-17T17:20:57Z,edKVQipyf6vyDkGJnscJ58BywYkrrXW667Q7BKFc6gk,Shipment,Sales,7.99,GBP,Order Payment,,7.99
2026-02-17T17:25:54Z,ugPuOsuSDnJZVbNouJEAZ9_P0HhPzM1q85-P_kb_q_8,Shipment,Expenses,-3.25,GBP,Order Payment,,-3.25
2026-02-17T17:25:54Z,ugPuOsuSDnJZVbNouJEAZ9_P0HhPzM1q85-P_kb_q_8,Shipment,Sales,7.99,GBP,Order Payment,,7.99
2026-02-17T17:33:59Z,vr2S341dvtM9ebMpX3dn4fAF2NS1jQNM_aFQnsbJGT0,Shipment,Expenses,-2.76,GBP,Order Payment,,-2.76
2026-02-17T17:33:59Z,vr2S341dvtM9ebMpX3dn4fAF2NS1jQNM_aFQnsbJGT0,Shipment,Sales,5.57,GBP,Order Payment,,5.57
2026-02-17T17:37:37Z,S7trp6TR6m12vlq1gU41M3wlcOM13uITItHuysHCP6Q,Shipment,Expenses,-2.73,GBP,Order Payment,,-2.73
2026-02-17T17:37:37Z,S7trp6TR6m12vlq1gU41M3wlcOM13uITItHuysHCP6Q,Shipment,Sales,5.61,GBP,Order Payment,,5.61
2026-02-17T17:38:49Z,-HVNmStFvJyEMUGYEQiYMSkCSWMvF2OImgsl-2IPs3U,Shipment,Expenses,-2.53,GBP,Order Payment,,-2.53
2026-02-17T17:38:49Z,-HVNmStFvJyEMUGYEQiYMSkCSWMvF2OImgsl-2IPs3U,Shipment,Sales,7.28,GBP,Order Payment,,7.28
2026-02-17T17:39:29Z,NX2WB4K-NDf6bOtElGZrna1ozoBQ0DjH9_UIUg7iMUc,Shipment,Expenses,-7.2,GBP,Order Payment,,-7.2
2026-02-17T17:39:29Z,NX2WB4K-NDf6bOtElGZrna1ozoBQ0DjH9_UIUg7iMUc,Shipment,Sales,39.99,GBP,Order Payment,,39.99
2026-02-17T17:39:42Z,_L1_XbrXM4S33FxcwViFkUsQTHRxpKmyk5KPg5KkfcA,Shipment,Expenses,-9.82,GBP,Order Payment,,-9.82
2026-02-17T17:39:42Z,_L1_XbrXM4S33FxcwViFkUsQTHRxpKmyk5KPg5KkfcA,Shipment,Sales,22.96,GBP,Order Payment,,22.96
2026-02-17T17:49:36Z,cS28r91yWc84NkrPBO6hcL_HhC0lYZ3K_5dWqIuTGQw,Shipment,Expenses,-2.74,GBP,Order Payment,,-2.74
2026-02-17T17:49:36Z,cS28r91yWc84NkrPBO6hcL_HhC0lYZ3K_5dWqIuTGQw,Shipment,Sales,5.57,GBP,Order Payment,,5.57
2026-02-17T18:21:29Z,Y5tg1AI_El3DAiP3_3BSuqsB0JeMIRgwSQB0yrIGU9I,Shipment,Expenses,-3.26,GBP,Order Payment,,-3.26
2026-02-17T18:21:29Z,Y5tg1AI_El3DAiP3_3BSuqsB0JeMIRgwSQB0yrIGU9I,Shipment,Sales,7.99,GBP,Order Payment,,7.99
2026-02-17T18:31:05Z,oqTST32q2SO3QfvNyChR9xRoEt7hhiLcKIDyhqHO0yA,Shipment,Expenses,-1.26,GBP,Order Payment,,-1.26
2026-02-17T18:31:05Z,oqTST32q2SO3QfvNyChR9xRoEt7hhiLcKIDyhqHO0yA,Shipment,Sales,7.99,GBP,Order Payment,,7.99
2026-02-17T18:33:30Z,Ks_l7IMEy4IhmcB8cm9DpAB0N_ZWEywVsCZoCIWX0v0,Shipment,Expenses,-1.27,GBP,Order Payment,,-1.27
2026-02-17T18:33:30Z,Ks_l7IMEy4IhmcB8cm9DpAB0N_ZWEywVsCZoCIWX0v0,Shipment,Sales,7.94,GBP,Order Payment,,7.94
2026-02-17T18:34:27Z,2qE_mx9Z7ljkk7qYOY_rqo_dYMRc-GQYpEQpUHgxSKc,Shipment,Expenses,-1.25,GBP,Order Payment,,-1.25
2026-02-17T18:34:27Z,2qE_mx9Z7ljkk7qYOY_rqo_dYMRc-GQYpEQpUHgxSKc,Shipment,Sales,7.94,GBP,Order Payment,,7.94
2026-02-17T18:41:09Z,JgutpAI12rwJyk1icCVRwys6UFHPv6eztq-kFnGUzeY,Shipment,Expenses,-3.62,GBP,Order Payment,,-3.62
2026-02-17T18:41:09Z,JgutpAI12rwJyk1icCVRwys6UFHPv6eztq-kFnGUzeY,Shipment,Sales,4.23,GBP,Order Payment,,4.23
2026-02-17T19:26:15Z,NG65PKb5SOa8aoTB5kAuzCeKDi0nYgt8WJdtPazUbvY,Shipment,Expenses,-3.62,GBP,Order Payment,,-3.62
2026-02-17T19:26:15Z,NG65PKb5SOa8aoTB5kAuzCeKDi0nYgt8WJdtPazUbvY,Shipment,Sales,4.23,GBP,Order Payment,,4.23
2026-02-17T19:41:39Z,beC4uanko8NooHJznzni0Y0AnH7_isr3fXddbEXAKrU,Shipment,Expenses,-4.89,GBP,Order Payment,,-4.89
2026-02-17T19:41:39Z,beC4uanko8NooHJznzni0Y0AnH7_isr3fXddbEXAKrU,Shipment,Sales,11.48,GBP,Order Payment,,11.48
2026-02-17T19:58:30Z,mrBeyoQFoSAVV4YQR8JNtuNcWU5BMv8k_VMPFIjZEsE,Shipment,Expenses,-4.91,GBP,Order Payment,,-4.91
2026-02-17T19:58:30Z,mrBeyoQFoSAVV4YQR8JNtuNcWU5BMv8k_VMPFIjZEsE,Shipment,Sales,11.49,GBP,Order Payment,,11.49
2026-02-17T20:00:00Z,ft5n2BVGUPDcRS6h1bwnOBxXILsd5rfPi0OprXZqqAw,Shipment,Expenses,-2.74,GBP,Order Payment,,-2.74
2026-02-17T20:00:00Z,ft5n2BVGUPDcRS6h1bwnOBxXILsd5rfPi0OprXZqqAw,Shipment,Sales,5.57,GBP,Order Payment,,5.57
2026-02-17T20:07:17Z,tt9LZwnKfpuY42ZR9B6bDy7ZkGkhX2CpaaI35WpDYIM,Shipment,Expenses,-10.96,GBP,Order Payment,,-10.96
2026-02-17T20:07:17Z,tt9LZwnKfpuY42ZR9B6bDy7ZkGkhX2CpaaI35WpDYIM,Shipment,Sales,39.99,GBP,Order Payment,,39.99
2026-02-17T20:16:57Z,jGUaNBe9cb-1rplZB65cYXgjUlqCk5Gzd_rHvEtQHSE,Shipment,Expenses,-2.73,GBP,Order Payment,,-2.73
2026-02-17T20:16:57Z,jGUaNBe9cb-1rplZB65cYXgjUlqCk5Gzd_rHvEtQHSE,Shipment,Sales,5.61,GBP,Order Payment,,5.61
2026-02-17T20:35:19Z,UdiHfEaVWKDTDHrVWnKKH7GJN6r58I59kcGdIOqAQtg,Shipment,Expenses,-2.72,GBP,Order Payment,,-2.72
2026-02-17T20:35:19Z,UdiHfEaVWKDTDHrVWnKKH7GJN6r58I59kcGdIOqAQtg,Shipment,Sales,5.57,GBP,Order Payment,,5.57
2026-02-17T20:37:20Z,lv9RYX_4e3mT86mpf7ArRUkl1usA65vIaMy8Nw8n3Mw,Shipment,Expenses,-2.77,GBP,Order Payment,,-2.77
2026-02-17T20:37:20Z,lv9RYX_4e3mT86mpf7ArRUkl1usA65vIaMy8Nw8n3Mw,Shipment,Sales,6.15,GBP,Order Payment,,6.15
2026-02-17T20:40:42Z,-iDuHVXoZq1wzv57AoOnFAqd9iMoyl4oPS6p7GXnbq4,Shipment,Expenses,-6.54,GBP,Order Payment,,-6.54
2026-02-17T20:40:42Z,-iDuHVXoZq1wzv57AoOnFAqd9iMoyl4oPS6p7GXnbq4,Shipment,Sales,13.81,GBP,Order Payment,,13.81
2026-02-17T20:41:29Z,rTrzEz-5lwNbWpKdd8xyzoB0TskWbZVDfGpDvMZh_Bg,Shipment,Expenses,-2.74,GBP,Order Payment,,-2.74
2026-02-17T20:41:29Z,rTrzEz-5lwNbWpKdd8xyzoB0TskWbZVDfGpDvMZh_Bg,Shipment,Sales,5.57,GBP,Order Payment,,5.57
2026-02-17T20:43:59Z,hfmSxkgMvaq0iCZCkjhzh-LFYDI-Eoy7M_HXTZGm6-Y,Shipment,Expenses,-4.34,GBP,Order Payment,,-4.34
2026-02-17T20:43:59Z,hfmSxkgMvaq0iCZCkjhzh-LFYDI-Eoy7M_HXTZGm6-Y,Shipment,Sales,8.02,GBP,Order Payment,,8.02
2026-02-17T20:47:31Z,JFRY_3PZlSPnZETPcG6Th0oNtdLxZ0SZQ29_VdhQPxI,Shipment,Expenses,-2.77,GBP,Order Payment,,-2.77
2026-02-17T20:47:31Z,JFRY_3PZlSPnZETPcG6Th0oNtdLxZ0SZQ29_VdhQPxI,Shipment,Sales,6.09,GBP,Order Payment,,6.09
2026-02-17T20:57:06Z,2PovpVdP15Qt91SczaH52qZxxJndC_gFzFxqwObY7T4,Shipment,Expenses,-8.22,GBP,Order Payment,,-8.22
2026-02-17T20:57:06Z,2PovpVdP15Qt91SczaH52qZxxJndC_gFzFxqwObY7T4,Shipment,Sales,16.71,GBP,Order Payment,,16.71
2026-02-17T21:03:08Z,POwPvzzbyMfvW8o5xCRs6dfB7oGbxvX7Zth-dpCWq5Q,Refund,Refunded Expenses,1.47,GBP,Refund,,1.47
2026-02-17T21:03:08Z,POwPvzzbyMfvW8o5xCRs6dfB7oGbxvX7Zth-dpCWq5Q,Refund,Refunded Sales,-11.48,GBP,Refund,,-11.48
2026-02-17T21:05:36Z,NRYhJNyAXIMc0QoELr5jQhlSB1W72ohbXYJstZLxqdI,Shipment,Expenses,-2.74,GBP,Order Payment,,-2.74
2026-02-17T21:05:36Z,NRYhJNyAXIMc0QoELr5jQhlSB1W72ohbXYJstZLxqdI,Shipment,Sales,5.57,GBP,Order Payment,,5.57
2026-02-17T21:07:28Z,YjRm2Fx44hqvqL66bJuBaK4eh18cGJR9zg4-ZYimBVA,Shipment,Expenses,-3.27,GBP,Order Payment,,-3.27
2026-02-17T21:07:28Z,YjRm2Fx44hqvqL66bJuBaK4eh18cGJR9zg4-ZYimBVA,Shipment,Sales,7.99,GBP,Order Payment,,7.99
2026-02-17T21:16:58Z,9dIsRvQLpcJxKItPAKdhNwQeJVR3UETUC6uZEb3dkRk,Shipment,Expenses,-2.85,GBP,Order Payment,,-2.85
2026-02-17T21:16:58Z,9dIsRvQLpcJxKItPAKdhNwQeJVR3UETUC6uZEb3dkRk,Shipment,Sales,9.09,GBP,Order Payment,,9.09
2026-02-17T21:21:11Z,-02dg5olAG9FylojRDd9vYpQnChpVHXOzoNZnPcX50w,Shipment,Expenses,-2.75,GBP,Order Payment,,-2.75
2026-02-17T21:21:11Z,-02dg5olAG9FylojRDd9vYpQnChpVHXOzoNZnPcX50w,Shipment,Sales,6.09,GBP,Order Payment,,6.09
2026-02-17T21:21:14Z,OZmwKLzYNGeQvxsJsfPYtIKjmw865elUiFR5B2nl6Uo,Shipment,Expenses,-3.61,GBP,Order Payment,,-3.61
2026-02-17T21:21:14Z,OZmwKLzYNGeQvxsJsfPYtIKjmw865elUiFR5B2nl6Uo,Shipment,Sales,4.23,GBP,Order Payment,,4.23
2026-02-17T21:24:44Z,uzNAVlrsH0ttEaORWQG5pg81nFbuC9i1gAnMKSKFqDI,Shipment,Expenses,-3.25,GBP,Order Payment,,-3.25
2026-02-17T21:24:44Z,uzNAVlrsH0ttEaORWQG5pg81nFbuC9i1gAnMKSKFqDI,Shipment,Sales,7.99,GBP,Order Payment,,7.99
2026-02-17T21:29:01Z,ajUql7z-5ujbCZp1BfzH7rG9EQpLitIZDnc764qDxe0,Shipment,Expenses,-2.75,GBP,Order Payment,,-2.75
2026-02-17T21:29:01Z,ajUql7z-5ujbCZp1BfzH7rG9EQpLitIZDnc764qDxe0,Shipment,Sales,5.57,GBP,Order Payment,,5.57
2026-02-17T21:30:42Z,6Y69T8T4QuogLT5udoZNic0IIfc7yM3xrl2Vo4IEa9I,Shipment,Expenses,-2.75,GBP,Order Payment,,-2.75
2026-02-17T21:30:42Z,6Y69T8T4QuogLT5udoZNic0IIfc7yM3xrl2Vo4IEa9I,Shipment,Sales,5.61,GBP,Order Payment,,5.61
2026-02-17T21:42:32Z,dIFCM7eYMQ-8kneRcS0aQrpWbBZAr09Gg8UNeGeCpMo,Shipment,Expenses,-3.19,GBP,Order Payment,,-3.19
2026-02-17T21:42:32Z,dIFCM7eYMQ-8kneRcS0aQrpWbBZAr09Gg8UNeGeCpMo,Shipment,Sales,7.99,GBP,Order Payment,,7.99
2026-02-17T21:44:48Z,u4fWM74b9RiIQ-9vye2O6SjwrcEGmqNQiWXGl7EXlXw,Shipment,Expenses,-3.61,GBP,Order Payment,,-3.61
2026-02-17T21:44:48Z,u4fWM74b9RiIQ-9vye2O6SjwrcEGmqNQiWXGl7EXlXw,Shipment,Sales,4.23,GBP,Order Payment,,4.23
2026-02-17T21:53:28Z,QpwjBNooN7kbBXuIDkROKfaaaOC3HEua1D5G498LEJk,Shipment,Expenses,-2.84,GBP,Order Payment,,-2.84
2026-02-17T21:53:28Z,QpwjBNooN7kbBXuIDkROKfaaaOC3HEua1D5G498LEJk,Shipment,Sales,9.09,GBP,Order Payment,,9.09
2026-02-17T21:55:23Z,VD-yOlAfOkx8Gzkc5GErEQVYrvGcoy4kzsPlwPwaOHA,Shipment,Expenses,-3.25,GBP,Order Payment,,-3.25
2026-02-17T21:55:23Z,VD-yOlAfOkx8Gzkc5GErEQVYrvGcoy4kzsPlwPwaOHA,Shipment,Sales,7.99,GBP,Order Payment,,7.99
2026-02-17T21:56:02Z,AGxAJwko9NRcIdYh1NINovNmOJ4dG3sxsK06kNtjC4s,Shipment,Expenses,-2.78,GBP,Order Payment,,-2.78
2026-02-17T21:56:02Z,AGxAJwko9NRcIdYh1NINovNmOJ4dG3sxsK06kNtjC4s,Shipment,Sales,6.15,GBP,Order Payment,,6.15
2026-02-17T21:56:41Z,y0ZNVnEgkfM5RjZ_E67gTnlxz5zHiQUPO2_fFULzfco,Shipment,Expenses,-2.75,GBP,Order Payment,,-2.75
2026-02-17T21:56:41Z,y0ZNVnEgkfM5RjZ_E67gTnlxz5zHiQUPO2_fFULzfco,Shipment,Sales,6.09,GBP,Order Payment,,6.09
2026-02-17T22:02:24Z,b6PGUOAHVZUFyFeRQkdoqbQij26XSLKHceRTE1FnJwY,Shipment,Expenses,-3.61,GBP,Order Payment,,-3.61
2026-02-17T22:02:24Z,b6PGUOAHVZUFyFeRQkdoqbQij26XSLKHceRTE1FnJwY,Shipment,Sales,4.22,GBP,Order Payment,,4.22
2026-02-17T22:02:48Z,kAVRlICDLA0SzC2YDQTteHiFwf-7rKV9z2xXaZvxQbw,Shipment,Expenses,-4.89,GBP,Order Payment,,-4.89
2026-02-17T22:02:48Z,kAVRlICDLA0SzC2YDQTteHiFwf-7rKV9z2xXaZvxQbw,Shipment,Sales,11.49,GBP,Order Payment,,11.49
2026-02-17T22:10:06Z,mKWNnwSVUPvnjk2RdLuTf9FOYqqzUPdTykli5Y39P-w,Shipment,Expenses,-0.89,GBP,Order Payment,,-0.89
2026-02-17T22:10:06Z,mKWNnwSVUPvnjk2RdLuTf9FOYqqzUPdTykli5Y39P-w,Shipment,Sales,9.17,GBP,Order Payment,,9.17
2026-02-17T22:22:48Z,LdDciu3-NMG3ofLn7L7SfK2PW0JiNKOgWZ6LKFx141A,Shipment,Expenses,-16.27,GBP,Order Payment,,-16.27
2026-02-17T22:22:48Z,LdDciu3-NMG3ofLn7L7SfK2PW0JiNKOgWZ6LKFx141A,Shipment,Sales,39.95,GBP,Order Payment,,39.95
2026-02-17T22:26:52Z,_VKRHnYK0OMAkw82hLQE_WeNr_gJnZfGRbybj4Mgqac,Shipment,Expenses,-2.75,GBP,Order Payment,,-2.75
2026-02-17T22:26:52Z,_VKRHnYK0OMAkw82hLQE_WeNr_gJnZfGRbybj4Mgqac,Shipment,Sales,5.61,GBP,Order Payment,,5.61
2026-02-17T22:29:00Z,JX0zESHlc4Xly9Yf2dKseuxwSJRS8PQWdoyHmCqKfVY,Shipment,Expenses,-1.11,GBP,Order Payment,,-1.11
2026-02-17T22:29:00Z,JX0zESHlc4Xly9Yf2dKseuxwSJRS8PQWdoyHmCqKfVY,Shipment,Sales,6.99,GBP,Order Payment,,6.99
2026-02-17T22:30:38Z,vzdEb5UBtIovS5uZ-0VibhoqJGUszJ9RLLl2tsv-fbE,Shipment,Expenses,-1.26,GBP,Order Payment,,-1.26
2026-02-17T22:30:38Z,vzdEb5UBtIovS5uZ-0VibhoqJGUszJ9RLLl2tsv-fbE,Shipment,Sales,7.88,GBP,Order Payment,,7.88
2026-02-17T22:31:43Z,n_qNQ6ZlC9qYgvOq-gaPu49fCFUza3WljlWXDbdO1mM,Shipment,Expenses,-3.15,GBP,Order Payment,,-3.15
2026-02-17T22:31:43Z,n_qNQ6ZlC9qYgvOq-gaPu49fCFUza3WljlWXDbdO1mM,Shipment,Sales,7.49,GBP,Order Payment,,7.49
2026-02-17T22:32:04Z,J4SbCBAkDUYIudhBFTiO4675zA2ouzIoWWFpFLcEL5o,Shipment,Expenses,-3.27,GBP,Order Payment,,-3.27
2026-02-17T22:32:04Z,J4SbCBAkDUYIudhBFTiO4675zA2ouzIoWWFpFLcEL5o,Shipment,Sales,7.99,GBP,Order Payment,,7.99
2026-02-17T22:33:04Z,m1FbkKcoD1OBW_v1wPf1otu6SIxpGttxwlVS_nDY72E,Shipment,Expenses,-2.76,GBP,Order Payment,,-2.76
2026-02-17T22:33:04Z,m1FbkKcoD1OBW_v1wPf1otu6SIxpGttxwlVS_nDY72E,Shipment,Sales,5.57,GBP,Order Payment,,5.57
2026-02-17T22:37:53Z,J0wR9TyEGeTyt1phESdXJh4J2C5p_3OR9GJ6zAMAfgA,Shipment,Expenses,-4.37,GBP,Order Payment,,-4.37
2026-02-17T22:37:53Z,J0wR9TyEGeTyt1phESdXJh4J2C5p_3OR9GJ6zAMAfgA,Shipment,Sales,8.02,GBP,Order Payment,,8.02
2026-02-17T22:39:54Z,vQxLRLijjZlJhKSeoM5z_96RYlYc5diB429p3whvLXo,Shipment,Expenses,-2.77,GBP,Order Payment,,-2.77
2026-02-17T22:39:54Z,vQxLRLijjZlJhKSeoM5z_96RYlYc5diB429p3whvLXo,Shipment,Sales,6.09,GBP,Order Payment,,6.09
2026-02-17T22:47:14Z,g6ZtnQBecLEnfZr4FOebj6xnvcq9ejPsJJgdutUhpm8,Shipment,Expenses,-3.62,GBP,Order Payment,,-3.62
2026-02-17T22:47:14Z,g6ZtnQBecLEnfZr4FOebj6xnvcq9ejPsJJgdutUhpm8,Shipment,Sales,4.23,GBP,Order Payment,,4.23
2026-02-17T22:50:57Z,JMEZSL7O4m7ZuJXj3jqO-gtvDYiQ1X_e7_WBJHo1qH4,Shipment,Expenses,-11.58,GBP,Order Payment,,-11.58
2026-02-17T22:50:57Z,JMEZSL7O4m7ZuJXj3jqO-gtvDYiQ1X_e7_WBJHo1qH4,Shipment,Sales,20.97,GBP,Order Payment,,20.97
2026-02-17T22:56:44Z,dowUPs71TslDNCmr5tiR42ngcV9IsnykiLon_3KSy8E,Shipment,Expenses,-2.74,GBP,Order Payment,,-2.74
2026-02-17T22:56:44Z,dowUPs71TslDNCmr5tiR42ngcV9IsnykiLon_3KSy8E,Shipment,Sales,5.57,GBP,Order Payment,,5.57
2026-02-17T23:04:29Z,v1bzdcl5eZj8_Hbk6hSeTxGHg2bL_P5F8BXFkQ-E8fM,Shipment,Expenses,-4.9,GBP,Order Payment,,-4.9
2026-02-17T23:04:29Z,v1bzdcl5eZj8_Hbk6hSeTxGHg2bL_P5F8BXFkQ-E8fM,Shipment,Sales,11.49,GBP,Order Payment,,11.49
2026-02-17T23:06:18Z,A9CikRUu45KYpgJ4Pv-0KNht1tnLPc_RiPL2_Yq-_bY,Shipment,Expenses,-105.74,AED,Order Payment,,-105.74
2026-02-17T23:06:18Z,A9CikRUu45KYpgJ4Pv-0KNht1tnLPc_RiPL2_Yq-_bY,Shipment,Sales,347.2,AED,Order Payment,,347.2
2026-02-17T23:23:18Z,Wm9i1eToAFl7FN0giS4rpwwFa0nDPLFp6lT96wIvIyY,Shipment,Expenses,-2.8,GBP,Order Payment,,-2.8
2026-02-17T23:23:18Z,Wm9i1eToAFl7FN0giS4rpwwFa0nDPLFp6lT96wIvIyY,Shipment,Sales,5.77,GBP,Order Payment,,5.77
2026-02-17T23:24:11Z,Yki4fMthFgkanB6WrVBlvV1SR-jpzm2moUBlkuAmlws,Shipment,Expenses,-2.72,GBP,Order Payment,,-2.72
2026-02-17T23:24:11Z,Yki4fMthFgkanB6WrVBlvV1SR-jpzm2moUBlkuAmlws,Shipment,Sales,5.57,GBP,Order Payment,,5.57
2026-02-17T23:25:37Z,dOm_d9IMOrnAGwuDj-H6nkMLOJW__oRXj_lpOnYYSJI,Shipment,Expenses,-2.77,GBP,Order Payment,,-2.77
2026-02-17T23:25:37Z,dOm_d9IMOrnAGwuDj-H6nkMLOJW__oRXj_lpOnYYSJI,Shipment,Sales,6.15,GBP,Order Payment,,6.15
2026-02-17T23:26:43Z,Na9ilyetswceqA765Bitj7dBP7XeRfwFtJeogKYRXRk,Shipment,Expenses,-2.72,GBP,Order Payment,,-2.72
2026-02-17T23:26:43Z,Na9ilyetswceqA765Bitj7dBP7XeRfwFtJeogKYRXRk,Shipment,Sales,5.57,GBP,Order Payment,,5.57
2026-02-17T23:29:20Z,gOMGXscahSpay-EQvGzIRzeG19I4gN_fLlkSSiMa30s,Shipment,Expenses,-2.75,GBP,Order Payment,,-2.75
2026-02-17T23:29:20Z,gOMGXscahSpay-EQvGzIRzeG19I4gN_fLlkSSiMa30s,Shipment,Sales,5.57,GBP,Order Payment,,5.57
2026-02-17T23:32:00Z,_1qjWgcqimK8sOUi-_fstH-ThLT9mq7yiICmFgwet5s,Shipment,Expenses,-3.25,GBP,Order Payment,,-3.25
2026-02-17T23:32:00Z,_1qjWgcqimK8sOUi-_fstH-ThLT9mq7yiICmFgwet5s,Shipment,Sales,7.99,GBP,Order Payment,,7.99
2026-02-17T23:41:18Z,jIjo_Z10SWvmXhh61KncSDPbTTRoizVxAS9BhXgewwo,Shipment,Expenses,-2.75,GBP,Order Payment,,-2.75
2026-02-17T23:41:18Z,jIjo_Z10SWvmXhh61KncSDPbTTRoizVxAS9BhXgewwo,Shipment,Sales,6.09,GBP,Order Payment,,6.09
2026-02-17T23:43:42Z,jCVvjaavlgorlmVrDvbmRGQAGtMt5dkD5V1mbJp-96Q,Shipment,Expenses,-2.14,GBP,Order Payment,,-2.14
2026-02-17T23:43:42Z,jCVvjaavlgorlmVrDvbmRGQAGtMt5dkD5V1mbJp-96Q,Shipment,Sales,5.5,GBP,Order Payment,,5.5
2026-02-17T23:49:08Z,SbsKtsyH55ffydYUpikDk3mCE-eun9CVEwhwb3HfTew,Shipment,Expenses,-7.09,GBP,Order Payment,,-7.09
2026-02-17T23:49:08Z,SbsKtsyH55ffydYUpikDk3mCE-eun9CVEwhwb3HfTew,Shipment,Sales,24.99,GBP,Order Payment,,24.99
2026-02-17T23:59:09Z,XhEUHudONPlRMhdxpsLIG2IVrvc7IZTRnzYu-uCkONA,Shipment,Expenses,-4.91,GBP,Order Payment,,-4.91
2026-02-17T23:59:09Z,XhEUHudONPlRMhdxpsLIG2IVrvc7IZTRnzYu-uCkONA,Shipment,Sales,11.49,GBP,Order Payment,,11.49
2026-02-18T00:03:16Z,1F_o8LYH2I6xr6xOPzJIhRVzgkBNAMBI2sc31nGiNMM,Shipment,Expenses,-2.77,GBP,Order Payment,,-2.77
2026-02-18T00:03:16Z,1F_o8LYH2I6xr6xOPzJIhRVzgkBNAMBI2sc31nGiNMM,Shipment,Sales,6.15,GBP,Order Payment,,6.15
2026-02-18T00:17:06Z,WJEdlgSW8YEE3bkX62jXUQ7qeDxx3ZUBwMIKHV-Uo5k,Refund,Refunded Expenses,0.77,GBP,Refund,,0.77
2026-02-18T00:17:06Z,WJEdlgSW8YEE3bkX62jXUQ7qeDxx3ZUBwMIKHV-Uo5k,Refund,Refunded Sales,-6.09,GBP,Refund,,-6.09
2026-02-18T00:34:12Z,JVhs1AVMZZpFeLL9x_sMgdIlxuvRwon2axjRspekSxc,Shipment,Expenses,-1.26,GBP,Order Payment,,-1.26
2026-02-18T00:34:12Z,JVhs1AVMZZpFeLL9x_sMgdIlxuvRwon2axjRspekSxc,Shipment,Sales,7.99,GBP,Order Payment,,7.99
2026-02-18T00:34:24Z,R6KHkLAluC07BFyOTFCe9AmUtbP9XX7OMiAXCZsxPGk,Shipment,Expenses,-1.28,GBP,Order Payment,,-1.28
2026-02-18T00:34:24Z,R6KHkLAluC07BFyOTFCe9AmUtbP9XX7OMiAXCZsxPGk,Shipment,Sales,7.99,GBP,Order Payment,,7.99
2026-02-18T00:34:51Z,Kj8PcNxjh2_rOFwremNHCNkELwrUCg5bfqKaBAH0unQ,Shipment,Expenses,-1.27,GBP,Order Payment,,-1.27
2026-02-18T00:34:51Z,Kj8PcNxjh2_rOFwremNHCNkELwrUCg5bfqKaBAH0unQ,Shipment,Sales,7.98,GBP,Order Payment,,7.98
2026-02-18T00:35:26Z,f1hgKj4hm9S0vq9lXSM6635q8QA3Ua3eNXO5cWQpATY,Shipment,Expenses,-1.27,GBP,Order Payment,,-1.27
2026-02-18T00:35:26Z,f1hgKj4hm9S0vq9lXSM6635q8QA3Ua3eNXO5cWQpATY,Shipment,Sales,7.99,GBP,Order Payment,,7.99
2026-02-18T00:35:56Z,jnSTyA5QXsju5J6QErLtYH_8OsggDunrzfohH2msBHU,Shipment,Expenses,-1.27,GBP,Order Payment,,-1.27
2026-02-18T00:35:56Z,jnSTyA5QXsju5J6QErLtYH_8OsggDunrzfohH2msBHU,Shipment,Sales,7.94,GBP,Order Payment,,7.94
2026-02-18T01:20:52Z,4Z7p5EvB0TApzCCcmxHxtsBYRPWaOR5Kc-fyEmRuMeY,Shipment,Expenses,-2.35,GBP,Order Payment,,-2.35
2026-02-18T01:20:52Z,4Z7p5EvB0TApzCCcmxHxtsBYRPWaOR5Kc-fyEmRuMeY,Shipment,Sales,12.88,GBP,Order Payment,,12.88
2026-02-18T04:37:25Z,G2voDDSSc6mpc2EQo69grs0wYJs6OtZyqhB18KTHbDY,Shipment,Expenses,-0.9,GBP,Order Payment,,-0.9
2026-02-18T04:37:25Z,G2voDDSSc6mpc2EQo69grs0wYJs6OtZyqhB18KTHbDY,Shipment,Sales,9.09,GBP,Order Payment,,9.09
2026-02-18T04:38:48Z,WC-Yt68E5sKFXmS_Yxi38mL9Uay3Sggkq063Ba9g_z4,Shipment,Expenses,-0.88,GBP,Order Payment,,-0.88
2026-02-18T04:38:48Z,WC-Yt68E5sKFXmS_Yxi38mL9Uay3Sggkq063Ba9g_z4,Shipment,Sales,9.09,GBP,Order Payment,,9.09
2026-02-18T05:05:10Z,qS-nFvcNYvKCANtiYMmsoMnpobwItBOtJum1qEykmx0,Shipment,Expenses,-2.5,GBP,Order Payment,,-2.5
2026-02-18T05:05:10Z,qS-nFvcNYvKCANtiYMmsoMnpobwItBOtJum1qEykmx0,Shipment,Sales,15.76,GBP,Order Payment,,15.76
