seller_sku	asin	supplier	barcode	supply_code	discontinued	drop
N9-IOWG-NGD9	B07QGGFKYK	ABGee	854941007631	333 SI568	FALSE	TRUE
BF-KVJ0-RUA9	B08C5L6YMH	ABGee		DC	TRUE	FALSE
12-749B-9EB5	B084HZRR8G	ABGee	889698498302	985 49830	FALSE	TRUE
WT-LPJW-NOXR	B082FRV6QN	ABGee	889698481861	985 48186	TRUE	FALSE
BF-EX14-XMNB	B0BT3W5FJZ	ABGee		985 72185	FALSE	TRUE
WB-6YBC-16X8	B0863J9XMR	ABGee	889698496957	985 49695	TRUE	FALSE
SC-LYFM-ORXK	B07QXSDZJM	ABGee		541 61176	FALSE	FALSE
5B-DQES-2T3E	B08PM3MG36	ABGee			FALSE	TRUE
BJ-1TEF-1BUZ	B00WOFBCHO	ABGee			FALSE	TRUE
2S-T29M-BDIZ	B07978WZ4L	ABGee	889698288064	985 28806	FALSE	TRUE
DY-51D1-CSIX	B07FFHPY7X	ABGee	885561022247	520 02224	FALSE	TRUE
09-CZ59-Q6OR	B09BR88BPW	DHB	5051717179447		TRUE	FALSE
B2-5FFM-153A	B00R6C2JPO	ABGee	4005556105700		TRUE	FALSE
91-PZCP-NNGD	B0198KU5PW	ABGee	849803053055	985 5305	FALSE	TRUE
XI-DUS3-PXC9	B07KWX9MLS	ABGee		413674	TRUE	FALSE
0T-LQK2-KFCY	B0CBNNKLYJ	ABGee	194735218318		TRUE	FALSE
OL-F41R-EZEF	B000WLIOSW	ABGee	7312350333916		FALSE	TRUE
NC-MA70-7OJ9	B004ALKMF8	ABGee	86002019103		FALSE	TRUE
T7-NZWY-R44R	B00CUB7726	ABGee	5038701102599		FALSE	TRUE
I2-OJSR-TKZ6	B00J6SEG7A	ABGee	7312350337358		FALSE	TRUE
9C-ZLCN-WWGK	B00TQ5KPNC	ABGee	849803058623	985 5862	FALSE	TRUE
6L-LO0H-2WGF	B06XG8519L	ABGee	695929032029	198 3202	FALSE	TRUE
7C-XI7G-FMUU	B07HB4VNVV	ABGee	889698363914	985 36391	FALSE	FALSE
W7-F06R-CW3C	B088BD4ZRQ	ABGee	4897073710693		FALSE	TRUE
D6-Y4EX-C9HL	B08C5LLPF2	ABGee			TRUE	FALSE
NB-UWOU-68PW	B08FMRRD53	ABGee	889698552103		TRUE	FALSE
QG-6O1N-7HTR	B08H8B19KW	ABGee	889933978712		TRUE	FALSE
E7-LAKI-9FEO	B08PM2N9H6	ABGee			TRUE	FALSE
FQ-DRSZ-XVJI	B08SR72PMM	ABGee	778988375402		TRUE	FALSE
WY-Z6LP-JOMV	B08T9KT6WR	ABGee		542 12001074	FALSE	TRUE
IX-E0R5-6P6G	B08WKT6B6G	ABGee	4005556051861		FALSE	TRUE
J7-QL4P-4SOM	B0937P8DBF	ABGee	4005556764457		TRUE	FALSE
UF-8XYI-JUTX	B0937P8DBF	ABGee	4005556764457		TRUE	FALSE
LG-AZOP-KOUU	B0937P8DBF	ABGee	4005556764457		TRUE	FALSE
0K-6BX5-D5AH	B093WHTJL7	ABGee	8431618016626	856 PSTSP414IN0	FALSE	FALSE
XH-OMMJ-C7MT	B096BPSDRZ	ABGee	4005556052240	542 5224	FALSE	TRUE
Z3-HICR-CPBW	B09DL7M3NJ	ABGee	889698596862	985 59686	TRUE	FALSE
OO-KLJU-ZBO9	B09LHXLGKD	ABGee	889698622219	985 62221	TRUE	FALSE
UL-6G4Z-72JE	B09NCKDG86	ABGee	695929032098	198 3209	FALSE	TRUE
2K-6X85-CXUL	B09P1WWG17	ABGee	4005556171408		TRUE	FALSE
MF-MNIN-FGXW	B09S12NTWM	ABGee			TRUE	FALSE
FQ-MTRD-YPII	B09SQH37Y1	ABGee	765023091250		TRUE	FALSE
8N-T5OY-DSW9	B09V85SK3J	ABGee	889698573443		TRUE	FALSE
JE-NHAA-HEYR	B09YRX2HGZ	ABGee			FALSE	TRUE
6V-0L0T-OF72	B0B1P26Q8H	ABGee		930 1108	FALSE	TRUE
IQ-PR7Z-1RKG	B0B77CDN6J	ABGee	191726382164	888 PKW0167	FALSE	FALSE
A9-31T9-JF3W	B0BXSY46TV	ABGee			TRUE	FALSE
TT-1DQK-CJFF	B0BZ5NYPPD	ABGee	191726467366		TRUE	FALSE
EO-RQ6J-PAPY	B0C4S2Y186	ABGee	889698759120		FALSE	TRUE
F9-ETRB-6FVQ	B0CG4TDDKM	ABGee	5029736080723		FALSE	TRUE
10-PGVO-YV15	B01H8QOUTA	CLF	4744183012622	OSP54	FALSE	TRUE
WF-JLK1-5PKN	B08563KQKG	Aldridge Security	5052847107324	L32299	FALSE	FALSE
LL-NBBZ-I90A	B06XGTSWXG	BEM	889698135535		TRUE	FALSE
HJ-6HB4-VVF2	B06XXLK96G	BEM	5051265723253		TRUE	FALSE
R7-RF9Q-9AMN	B07B35PCF6	BEM	5055964717858		TRUE	FALSE
9I-QC5D-QDT2	B0BG3LJKT9	BEM	889698615501		TRUE	FALSE
1W-8WI9-7AUU	B0BLQRDTLL	Heo	889698723336	FK72333	FALSE	TRUE
SZ-UL4K-SE7W	B002QGAF8S	Bliss Distribution	74427822255	E-82225	FALSE	FALSE
26-E5TZ-WU0I	B09Z35W2SZ	Bliss Distribution	5706569150525	AT-15052	FALSE	TRUE
1Q-OTO8-JG8E	B01G263L1K	Bliss Distribution	5706569110093	AT-11009	FALSE	TRUE
27-VH0D-TKGK	B000SBLNVG	CLF	CGN3		FALSE	TRUE
2L-4Y1Q-E6OA	B00M8QBEIG	ABGee	5029736052898	674 05288	FALSE	TRUE
ON-XPCR-TAZW	B0BHCWWGKS	Bliss Distribution	4056133024273	UGD011337	FALSE	TRUE
D7-MGBX-RX2P	B001Q77TI2	Bliss Distribution	74427811815	E-81181	FALSE	FALSE
2U-4KLP-68HB	B07NGGSR3D	Bliss Distribution	4056133012225	UGD010923	FALSE	FALSE
BH-QYC3-K7VG	B06XGSJS7N	Bliss Distribution	4056133006194	UGD010696	TRUE	FALSE
3Q-JVVB-BIT7	786964502	Bliss Distribution	653569831679	A35790000	TRUE	FALSE
H0-BYHY-BTUT	B08WX4Y25G	Bliss Distribution	74427156138	E-15613	FALSE	TRUE
49-4UKW-G81R	B00WI8O0RG	Bliss Distribution	74427845155	E-84515	FALSE	FALSE
T0-4R2M-4BLV	B08WYJM23V	Bliss Distribution	74427156121	E-15612	FALSE	TRUE
3T-6QPR-E2MV	B06XGSJS7N	Heo	4056133006194	UGD010696	FALSE	FALSE
3Z-45IC-N1H4	B07QPB3T1J	Bliss Distribution	5713799201309	GL2013	FALSE	TRUE
46-MOBK-YBS1	B089B7YDRN	Heo	889698519656	FK51965	FALSE	FALSE
4F-HT42-FD26	B010E25DI2	Bliss Distribution	74427845179	E-84517	FALSE	FALSE
NY-AI90-84GR	B07NH5TQSF	Bliss Distribution	4056133011655	UGD010896	FALSE	TRUE
4U-9ZL6-9G0Y	B07C8QSSR2	DHB	9336628001701	PIK054	FALSE	FALSE
3Z-S01D-H4GA	B00DI2B8IU	Bliss Distribution	74427834234		FALSE	TRUE
2T-07RT-8IMX	B07W65T6VT	Bliss Distribution	74427152192	E-15219	FALSE	FALSE
UT-WXOQ-6CZL	B08CVTBP81	Bliss Distribution	74427156046		FALSE	TRUE
66-6EUM-PSH8	B08WYDVF97	Bliss Distribution	74427156237		FALSE	TRUE
W3-H7LU-CTRI	B0002TT36Q	Bliss Distribution	74427813673	E-81367	TRUE	FALSE
CN-NR50-TSFE	B0024I0DBW	Bliss Distribution	74427151461	E-15146	FALSE	FALSE
0C-AOG2-B23Z	B003TYWR5K	Bliss Distribution	74427825911		FALSE	TRUE
9D-PMDG-ALP4	B005BFZAK4	Bliss Distribution	74427827120	E-82689	FALSE	FALSE
XB-PLFM-VNLX	B00FAQCE08	Bliss Distribution	4260250072189	UGD010069	FALSE	TRUE
8G-7PJ0-25UD	B00FBC54VW	Bliss Distribution	74427828592		TRUE	FALSE
EH-ZRT0-U4YM	B00WI9YJVW	Bliss Distribution	74427845162	E-84516	FALSE	TRUE
BQ-O3OI-FTJU	B01CKK8CU2	Bliss Distribution	74427817213		FALSE	FALSE
MU-717K-DELS	B076V4V2QQ	Bliss Distribution	74427836481	E-83648	FALSE	FALSE
JE-D4LO-O2JD	B07JXBDGJB	Bliss Distribution	74427856830	85683	FALSE	FALSE
AI-IG9I-YB5A	B081QV8W38	Bliss Distribution	634482900352	WZK90035	TRUE	FALSE
7I-GPVA-PDJ6	B081SNXGJZ	Bliss Distribution	630509926275		TRUE	FALSE
Z7-ZI0R-NWCK	B0BVMYDKYJ	Bliss Distribution	195166205717		TRUE	FALSE
M1-UFU0-V1X3	B0C18VY3LL	Bliss Distribution	5706569110567	AT-11056	FALSE	TRUE
6P-IWYA-X18B	B07B8RJDXT	Bliss Distribution	5706569110062	AT-11006	FALSE	FALSE
0N-VZG5-JH06	B0CJMMYYCJ	Bliss Distribution	5706569150617	AT-15061	FALSE	TRUE
E0-9FJI-8AD2	B0CRRPLF9J	Bliss Distribution	5706569150631	AT-15063	FALSE	TRUE
7I-1717-OHRW	B0CJMRL1WT	Bliss Distribution	5706569150600	AT-15060	FALSE	TRUE
GA-9DTN-9O1E	B086763VT8	Bliss Distribution	672975032081	LED01009	FALSE	FALSE
TL-AUNR-5YK0	B005WH4C2S	Bliss Distribution	5713799300316	CP3003	FALSE	TRUE
6Q-9G2A-IKVV	B000PSB13C	Tool Chimp	35965078184	MGB692KIT	FALSE	FALSE
JQ-6JZ4-3GJ7	B0772XHJN8	Clearance King	5024996704389		FALSE	TRUE
GB-RXX5-97UW	B07RM3ND3R	Clearance King	5055566995982		FALSE	TRUE
N0-JAU8-SI40	B08R1S1YK7	Clearance King	8901030806605		FALSE	TRUE
MI-J6KS-0097	B08WR9CJKH	Clearance King	8901030813276		FALSE	TRUE
PF-7VUQ-LIUC	B00ARABJZS	CLF	830028000856	PUR6	TRUE	FALSE
6E-GK4T-QBFF	B0CND68C7W	Bliss Distribution	5060948293822	HAS-DUN52	TRUE	FALSE
16-5NE0-75DT	B097F7QHFF	CLF	708002800078	FIN178 	TRUE	FALSE
6V-EEC1-2S9Z	B06WW79DX5	Sika		484651	FALSE	FALSE
7R-DKJR-F0UF	B08F8MQT1G	Stax	9310346414302	9310346414302	FALSE	TRUE
7W-PCZV-CX51	B0BLRF1Q55	Heo	889698734158	FK73415	TRUE	FALSE
HI-4CXM-9WVU	B01CWYES90	CLF	605069200264	HIM57	FALSE	FALSE
81-3DY5-BFOR	B07W45L22P	Heo	889698455404	FK45540	FALSE	FALSE
93-TB6X-UKTU	B078K3B7R6	DHB	9336628002036	PIK021	FALSE	TRUE
94-X6R7-SCOW	B0B6GD6QF8	Heo	889698674263	FK67426	TRUE	FALSE
JC-NYJZ-DIWR	B071ZFGRQB	CLF	5060169467354		FALSE	TRUE
90-0G83-3P0X	B0054RRCQY	CLF	634084135800	BDG11	FALSE	TRUE
R0-ODDX-WROO	B076RY52XG	CLF	7350075691492		TRUE	FALSE
FX-3YH6-IF6A	B0005Z8NCM	CLF	71053000019		TRUE	FALSE
PZ-X5VL-NVBR	B000I4OEVO	CLF	43647050014	TIP-05011	FALSE	TRUE
AY-LA00-LUJD	B002E2SOFA	CLF	5014213711344	MER-15579050	FALSE	TRUE
K5-QUBI-YTWD	B0037B0C66	CLF	5060136750021	TP-03	FALSE	TRUE
3L-LSBT-PRST	B003OPE57C	CLF		HIM30	TRUE	TRUE
PF-9T40-Q7YW	B00ARABK20	CLF	830028000832		TRUE	FALSE
PQ-SCCQ-7RCR	B00EAKEGW4	CLF	5011766010085		FALSE	TRUE
YM-HLZL-A3XS	B00EAKEGW4	CLF	5011766010085		FALSE	TRUE
HN-13OB-TAYD	B01466BHAK	CLF	3504105036775		FALSE	TRUE
RF-3X39-FYXB	B01H8QP2II	CLF	4744183012592	OSP56	FALSE	TRUE
CQ-GZA7-CZBW	B07BD35HQ9	CLF	8901138512811	HIM30	TRUE	TRUE
WN-BBR4-67NP	B07DQ6SN49	CLF	Barcode/link		TRUE	FALSE
7H-7G2P-ONWJ	B081Q9CFGC	CLF	5060727260069	OCN6	FALSE	FALSE
6H-ZZN4-I77B	B084HF25YN	CLF	8719189416237	SPC16	FALSE	TRUE
V7-HT4G-K9QH	B095KZCB8B	CLF	5060622270040	NOJ6	FALSE	TRUE
C1-4N7O-1LWT	B0BZJ926BP	CLF	5060727261790		FALSE	TRUE
AX-NKNU-29C1	B08M52B4M5	CLF	5060235831003	MOO62	FALSE	FALSE
2U-EUMC-7E5P	B00DLILCPU	CLF	819005010170	BDH8	TRUE	FALSE
9R-YGAK-KTA0	B00CWF4J4E	Culpitt	5060475073515		FALSE	TRUE
A2-T2AC-TW3L	B006PFN3BW	Sika		484652	FALSE	FALSE
6L-SDA9-P13J	B00605WJ9O	Culpitt	5060475073355	552760	FALSE	FALSE
KG-GAQU-OLI0	B00BDTS1SK	Culpitt	5060475073478		FALSE	TRUE
K2-VE7K-V9TU	B08FR6S7CD	Culpitt	634158999604		FALSE	TRUE
B7-9S5E-KOHG	B00284EJ3K	Darlac	5038210000805		TRUE	FALSE
LH-LOUH-H54B	B005762690	Darlac			FALSE	TRUE
ET-D23X-A5I2	B0114M1ARE	Darlac			FALSE	TRUE
AF-KIHX-ANYY	B0001P15T4	Stax	5011204022809	862225	FALSE	FALSE
BB-JN90-IUUP	B09QFWDJHP	Heo	889698639811	FK63981	FALSE	TRUE
BM-1O5E-RW8I	B07BC5K5W5	DK Tools	5032759047840	F4010 	FALSE	TRUE
BU-H22U-ACK3	B00VAID1UW	Trilanco	5036200123718	VIC0221	FALSE	TRUE
3L-1I88-19GF	B00SYI2OCW	DHB	7612412010008	CUR005	TRUE	FALSE
CJ-DLBW-HKFS	B077745NY9	DHB			FALSE	TRUE
D1-LSS7-93U8	B003SYNGE2	CLF	5060169467170	RO-0717	FALSE	FALSE
DT-SPI3-IK34	B00BA4IOTY	TD Synnex	65030849623	4428167	FALSE	TRUE
0N-JV0B-5UNV	B009L12MLO	DHB	858145006421		FALSE	TRUE
EE-KTDC-KCFY	B08FSDMVNP	TD Synnex	649528903648	6302977	FALSE	TRUE
8G-JH1T-98X4	B0083DPLJQ	DHB	7612412039603		FALSE	TRUE
8T-HE78-3AQ3	B07772WMSM	DHB	4250016405108		FALSE	TRUE
5Z-6Z0P-9TQQ	B08MW8XMNQ	DHB	9336628005563	PIK077	TRUE	FALSE
7Y-B7S7-O5OZ	B0014RIL1S	DHB	4210201746249		TRUE	FALSE
3K-PWXF-IHKI	B002ZM4SVI	DHB	5060130440003		TRUE	FALSE
PT-CVT8-NV21	B003BNKNWI	DHB	3574661017419		TRUE	FALSE
10-JQEP-V8I7	B00CRGM45O	DHB	614373180056		FALSE	TRUE
YD-0TJL-WINU	B017DL5O7M	DHB	4210201154655		TRUE	FALSE
VY-FXRV-DEAT	B07774W5SC	DHB	4250016405085		TRUE	FALSE
SA-T4GN-HUNR	B07NSZ2DRS	DHB	4210201193616	OB292	TRUE	FALSE
Z4-04O5-E86C	B07Z49M8RS	DHB	47701000731		TRUE	FALSE
FY-TQNI-4ZV5	B08RHKZM4N	DHB	6970810551587		TRUE	FALSE
4V-OE5G-EJKM	B095X23HDH	DHB	6970810551815		TRUE	FALSE
EV-CHU5-XU3G	B07QQDMJ6M	Bliss Distribution	5713799201408	GL2014	FALSE	FALSE
FA-LRV6-YRFW	B00BUY54DI	Heo	830395031439	FK3143	FALSE	FALSE
7U-508Y-MZAQ	B07BC6P4DX	DK Tools	5032759048533	V4055	FALSE	TRUE
55-5RSU-1KG1	B07QRP7V6V	DK Tools	5032759049455		FALSE	TRUE
FN-ZANK-PHQO	B06X6FDJMF	DK Tools	5032759046607	C3185	FALSE	TRUE
WR-3V7D-BB7Z	B07BBZZ8RC	DK Tools	5032759048519	V4045	FALSE	TRUE
A1-KSU1-GZMS	B07BC1CMDK	DK Tools	5032759048571	P240	FALSE	FALSE
OI-0483-CBVX	B07BC5J1WW	DK Tools	5032759047970	F4023	FALSE	TRUE
FW-WGL2-H61I	B07JGH6PGK	DK Tools	5032759049691	G4480	FALSE	TRUE
I5-DDJZ-N4EF	B07QLML4ZG	DK Tools	5032759049424	N2380 	FALSE	TRUE
HT-LVU9-4F5R	B07QMMTYFZ	DK Tools	5032759049462	N2377 	FALSE	TRUE
94-7TOA-9ZBH	B07QNL4BNM	DK Tools	5032759049431	N2381 	FALSE	TRUE
XL-BFPF-CBW4	B07QNL62Z2	DK Tools	5032759049417	N2352 	FALSE	TRUE
YB-8YQ7-X1X8	B07QQTBK5K	DK Tools	5032759049448	N2382 	FALSE	TRUE
TX-7TYN-NVF4	B0864N9WBR	DK Tools	5032759050468		TRUE	FALSE
WI-QO7X-YZOL	B08YJ6VDMK	EE Distribution	5010993860968		TRUE	FALSE
G0-25T9-9YZS	B0BLJSH45T	EE Distribution	194735139446		TRUE	FALSE
2I-R2RY-BZ85	B08T7DKMD6	Entertainment Trading	54402730430		TRUE	FALSE
RR-0TGC-U4IT	B08T7F964H	Entertainment Trading	54402730423		TRUE	FALSE
1P-BRGG-P0N6	B07QGGFKYK	Heo	854941007631	WST568	TRUE	FALSE
OP-0TPO-SB3I	B08MQ1N1CC	Heo	889698556217	FK55621	FALSE	TRUE
HY-VZF3-EFS3	B0BS27RGPX	Heo	889698730228	FK73022	TRUE	FALSE
4C-6VFW-JO2C	B078Y34P17	Heo	840391124516	NMR52536	TRUE	FALSE
3V-HQSI-8QRU	B0B6GC25G1	Heo	889698674249	FK67424	TRUE	FALSE
KE-WQ91-B6JF	B0175BSI28	Heo	859421005145	WST503	TRUE	FALSE
JX-Q0XX-QBZ2	B087538JGK	Heo	5060525893902	EXGMER-2927	TRUE	FALSE
SH-RGTH-QQM2	B08T5WCLF2	Heo	889698491549	FK49154	TRUE	FALSE
FR-41MF-KWKU	B01FJOSX3W	Culpitt	8051277120757	825001	FALSE	TRUE
MF-FBAW-SRXY	B07DFCXCQF	Heo	889698332484	FK33248	TRUE	FALSE
ZI-1MA2-8QGC	B08M8CQHHV	Heo	840391148840	NMR65370	FALSE	FALSE
IO-9ZD2-3HDO	B09SBGM9Q8	Heo	889698640367	FK64036	TRUE	FALSE
J2-N9NA-57NA	B07VBB218V	Bliss Distribution	4012927741481	DHCS	FALSE	TRUE
JY-781R-EYHZ	B005HXLH3O	Bliss Distribution		E-82712	FALSE	FALSE
0X-VJWI-4OT8	B0BWFT5RGN	Heo	889698730907	FK73090	FALSE	TRUE
KR-H2ZK-DRS7	B0074JFW3A	Aldridge Security	5054040365303	L27660	FALSE	TRUE
M4-MV10-9TX7	B0B18N781Q	Stax	5012904260126	113299	FALSE	TRUE
M5-71MK-T0DL	B0B337ZY41	Bliss Distribution	5706569110505	AT-11050	FALSE	TRUE
M5-EOFN-2WPJ	B07RBWJ6W8	DHB	7350075692741	HUM028	TRUE	FALSE
MF-TPXM-F8AF	B0D3J9C8NN	TD Synnex	840304759026	10290415	FALSE	TRUE
MN-LXY0-1MMT	B07DFB8DKB	Heo	889698328371	FK32837	FALSE	TRUE
NO-N6RP-Y30Q	B07NJCFPKF	Bliss Distribution	5706569110369	AT-11036	FALSE	TRUE
8K-FX05-CCPX	B00JLESNIC	Infinity Foods	9312657008010		TRUE	FALSE
DK-9CZR-7SUV	B074T1RYDC	Infinity Foods	700461912842		TRUE	FALSE
4Y-2V2S-KSTO	B072HKRVGB	Jones Wholesale			FALSE	TRUE
CX-SMCH-4DYA	B0012B80HG	Jones Wholesale	5010624437224	1000759	FALSE	FALSE
VF-WENE-0QSF	B001A2XG7G	Jones Wholesale			FALSE	TRUE
10-KNVB-4BRI	B002GZJUQ2	Jones Wholesale	5010624437408		FALSE	TRUE
CC-9HJK-1XR3	B0BVL9BZYQ	Jones Wholesale	5059618065609		TRUE	FALSE
IX-BHAG-7688	B000VXRMBQ	Knights Fragrances	3360372050827		TRUE	FALSE
8Y-8UTW-YHVV	B001EKUVT0	Knights Fragrances	3014230021039		TRUE	FALSE
IS-RZRJ-JMUQ	B002IDVWB8	Knights Fragrances	3495080703113		TRUE	FALSE
4D-KUD8-5IQP	B002IDZNTA	Knights Fragrances	3495080773116		TRUE	FALSE
6L-R2ZY-X2E0	B01I9I29CG	Knights Fragrances	652685683117		TRUE	FALSE
H4-EFUP-2ASL	B01JJ2BNPK	Knights Fragrances	5060322953403		TRUE	FALSE
QZ-5ZK7-W02G	B07DNFPY6T	Mark Up Wholesale	5060416996811		FALSE	TRUE
9H-K7TV-V6NU	B014G545T6	Murrays Health and Beauty	4008600208693		TRUE	FALSE
OZ-3NKR-VLYG	B0049A27FS	Trilanco	5000239085446	GDB0101	TRUE	FALSE
PI-JTWZ-8YNT	B07DPPBBZP	Murrays Health and Beauty	83800044023		TRUE	FALSE
UC-D1G4-MTYN	B07CJB6QP5	Murrays Health and Beauty	843060104819		TRUE	FALSE
RJ-OVDC-R9JF	B07CJB6QP5	Murrays Health and Beauty	843060104819		TRUE	FALSE
HO-7XV5-UD4D	B07PGQMYBY	Murrays Health and Beauty	5018632261589		TRUE	FALSE
P4-XF7W-GMJA	B0CD8DY9LF	Murrays Health and Beauty	619232008755		TRUE	FALSE
RY-2DTP-16YZ	B01N273YMX	Party Wholesalers	5026281921129		FALSE	TRUE
ZJ-9IR6-7M3A	B07RXCFY28	Party Wholesalers	5201184902325		FALSE	TRUE
JH-97NP-GJDG	B007C3KBIY	Party Wholesalers	11179402908		FALSE	FALSE
02-7AZG-O0CV	B01N31JDVX	Party Wholesalers	5026281920528		FALSE	FALSE
D8-QDS3-LH4T	B005PXT1NE	Peak Dale Products	3760018740554		TRUE	FALSE
XN-OHVO-FXL6	B076X4QLLB	Pulse Wholesale	8016887000226		TRUE	FALSE
VU-YLRN-9V7D	B00LTMM91G	Rashmian	4052899195370	LV195370	TRUE	FALSE
U1-M5BM-8F5W	B0C9J86XCZ	Rashmian	5060108297486	GVDR09BK	FALSE	FALSE
MW-9K5M-VKW8	B0073TTHBY	Rashmian	4971850965022	MRW-200H-1BVES	FALSE	FALSE
SU-JM8R-2U82	B09ST7SSLW	Rashmian	3380743086316	MLT10NI	FALSE	FALSE
GW-1ECO-QZA7	B00N5SLQ7A	Rashmian	4971850050025	A500WEA-1EF	FALSE	FALSE
MY-KL21-NMV5	B0913SVFD3	Rashmian	3380743088884	JC598PAI2	FALSE	FALSE
QD-UWUI-6381	B00DSYVL7Q	Rashmian	4971850923930	LA680WEA-7EF	FALSE	TRUE
QB-I6MR-7F61	B0788CGDMC	Rashmian	4549526187605	F-91WM-3AEF	FALSE	TRUE
TH-JWYZ-LM0D	B087V742Y5	Rashmian	3380743085203	RL800NI	FALSE	TRUE
OV-LVEL-DQL6	B08W25WKTN	Rashmian	3380743086248	MLT10PA	FALSE	FALSE
GD-B8SW-1PCP	B0D2Y4NPKZ	Rashmian	4545350055455	VN541PC	FALSE	FALSE
J5-IJ6Y-64VG	B00R1FO6PM	Reydon	799756006540		TRUE	FALSE
9Q-XGAX-ZGBT	B00UP5XTPI	Shure Cosmetics	5029066052582		TRUE	FALSE
P5-KMQZ-JK8Y	B0B4YLLV8J	ABGee	778988446362	231 6066104	TRUE	FALSE
P7-91M2-092T	B07GMRJTS9	TD Synnex	649528785930	5647107	TRUE	FALSE
BC-6AFY-0M24	B07V6TVSFL	Shure Cosmetics	3614227918092		FALSE	TRUE
QD-2EAL-Z4J5	B08BTN21C4	Shure Cosmetics	4005900462954		TRUE	FALSE
R8-VELO-CPUA	B00U84TQ2Q	Shure Cosmetics	5029066023698		TRUE	FALSE
QM-QAGK-D2UQ	B07RX3FCV7	CLF	5011428000232	MAL4	FALSE	TRUE
RB-82FL-T88J	B0CJ8TNZ67	Rashmian	3380743102139	RL800D	FALSE	FALSE
WO-75W6-980Q	B0C6YDPSJ7	Shure Cosmetics	3616304782534		FALSE	TRUE
YF-KP66-IJY6	B01H10I0P8	Shure Cosmetics	9327693005305		FALSE	TRUE
1A-S381-J09C	B002ZTVMDI	Shure Cosmetics	41554050899		FALSE	TRUE
GQ-JASA-966U	B00560RYBC	Shure Cosmetics	5055339900304		TRUE	FALSE
3Q-JJ0H-Y8K7	B0077HAQJE	Shure Cosmetics	3600522066798		TRUE	FALSE
1C-WYGV-IW8O	B00YPA854Y	Shure Cosmetics	9327693004414		TRUE	FALSE
2C-S7N4-TU7U	B0130O3CWA	Shure Cosmetics	5057566146012		TRUE	FALSE
EI-2WXL-O395	B015ALFA12	Shure Cosmetics	838623200596		TRUE	FALSE
KP-AMHW-L7J3	B016WOGIDA	Shure Cosmetics	3600521893500		TRUE	FALSE
B0-FSK3-1L88	B01BI1IFR4	Shure Cosmetics	4015400857839		FALSE	TRUE
WR-IXBZ-8DOL	B01LY5OD9J	Shure Cosmetics	5060406147179		TRUE	FALSE
BT-7DBY-VHSC	B072C196NF	Shure Cosmetics	8901360338074		FALSE	TRUE
AB-B7ZS-3CGI	B073WYCH2G	Shure Cosmetics	3614224552152		TRUE	FALSE
VE-1BJX-JY53	B07D9J1CLZ	Shure Cosmetics	3600531511692		TRUE	FALSE
AQ-4A75-UZQ4	B07G5NY5X6	Shure Cosmetics	3607346353677		TRUE	FALSE
4A-DZKT-5L3H	B07GBTZTV5	Shure Cosmetics	75609197468		TRUE	FALSE
56-K5VJ-WKGX	B081SWNRF9	Shure Cosmetics	3614229764734		TRUE	FALSE
RR-A7OX-MCB4	B081SWQHGV	Shure Cosmetics	3614229764857		TRUE	FALSE
E8-4EWH-VI2G	B081SWQHGV	Shure Cosmetics	3614229764857		TRUE	FALSE
UE-IIJJ-P6EL	B081SWVG5H	Shure Cosmetics	3614229764840		TRUE	FALSE
DW-459L-AFIY	B084P2JCSG	Shure Cosmetics	3337875696821		TRUE	FALSE
0G-0234-E9NG	B08J1X9VVF	Shure Cosmetics	5060630041311		TRUE	FALSE
3X-9BNK-4A9V	B08J1YMG6V	Shure Cosmetics	5060630041250		FALSE	TRUE
ML-L9EE-YFAW	B0977MGD5X	Shure Cosmetics	3616300776759		FALSE	TRUE
RZ-QO7D-HPGQ	B0194LKIR0	Tropicana Wholesale	888849000227	QUE034	FALSE	TRUE
SU-5LQH-2DVN	B07SLLYRSP	Sika		484654	FALSE	FALSE
8G-5YVC-GJ6P	B06WW79DX5	Sika		484651	TRUE	FALSE
9I-A0BY-EW0X	B0032NGZII	Sika		484651	TRUE	FALSE
PE-G94Y-4PYO	B011SEA38A	Sika		484652	FALSE	FALSE
S8-7VIK-3VEL	B0CT2BZ864	Rashmian	3380743102146	NS01D	FALSE	TRUE
WX-L5UA-UB1Q	B007R2ICTK	Stax	87298406	87298406	FALSE	FALSE
JB-RGB6-LZOJ	B0001P0DLU	Stax	5010266168227	5010266168227	FALSE	FALSE
YV-2E21-62SB	B01JM7KWTK	Stax	5016318100283	5016318100283	TRUE	FALSE
RX-E62R-OEMW	B07S6MXTTJ	Stax	5011309026917	5011309026917	FALSE	TRUE
7L-OT45-7LYB	B01NBDFDBC	Stax	5011802251854	5011802251854	FALSE	FALSE
SE-GMXY-FA0M	B01NBZBC2A	Party Wholesale	5026281921112		FALSE	TRUE
MY-85FY-TSON	B0CKS4H64X	Stax	4005240136836	4005240136836	FALSE	TRUE
JV-D1TI-6UF6	B002HY4YSQ	Stax	5010624437200	5010624437200	FALSE	TRUE
TK-E7QE-T40G	B000FPU2SK	Stax	5010624437194	5010624437194	FALSE	FALSE
EQ-EZL7-FAU3	B000FPYPM4	Stax	5010624437217	1000758	FALSE	TRUE
S8-3SXM-Y0JF	B0044P0MHS	Stax	5010624437262	5010624437262	FALSE	TRUE
R4-IXFX-2AQQ	B0012B4EXK	Stax	5010624437545	5010624437545	FALSE	TRUE
GK-YI4S-C158	B0009JJZ8A	Stax	4008033424400	4008033424400	FALSE	FALSE
U8-RDSV-JZ7U	B000IU3VJ4	Stax	87298406	87298406	FALSE	TRUE
IB-PMXX-S0AE	B002BWSZS4	Stax	5013174036855	5013174036855	FALSE	TRUE
3M-SOO9-5R17	B003DPNQ6Y	Stax	5015056394459	5015056394459	FALSE	TRUE
K7-L390-M667	B003M32C1W	Stax	5010624437422	5010624437422	FALSE	TRUE
UR-W905-8D8D	B00B2KJ59Y	Stax	5060494310363	5060494310363	TRUE	FALSE
50-U3CD-LWFE	B00CCTLIQW	Stax	5028250441898	5028250441898	FALSE	TRUE
8M-LM6B-F2Q5	B00D1V5FPU	Stax	6949509209344	6949509209344	FALSE	FALSE
EA-FZ2V-D7II	B00D1V5NWK	Stax	6949509209504	6949509209504	FALSE	TRUE
4V-19KJ-15J4	B00D2O8936	Stax	5017193064707	5017193064707	FALSE	TRUE
T8-R745-DYOV	B00OI6HZ0U	Stax	51141346939	51141346939	FALSE	TRUE
F7-3B20-C9TW	B00W3RVAG6	Stax	5010853203508	5010853203508	TRUE	FALSE
9G-57PS-EN16	B01L4P0J64	Stax	5015056356044	5015056356044	FALSE	TRUE
08-3ABG-PL11	B01N58L3PP	Stax	5023778070223	5023778070223	FALSE	TRUE
UG-OV2U-0MBJ	B082JBH999	Stax	5010853265179	5010853265179	FALSE	TRUE
D3-R4XE-XV0R	B08G4Q5KK8	Stax	5010853268477	5010853268477	FALSE	TRUE
X6-7E52-0VB3	B01JM7KWSG	Stax		356869	TRUE	FALSE
SY-KXX7-PDAL	B08TLHVHLD	Shure Cosmetics	79400478962		TRUE	FALSE
LW-0BSW-ZD88	B0C3WPYJHL	Stax	5012904215164		TRUE	FALSE
TE-PYY9-E5X8	B07TRJPM5R	CLF	7350075692895	HBH30	FALSE	TRUE
TK-2H97-E7UH	B01H8QOWA2	CLF	4744183012608	OSP51	FALSE	TRUE
US-AK96-YFSB	B002DPGTF0	Stax	4008033404402	714760	FALSE	FALSE
PH-M7S4-05R5	B0D3JCMSF5	TD Synnex	840304759217	10290405	FALSE	FALSE
IB-U5FA-BO2Y	B0D3JC45CK	TD Synnex	840304759033	10290417	FALSE	FALSE
DV-USYD-8WR2	B0D3JD4FFD	TD Synnex	840304759194	10290403	FALSE	FALSE
ZU-VG38-OF3L	B0D3JBV3MY	TD Synnex	840304759064	10290397	FALSE	TRUE
1D-E3I8-TUK8	B00O3XUG5E	TD Synnex	8715946543727		FALSE	TRUE
V0-8QPG-0A04	B07WGHTLLL	Shure Cosmetics	5057566139908		TRUE	FALSE
V5-VWRV-4S7K	B082L15JYR	CLF	9312657108031	JNJ35	FALSE	TRUE
8N-DRTH-Z7K0	B0CHBQ7M5H	Trilanco	886284912136	COA1031	FALSE	FALSE
JA-LKQX-7YEN	B003VABZDM	DHB	5060209110189		FALSE	TRUE
VF-3T0K-DR5O	B08KFFY86W	DHB	7317400024011	TEP484	FALSE	FALSE
FY-HXC0-DSPO	B077C3CWM1	Vital Pet	5060428498204		TRUE	FALSE
96-FPCV-82R1	B092RDCGYC	We Stock Lots	5011832070012		FALSE	TRUE
YB-QDA8-VS05	B092RDCGYC	We Stock Lots	5011832070012		FALSE	TRUE
L3-ZQ8U-A7LQ	B004I2N5AS	TD Synnex	619659000431	2046517	FALSE	FALSE
YG-H850-FPEW	B01LXHKR4T	TD Synnex	619659149598	3988458	FALSE	FALSE
X4-FG91-H4MR	B00GB0I86Q	Shure Cosmetics	3607342501959		TRUE	FALSE
XH-0LAE-FQO5	B00AOES9GE	DHB	7612412100600	CUR035X	FALSE	FALSE
Y5-REMJ-CY7A	B0BLTGP2JX	TD Synnex	649528929785	7890808	FALSE	TRUE
YI-3CHP-LJOZ	B08RQBFN5B	CLF	708002306259	FIN159	TRUE	FALSE
YP-C2ZB-ES8H	B07BC5H5Q6	DK Tools	5032759048618		FALSE	TRUE
Z3-ORV9-K8XD	B000FGECAI	ABGee	86002029782	290 EI-2978	FALSE	FALSE
Z7-26PV-O9LR	B07J9JGZZV	DHB	9336628002760	PIK065	FALSE	FALSE
Z7-VYUL-255V	B019FRDKWI	TD Synnex	649528774798	5647144	TRUE	FALSE
ZA-4RO9-GD8M	B00Q8JQ9NE	Shure Cosmetics	5901350441985		TRUE	FALSE
ZB-SIAQ-2V7L	B07CP2QCYL	Tropicana	5027492003154	HIG029	TRUE	FALSE
1S-ZFUI-RE1A	B0032NGZII	Sika		484651	FALSE	TRUE
HL-B4VJ-L8FP	B0813VNJF8	CLF	5060136752391	TP77	FALSE	TRUE
0W-VJRK-9VCG	B00M9UFVGM	ABGee		674 05288	FALSE	TRUE
QW-9XV0-Q3EH	B00J5H1E9K	Bliss Distribution	4260250073780	UGD010109	FALSE	FALSE
E8-MXNZ-4UKU	B001E1E9AG	DHB	5035559015620	EN025X	FALSE	TRUE
EL-1QQR-J77R	B003U9V7QO	DHB	4210201849735	OB279	TRUE	FALSE
SR-JF1N-II8S	B094D24L5J	DHB	5060104910075	ORT012	TRUE	FALSE
MR-727N-ZG8K	B07T2PV79R	DHB	9336628004016	PIK200	FALSE	TRUE
AQ-QMA9-SLHK	B00OQ3KBZG	DHB	8717644474945	PRO035	TRUE	FALSE
DC-K5WH-R7F5	B0073FT7FY	DHB	7317400004457	TEP068SP	FALSE	FALSE
C5-V0VF-ZQAV	B0853KGR7X	DHB	7317400020594	TEP084	FALSE	TRUE
03-7TNF-U2A1	B08C34199M	DHB	5028763013148	WIS112	FALSE	TRUE
VZ-MTBC-3AJ6	B001RYSHFS	DHB	8712561480307	PRO048	TRUE	FALSE
N4-5C3G-RJS1	B000MQ663C	Stax	5010559795796	124720	FALSE	TRUE
D9-42IB-HEVC	B088HZB5S3	Stax	5011268840357	121782	TRUE	FALSE
LX-K206-ENZX	B0CGVDXC9C	Stax	5036200124029	118744	TRUE	FALSE
X1-68KO-184Y	B07P29MP2G	Stax	4004025087646	102272	TRUE	FALSE
5M-QO6K-LNH0	B00ANP09LM	Stax	5060064096130	312496	FALSE	TRUE
8L-INBX-OUTU	B016Y8SWZQ	Stax	5060064096062	312497	FALSE	FALSE
6Z-8POQ-K5XH	B00ANOXX9I	Stax	5060064096161	312494	FALSE	TRUE
D2-8SPY-Q095	B0052VXJGO	Stax	4008033406741	312457	FALSE	FALSE
NX-YY01-TLFO	B004TRSSIQ	Stax	5015056355924	782519	FALSE	TRUE
3A-T942-KVZH	B002KGLYLG	Stax	5050028006107	568080	TRUE	FALSE
7C-7V6B-QQZL	B003M36498	Stax	5010624437415	407720	FALSE	TRUE
G9-GAEI-FQI3	B0001IWI10	Stax	5020358012000	757126	FALSE	TRUE
RW-AZK6-O4M2	B00F4LA0K0	Stax	5012904611201	417440	FALSE	TRUE
HS-R5IP-7E1C	B00LXM3PGK	Stax	5017193008565	590856	FALSE	FALSE
TA-HQMF-9SUB	B074JHRC6J	Stax	5010853250694	366045	FALSE	TRUE
3C-5W5L-CT0T	B0BZQCZYN7	Bliss Distribution	4012927169490	SBC1	FALSE	TRUE
Y0-Q6YF-SIEG	B0D9KZGL4H	Bliss Distribution	4012927188125	QUBO	TRUE	FALSE
YO-EKK2-FRCC	B00BWU7MNU	CLF	7640168930059	SPLT28	FALSE	FALSE
LR-Q5V9-S4GK	B09P244SML	CLF	626232119817	ATE72	FALSE	TRUE
D3-QTSY-BCV5	B09P24SGN5	CLF	626232119800	ATE71	FALSE	TRUE
RS-NSGK-AN7M	B09P24GP9M	CLF	626232119848	ATE74	FALSE	TRUE
FY-L1AO-4YOT	B0DHDCNX48	TD Synnex	840304760398	77-95360	FALSE	FALSE
ZP-F5C8-7ZCG	B0B7TMCPK1	TD Synnex	4897098681251	TAPO L510B(4-PACK)	TRUE	FALSE
KJ-T17P-5CVS	B001BB2474	Knights Fragrances	5038633042116	PAG93	TRUE	FALSE
UR-Q7TM-1F3I	B072YZPBJ3	ABGee	889698201179	985 20117	FALSE	FALSE
CA-JM6T-ZXP6	B0CMY2G83J	ABGee	191726755289	888 SQAL0033	TRUE	FALSE
H6-E7MP-EBPD	B00000IU72	ABGee	7312350333442	542 33344	FALSE	FALSE
IZ-8NZ9-VXR2	B08XLT86GL	ABGee	4001167706404	515 706404	FALSE	FALSE
Approval-1	B0CSH5XK1L	ABGee	5010996274915	285 F9988	TRUE	FALSE
L7-ZGYU-IWOW	B0013NFOS6	Murrays Health and Beauty	4008600208709	NK701236SP	TRUE	FALSE
XN-OF53-7WRU	B0084CNKAI	Murrays Health and Beauty	8004395111343	MT411134	TRUE	FALSE
3E-62Y1-WPYU	B0DN6KL887	Jones Wholesale	5061017932987	505534	FALSE	FALSE
YJ-WD59-WWA2	B071X4RKYL	Jones Wholesale	5010303144863	456390	FALSE	TRUE
XX-ISP6-LTOY	B00J4S83HQ	Jones Wholesale	5010853201047	449066	TRUE	FALSE
QP-BCUW-E90M	B00O5NEUAY	Jones Wholesale	5010576018137	446271	FALSE	FALSE
2G-AYBQ-TUQG	B002KFZKZ8	Jones Wholesale	5011268911323	416645	FALSE	FALSE
8R-0UT9-SEOY	B0000AN4CV	Jones Wholesale	8803733183680	229237	FALSE	TRUE
8U-QPFH-3EKQ	B07T9WVBZ2	DHB	7612412426625	CUR204	FALSE	FALSE
7C-MBEY-QA37	B0BHCWWGKS	Heo	4056133025041	UGD011356	FALSE	TRUE
WJ-YHKC-EES5	B07CN7NRF7	Heo	4895205601659	HPE560165	FALSE	FALSE
5H-EJ59-AZPA	B004ZMXOMA	DHB	7317400011592	TEP418SP	TRUE	FALSE
DD-94AN-QL9L	B00VQTO21M	DHB	614373180018	MIR018	FALSE	TRUE
XJ-2FN3-M9FH	B099FBD93Y	DHB	7612412429497	CUR164	TRUE	FALSE
0N-X5KF-213D	B09M3RB8R1	DHB	7612412429480	CUR144	FALSE	TRUE
GY-FO04-RDYL	B09M3PQRBG	DHB	7612412429473	CUR143	FALSE	TRUE
HL-03ZR-QPHH	B09M3PFZC8	DHB	7612412429466	CUR142	FALSE	FALSE
NN-TSZ1-X2RD	B093FQYQJH	DHB	7612412428964	CUR141	FALSE	FALSE
XE-YPAI-HX9F	B086ZD7MG6	DHB	7612412427707	CUR120	FALSE	FALSE
QS-V8XL-25CO	B0BWNDYLL2	Stax	4211125589196	119408	TRUE	FALSE
SE-IQQJ-EOU3	B004R1ZS64	Stax	5050765006545	343398	FALSE	TRUE
L3-OHWF-OL4P	B07J2WCXGN	Stax	5037409099170	300641	TRUE	FALSE
VA-7T3X-R64D	B07J2VFYWB	Stax	5037409099187	300653	TRUE	FALSE
D8-VDSF-LENN	B00P82UZ6Y	Stax	5023778042183	367853	TRUE	FALSE
Y3-RYVT-A6Y8	B008ID91XI	Stax	5036200126283	358690	TRUE	FALSE
UR-UAT8-4JSI	B00LDLBG3A	Stax	5010853208114	334657	FALSE	TRUE
9X-HL62-83C7	B00BEUFYE2	Stax	5012904097449	319880	FALSE	FALSE
X7-MY4W-H2I4	B00S9IXBVU	Stax	5019200008834	319378	FALSE	FALSE
VL-48KZ-J3F2	B07L8N2TC1	Stax	5015056351704	424668	FALSE	FALSE
XY-UM2X-TPS3	B003VTZAM0	Stax	5010353050176	889142	FALSE	TRUE
A7-868U-HTPI	B003DZUDYC	Stax	5015826001204	786757	FALSE	TRUE
T8-6UWL-I3E1	B001OXH0X2	Stax	5010305104278	368831	FALSE	TRUE
ZU-RET1-5CSU	B01JH0N5SC	Shure Cosmetics	9327693003769	SCS22441	TRUE	FALSE
62-2H0B-RRR3	B07VZ14N9Q	Shure Cosmetics	9327693008412	SCS21275	TRUE	FALSE
QV-VH06-EAV3	B07CPKRL8Z	Shure Cosmetics	3600523523191	SCS13160	TRUE	FALSE
R9-20LM-YJL9	B01HIM4N96	Shure Cosmetics	5060061200417	SCS19803	TRUE	FALSE
XY-SHVR-W7PG	B076VTQGGL	Shure Cosmetics	5057566008488	SCS23103	TRUE	FALSE
B7-D9X9-FWYR	B002BNKQ0I	Shure Cosmetics	3600530426294	SCS20085	TRUE	FALSE
5R-LL8J-AP4S	B09XVMV632	Shure Cosmetics	3600524031138	SCS16923	TRUE	FALSE
3C-HIAR-JEF0	B08BTN21C4	Shure Cosmetics	4005900462954	SCS20397	TRUE	FALSE
CX-1R85-163Z	B0CVHD7892	CLF	5065003990524	WID1	FALSE	TRUE
4D-BI2L-5PZ8	B000Q351JG	CLF	5017402006801	TSD84	FALSE	FALSE
MW-1ILH-TLS4	B0CDH5Y3N9	CLF	5000488303919	RSC31	FALSE	TRUE
86-1VHQ-ABNK	B08WPCW7TH	CLF	5060235830945	MOO55	FALSE	FALSE
CLFAPPLY1	B07T561RGR	CLF	5060135230579	MAU2	TRUE	FALSE
VI-ICHI-WPB5	B004S0S0S2	CLF	4021457613953	LAV78	FALSE	TRUE
RZ-6ZL9-CZ7J	B075XT2J8X	CLF	5016912212924	KIN2	FALSE	FALSE
---	B0013G8KN4	CLF	5012689000771	HRI1	TRUE	FALSE
---	B01B69JJRS	CLF	5012689000450	HRI-GM	TRUE	FALSE
TJ-6LOP-OPEU	B08P63MSS9	CLF	5060561630790	CYA21	FALSE	FALSE
C7-D8C6-UWDV	B07DY1R6YX	CLF	5430000934299	BBW53	FALSE	TRUE
RI-DHUT-XR75	B0831P1SBS	Bliss Distribution	4056133011471	UGD010894	FALSE	FALSE
PN-0NVI-R2WQ	B06XGFW1Q2	Bliss Distribution	4056133006149	UGD010691	FALSE	TRUE
12-3VTE-5T3Z	9189143078	Bliss Distribution	9789189143074	FLFFLW09	FALSE	TRUE
LV-425G-BY4X	9188805646	Bliss Distribution	9789188805645	FLFFLW01	FALSE	FALSE
1U-YF3T-TR74	B082BVCQMQ	Bliss Distribution	7350105220159	FLFALE005	FALSE	FALSE
79-CPJ6-DSG6	9189143051	Bliss Distribution	9789189143050	FLFALE014	FALSE	FALSE
4J-IY7T-6LBS	9188805557	Bliss Distribution	9789188805553	FLFALE002	FALSE	FALSE
QT-C0ZN-T4R7	9188805972	Bliss Distribution	9789188805973	FLFALE013	TRUE	FALSE
Y2-A0XO-9DCH	B006PFN3BW	Sika		484652	FALSE	FALSE
FBA15K3QTGNT_unexpected_item_01	B07RRQX71T	CLF	7350075692895	HBH30	TRUE	FALSE
VA-V4J8-WHCT	B08FKZMQH8	Rashmian	3380743088594	DC753EN	FALSE	TRUE
KI-CR51-18J3	B0070Y60K8	Rashmian	753048401635	T2N747	FALSE	FALSE
LR-7GM6-1RCH	B08MQB42B3	Rashmian	3380743088631	D850EN	FALSE	FALSE
Q1-00D7-5IQF	B0042SI594	Rashmian	4971850475569	F-91WC-9AEF	FALSE	FALSE
MY-XMO2-EXY1	B0042SNS7S	Rashmian	4971850475484	F-91WC-4AEF	FALSE	FALSE
JL-VTP2-JF3Q	B07BLX7YG9	Rashmian	3380743072180	NLJ001PA1	FALSE	FALSE
4W-VS57-BV6A	B0C9LJNJWZ	Rashmian	3380743096117	JC598BBI1	FALSE	FALSE
TA-7DAZ-18PU	B0CNT2Z32S	Rashmian	3380743099477	HPBT010D	FALSE	TRUE
86-0EBH-JQX6	B0D59LGPWS	Rashmian	3380743103303	D660EN	FALSE	TRUE
ZT-QPY3-P24I	B0D3JBBGSB	TD Synnex	840304758647	77-95220	FALSE	FALSE
JP-9X4T-0CCC	B0D637RYWB	TD Synnex	840304760589	77-95379	TRUE	FALSE
PK-9T59-FNWW	B0D3JBK56B	TD Synnex	840304758784	77-95232	TRUE	FALSE
3X-EXDD-TD2K	B0D6W9DZX4	TD Synnex	840304766048	77-95790	FALSE	FALSE
9Q-K2SI-Q5LI	B083Q6Q41G	TD Synnex	196188042489	4P4F4AA	TRUE	FALSE
8R-E0Y9-0LAU	B0BBHBX72C	TD Synnex	840262399692	77-89955	FALSE	FALSE
ZB-PV7O-TKUD	B0BBH9MHBH	TD Synnex	840262399784	77-89965	TRUE	FALSE
DO-QDI1-K7R9	B0BBH71LQN	TD Synnex	840262399883	77-89975	TRUE	FALSE
2Z-WVXG-I7W1	B01BIWLED0	TD Synnex	649528776396	CT2K8G4DFS824A	TRUE	FALSE
E1-W7LJ-CUKO	B01BIWMWVS	TD Synnex	649528776341	CT2K8G4SFS824A	TRUE	FALSE
U4-Z3VT-1WNS	B07TN23PZC	TD Synnex	193386287346	4X90U90618	TRUE	FALSE
M7-TSI2-5W7I	B06XYTDCC5	TD Synnex	619659155100	SDSQXAF-032G-GN6AA	FALSE	FALSE
7M-48OU-23X3	B004GFPFBO	ABGee	830395022918	985 2291	FALSE	FALSE
TE-Y18U-S2O1	B08X1WM596	ABGee	810010991225	333 SI5038	FALSE	FALSE
JX-6USZ-SK7E	786964502	Heo	653569831679	A35790000	FALSE	FALSE
4B-HMJG-PHW4	B00D1V5E5G	Stax	6949509209405	108447	TRUE	FALSE
NX-0OE3-AD7U	B083G9XHT9	Stax	5010853266220	101798	TRUE	FALSE
XE-27ZG-EZPZ	B0001IWX7E	Stax	5028250121776	377564	FALSE	FALSE
AK-OB6V-HIYD	B00IUKPVYM	Stax	5205097174039	348926	FALSE	FALSE
6S-TT0C-48SV	B0001IX7TM	Stax	7311518229375	838917	TRUE	FALSE
N2-I82D-3I3Q	B00499DTS8	Stax	5055175220154	743941	TRUE	FALSE
FB-6FW0-Z82Q	B005F5TRBI	Stax	5012044060198	356204	FALSE	FALSE
YC-3L3M-BV48	B0CTD6Q6KY	Heo	787926151930	MCF15193	FALSE	FALSE
GZ-0NY2-BOHL	B0CVY2GT53	Heo	4897046474737	BOTI38687	FALSE	TRUE
Z9-FBUQ-EZN3	B074RQ8G8Z	CLF	5029210000513	COE12	FALSE	FALSE
K0-71JR-UNLF	B01JL0WRI2	CLF	5060169982079	BEAN10	FALSE	FALSE
D8-1A3E-I37F	B001ET78RY	CLF	654749351604	AVA-9110	FALSE	FALSE
IR-BP1X-M8DG	B008HSBYS4	Shure Cosmetics	5055170280900	SCS06536	FALSE	TRUE
3E-KHO2-YIAU	B012DV4306	Shure Cosmetics	5901350445846	SCS19763	TRUE	FALSE
S2-RZ4R-15M6	B009M3917O	Shure Cosmetics	5035832008035	SCS18973	TRUE	TRUE
BL-WX51-KQOK	B0897VHKW6	CLF	5060298572752	HTP41	FALSE	FALSE
X1-APP3-4HQ6	B0BMKQKC3M	Rashmian	3380743085869	JC598UNII1	FALSE	TRUE
77-GYTL-JFN4	B00009OY9U	TD Synnex	5099206041912	942-000031	FALSE	FALSE
XG-Z9LW-Z27Q	B09NQ9YX9R	Bliss Distribution	5713799200081	WP2000	FALSE	FALSE
0R-GRRH-W0Z9	B09NQD4S5N	Bliss Distribution	5713799201385	WP2013	FALSE	FALSE
VO-A6AR-18YS	B09NQDQ8X7	Bliss Distribution	5713799201286	WP2012	FALSE	FALSE
IJ-V0PQ-4CZ4	B09NQCV872	Bliss Distribution	5713799202085	WP2020	FALSE	FALSE
3Z-03PB-Q1A8	B09NQ9ZHDQ	Bliss Distribution	5713799202283	WP2022	FALSE	TRUE
0Z-Y60V-499R	B09NQBQW49	Bliss Distribution	5713799200784	WP2007	FALSE	FALSE
BB-ZT14-1QQA	B086MBW9R9	Bliss Distribution	5713799423206	BF4232	FALSE	FALSE
SR-6OBB-WC03	B06XXDNH1P	Bliss Distribution	5706569111052	AT-11105	FALSE	FALSE
0H-5V53-GPG4	B0CRRPCT5P	Bliss Distribution	5706569150624	AT-15062	FALSE	TRUE
CJ-X0SS-QOUW	B0CG234KW1	ABGee	193052060655	777 77510GQ1-A	FALSE	FALSE
B1-4B2R-MBRP	B0C4RR58SF	Heo	889698752749	FK75274	TRUE	FALSE
UE-BZE5-I0WM	B003L6RJDQ	Jones Wholesale	5000239083381	221598	FALSE	FALSE
A9-2Y9G-M2K7	B00KB225MS	Jones Wholesale	5013159300353	216090	FALSE	FALSE
RY-U14K-5XDR	B005NG23OW	Jones Wholesale	5012904004201	109754	FALSE	FALSE
52-BC73-O7B2	B0C7HGQRY6	Tropicana Wholesale	627933222073	MUT157	FALSE	TRUE
3B-3H3V-Z93T	B0CP69JJGG	Tropicana Wholesale	5059883286433	MYP044	FALSE	FALSE
L5-PF3B-WHU4	B09LDDFK4R	Tropicana Wholesale	5060542840798	MIX025	FALSE	FALSE
D0-C7C0-H6LN	B07F1MFWV1	Tropicana Wholesale	5060614800132	SKI004	FALSE	FALSE
VU-UQNN-35C8	B07XSLL4YW	Tropicana Wholesale	5060614801405	SKI037	FALSE	FALSE
E4-HG4R-5022	B07TGKYLLT	Tropicana Wholesale	5060614800477	SKI032	FALSE	TRUE
2X-8XI7-C9T5	B07L6H9GZ2	Tropicana Wholesale	5060614800200	SKI006	FALSE	FALSE
2L-M26G-560I	B075WYWJ5L	Tropicana Wholesale	6009544907381	USN026	FALSE	TRUE
FM-7COC-V8U2	B078SZDV17	We Stock Lots	5028420201123	MOQ - 36	FALSE	TRUE
ZU-PFDN-JSYV	B07MW9H6P4	Stax	5000239083428	112387	FALSE	TRUE
51-79LN-GGLK	B09HHLMG1V	Stax	5036200120274	109696	TRUE	FALSE
L1-54EX-56YC	B09445GL1C	Stax	5010414383632	103987	FALSE	FALSE
L2-WL35-LG0D	B07PRCJQFX	Stax	5010426808468	333644	TRUE	FALSE
98-MF34-BSCF	B079MFZL6K	Stax	5012562225208	369621	TRUE	FALSE
YD-NO15-VYZL	B00VRF1XEY	Stax	5010426738321	658717	TRUE	FALSE
K7-1K9P-TTAZ	B00VREYQYO	Stax	5010426737881	657732	TRUE	FALSE
8M-NHB7-T8TR	B0B2RBG672	CLF	5025452001875	SE66	FALSE	FALSE
4F-I024-EY2R	B012AO02EM	CLF	5573063264856	FSP3	FALSE	TRUE
Apply2	B000VH11JQ	Rashmian	5410853032892	6F22R-1BP	TRUE	FALSE
FH-DOIH-J7JE	B01MUA5DU5	Rashmian	4549526140808	F-91WM-7AEF	FALSE	FALSE
SQ-7QYT-5D5B	B0915M1DLF	Shure Cosmetics	5057566143714	SCS22096	FALSE	FALSE
H8-MI8Q-WG5C	B092K24B2Q	Shure Cosmetics	3600531631390	SCS23252	TRUE	FALSE
88-PT9Z-DP6C	B081SWQNFS	Shure Cosmetics	3614229764826	SCS24049	TRUE	FALSE
BD-TLOK-BCEE	B0D3JCG3YJ	TD Synnex	840304759071	77-95261	FALSE	FALSE
HO-LSOY-8R05	B0BVZZDW1W	TD Synnex	840304725373	77-92188	FALSE	FALSE
NX-0Q7A-XR6H	B082DG6GJ6	Tropicana Wholesale	5060614801795	SKI072	FALSE	TRUE
0G-JB6S-PN34	B07H2WXMDJ	Tropicana Wholesale	5060614800118	SKI002	FALSE	FALSE
GJ-2OZK-0GCA	B0CS3VF4GK	Tropicana Wholesale	5060542841306	MIX024	FALSE	FALSE
9X-7TBD-NA16	B01N49MD2S	Bliss Distribution	5706569130237	AT-13023	FALSE	FALSE
VU-8KRA-QP5M	B0BNLWBLMV	Bliss Distribution	5706569110550	AT-11055	FALSE	FALSE
B7-JEPF-6CU7	B00GI299M4	Jones Wholesale	50064861	497891	FALSE	FALSE
U4-61J7-ERHI	B088FKCDV6	Jones Wholesale	5000263122988	479182	TRUE	FALSE
OW-ONY2-KNM7	B09MTXZY2Y	Jones Wholesale	5060177241236	62104	FALSE	FALSE
MU-A667-UQ3J	B081TGZQVR	ABGee	4005556164790	542 16479	TRUE	FALSE
MV-UNOG-CTUU	B00FO70GG2	ABGee	6942138915655	386 51025	TRUE	FALSE
Apply-B0CSGSCWTP	B0CSGSCWTP	Heo	5010996274946	HASF9991	FALSE	FALSE
Apply-B0CSH9HXQ5	B0CSH9HXQ5	Heo	5010996274908	HASF9987	FALSE	FALSE
H4-86XG-NLX6	B0CVNMZHZ6	Heo	889698797498	FK79749	FALSE	FALSE
GH-XAAE-HRU7	B072K2PG11	Stax	5013931014935	116500	FALSE	FALSE
DX-1NE9-39YS	B08MT6CW12	Stax	5060021030009	103073	FALSE	TRUE
G8-L8EI-INMK	B0054SB72I	DHB	5060178101171	BRU020	FALSE	FALSE
CY-5VNG-I5M8	B07Y354HMP	DHB	5028763012547	WIS105	TRUE	FALSE
4U-XT39-AMUJ	B07RRQX71T	CLF	7350075692895	HBH30	FALSE	TRUE
	B074H6M7TW	Rashmian	3380743064192	TW12PP	FALSE	FALSE
FZ-YQYO-ICX5	B0BTTHVGD3	Rashmian	5060108297332	GVDR08WD	FALSE	FALSE
HJ-DHEU-9WG8	B0DHDCRX76	TD Synnex	840304760367	77-95357	FALSE	FALSE
WR-MNST-TKW6	B0BVZVSHZP	TD Synnex	840304725380	77-92189	FALSE	FALSE
3Q-8PJ1-BLBC	B0BBWH7DBT	TD Synnex	740617329889	SNV2S/250G	FALSE	FALSE
5Q-LUQ1-L14K	B09MWLJFFX	TD Synnex	840262369183	77-87476	FALSE	FALSE
UN-2721-RX94	B08ZJL6FGL	TD Synnex	840104250969	77-82261	FALSE	FALSE
06-6WC0-UGFH	B004YJLV6K	TD Synnex	4977766685351	TZE242	FALSE	FALSE
8D-Y151-NFFF	B0031DCJWU	CLF	3401546259551	PE4	FALSE	FALSE
REJECT	B00OTOCKWO	CLF	7640164290041	EAN1	FALSE	TRUE
QV-8RC1-EYAM	B07DVPP57X	CLF	855102007415	CGC39	FALSE	FALSE
