path,exists,rows,sha256
out/token_ledger_live.csv,1,13594,b2b7da263a1a90407bef0a8a11bec0c9733a293dd974267a9f9f3f30bf9d6a93
out/systems/B/live/token_ledger_live.csv,1,13594,b2b7da263a1a90407bef0a8a11bec0c9733a293dd974267a9f9f3f30bf9d6a93
out/token_allocations_live.csv,1,11813,e7b53a070a0a94bffd23687e65861c1a4ad3a0b7a11aaf2c712fea9133d7cccc
out/systems/B/live/token_allocations_live.csv,1,11813,e7b53a070a0a94bffd23687e65861c1a4ad3a0b7a11aaf2c712fea9133d7cccc
out/token_cogs_ledger.csv,1,11817,948b073e9340f4d8b30a7d50698c9873a5baec8c930e3cdcf91c020c28884128
out/order_master.csv,1,10183,a0b49b0a7081d8541178bf6853685174f898c919d4426b5fd202d23f66f6bf12
out/order_ledger_fx.csv,1,10183,58923621bc8e1f4dde32d7ab9503a067e2111aac91123f21ba0802f7cd0ff5b0
out/financial_ledger_fx.csv,1,177007,62ec364781080945d3aa6ef31cd16dc8911afa076295255776878f5899e70a1b
out/fx_rates_daily.csv,1,1100,72c96d3ece5ccba8fad7df3974bbe84977205897bc4e9247256d975e7419bc00
