sku,highest_eligible_price,lowest_ineligible_price,suppression_threshold_estimate,suppression_threshold_confidence,suppression_last_validated_utc,anchor_floor_price,suppression_ceiling_landed_temp,suppression_ceiling_expiry_utc,last_buy_box_state,updated_utc
5Z-6Z0P-9TQQ,3.49,,3.49,0.4,2026-03-07T14:47:59Z,3.16,,2026-03-07T14:48:00Z,LOST_TO_COMPETITOR,2026-03-07T14:47:59Z
HS-R5IP-7E1C,,5.04,5.04,0.6,2026-03-13T17:39:13Z,5.04,4.62,2026-03-16T17:39:13Z,SUPPRESSED_ASIN,2026-03-13T17:39:13Z
JB-RGB6-LZOJ,6.21,,6.21,0.4,2026-03-13T17:39:13Z,6.01,,2026-03-13T17:41:09Z,LOST_TO_COMPETITOR,2026-03-13T17:39:13Z
LP-QMNJ-J49G,,4.32,,0,2026-03-07T14:48:02Z,4.32,4.32,2026-03-16T17:39:13Z,SUPPRESSED_ASIN,2026-03-13T17:39:13Z
TJ-6LOP-OPEU,,6.49,6.49,0.6,2026-03-13T15:03:11Z,6.49,6.49,2026-03-16T15:03:11Z,SUPPRESSED_ASIN,2026-03-13T15:03:11Z
US-AK96-YFSB,7.90,,7.90,0.5,2026-03-07T14:47:59Z,4.52,,2026-03-07T14:48:03Z,NORMAL,2026-03-07T14:47:59Z
W3-8FN7-FSP0,,7.99,,0,2026-03-07T14:48:04Z,6.36,7.99,2026-03-10T14:49:24Z,SUPPRESSED_ASIN,2026-03-07T14:49:24Z
0G-JB6S-PN34,,5.90,,0,2026-03-07T17:06:32Z,6.22,5.90,2026-03-10T17:06:30Z,SUPPRESSED_ASIN,2026-03-07T17:06:30Z
8M-NHB7-T8TR,32.16,,32.16,0.4,2026-03-13T17:39:13Z,29.37,,2026-03-13T17:39:46Z,LOST_TO_COMPETITOR,2026-03-13T17:39:13Z
2G-AYBQ-TUQG,17.44,,17.44,0.4,2026-03-13T17:39:13Z,17.44,,2026-03-13T17:39:17Z,LOST_TO_COMPETITOR,2026-03-13T17:39:13Z
3X-EXDD-TD2K,42.65,,42.65,0.4,2026-03-13T17:39:13Z,36.18,,2026-03-13T17:39:30Z,LOST_TO_COMPETITOR,2026-03-13T17:39:13Z
6Q-9G2A-IKVV,15.39,,15.39,0.4,2026-03-13T17:39:13Z,15.39,,2026-03-13T17:39:33Z,LOST_TO_COMPETITOR,2026-03-13T17:39:13Z
714810,9.99,,9.99,0.4,2026-03-13T17:39:13Z,4.66,,2026-03-13T17:39:36Z,NORMAL,2026-03-13T17:39:13Z
8U-QPFH-3EKQ,6.27,,6.27,0.4,2026-03-13T17:39:13Z,6.27,,2026-03-13T17:39:50Z,LOST_TO_COMPETITOR,2026-03-13T17:39:13Z
9X-HL62-83C7,5.77,,5.77,0.4,2026-03-13T17:39:13Z,5.77,,2026-03-13T17:39:55Z,LOST_TO_COMPETITOR,2026-03-13T17:39:13Z
A1-KSU1-GZMS,2.99,,3.92,0.4,2026-03-13T17:39:13Z,3.92,,2026-03-13T17:39:58Z,NORMAL,2026-03-13T17:39:13Z
A2-T2AC-TW3L,11.06,,11.06,0.4,2026-03-13T17:39:13Z,10.64,,2026-03-13T17:40:08Z,LOST_TO_COMPETITOR,2026-03-13T17:39:13Z
AF-KIHX-ANYY,3.45,,3.45,0.4,2026-03-13T17:39:13Z,3.45,,2026-03-13T17:40:11Z,LOST_TO_COMPETITOR,2026-03-13T17:39:13Z
AX-NKNU-29C1,,2.71,2.91,0.6,2026-03-13T17:39:13Z,2.91,1.38,2026-03-16T17:39:13Z,SUPPRESSED_ASIN,2026-03-13T17:39:13Z
BL-WX51-KQOK,,6.76,,0,2026-03-12T21:55:29Z,6.76,6.76,2026-03-16T17:39:13Z,SUPPRESSED_ASIN,2026-03-13T17:39:13Z
CJ-X0SS-QOUW,11.30,,11.30,0.4,2026-03-13T17:39:13Z,11.30,,2026-03-13T17:40:22Z,LOST_TO_COMPETITOR,2026-03-13T17:39:13Z
CX-SMCH-4DYA,8.67,,8.67,0.4,2026-03-13T17:39:13Z,8.67,,2026-03-13T17:40:25Z,LOST_TO_COMPETITOR,2026-03-13T17:39:13Z
D8-1A3E-I37F,,31.65,,0,2026-03-12T21:55:39Z,31.65,31.65,2026-03-16T17:39:13Z,SUPPRESSED_ASIN,2026-03-13T17:39:13Z
DC-K5WH-R7F5,3.00,,3.00,0.4,2026-03-13T17:39:13Z,3.00,,2026-03-13T17:40:38Z,NORMAL,2026-03-13T17:39:13Z
FA-LRV6-YRFW,16.95,,16.95,0.4,2026-03-13T17:39:13Z,16.92,,2026-03-13T17:40:41Z,NORMAL,2026-03-13T17:39:13Z
FB-6FW0-Z82Q,6.40,,6.40,0.4,2026-03-13T17:39:13Z,6.40,,2026-03-13T17:40:45Z,LOST_TO_COMPETITOR,2026-03-13T17:39:13Z
H6-E7MP-EBPD,17.73,,17.73,0.4,2026-03-13T17:39:13Z,17.73,,2026-03-13T17:40:48Z,LOST_TO_COMPETITOR,2026-03-13T17:39:13Z
HL-03ZR-QPHH,8.54,,8.54,0.4,2026-03-13T17:39:13Z,8.54,,2026-03-13T17:40:53Z,LOST_TO_COMPETITOR,2026-03-13T17:39:13Z
IJ-V0PQ-4CZ4,5.70,,5.70,0.4,2026-03-13T17:39:13Z,5.44,,2026-03-13T17:40:59Z,NORMAL,2026-03-13T17:39:13Z
L5-PF3B-WHU4,,39.94,,0,2026-03-12T21:56:25Z,33.00,39.94,2026-03-16T17:39:13Z,SUPPRESSED_ASIN,2026-03-13T17:39:13Z
OV-LVEL-DQL6,15.37,,15.37,0.4,2026-03-13T17:39:13Z,15.37,,2026-03-13T17:41:20Z,LOST_TO_COMPETITOR,2026-03-13T17:39:13Z
Q1-00D7-5IQF,25.79,,25.79,0.4,2026-03-13T17:39:13Z,20.21,,2026-03-13T17:41:29Z,LOST_TO_COMPETITOR,2026-03-13T17:39:13Z
R4-0AXZ-ZZ9D,12.10,,12.10,0.4,2026-03-13T17:39:13Z,12.10,,2026-03-13T17:41:34Z,LOST_TO_COMPETITOR,2026-03-13T17:39:13Z
R7-98IN-2PW8,5.70,,5.70,0.4,2026-03-13T17:39:13Z,5.70,,2026-03-13T17:41:38Z,LOST_TO_COMPETITOR,2026-03-13T17:39:13Z
RI-VSUS-0YTD,6.94,,6.94,0.4,2026-03-13T17:39:13Z,6.15,,2026-03-13T17:41:41Z,LOST_TO_COMPETITOR,2026-03-13T17:39:13Z
RZ-6ZL9-CZ7J,6.83,,6.83,0.4,2026-03-13T15:03:11Z,6.83,,2026-03-13T15:05:01Z,LOST_TO_COMPETITOR,2026-03-13T15:03:11Z
TK-E7QE-T40G,8.66,,8.66,0.4,2026-03-13T15:03:11Z,8.44,,2026-03-13T15:05:08Z,LOST_TO_COMPETITOR,2026-03-13T15:03:11Z
UR-Q7TM-1F3I,16.94,,16.94,0.5,2026-03-13T15:03:11Z,16.94,,2026-03-13T15:05:11Z,NORMAL,2026-03-13T15:03:11Z
