probe_event_id,asof_date,response_utc,response_window_minutes,marketplace,sku,asin,competitor_moved_flag,competitor_move_direction,competitor_move_size_gbp,reaction_lag_minutes,buy_box_price_gbp_after,buy_box_channel_after,buy_box_owner_after,our_price_gbp_after,outcome_code,source,notes
probe_JB-RGB6-LZOJ_20260211T161331Z,2026-02-11,2026-02-11T16:18:31Z,5,UK,JB-RGB6-LZOJ,B0001P0DLU,0,flat,0.00,,6.35,FBM,,9.99,pending_observation,H006_seed_worker_probe_logs,seed_response_window
probe_JB-RGB6-LZOJ_20260211T161331Z,2026-02-11,2026-02-11T16:28:31Z,15,UK,JB-RGB6-LZOJ,B0001P0DLU,0,flat,0.00,,6.35,FBM,,9.99,pending_observation,H006_seed_worker_probe_logs,seed_response_window
safe_mode_JB-RGB6-LZOJ_20260211,2026-02-11,2026-02-11T17:10:20Z,5,UK,JB-RGB6-LZOJ,B0001P0DLU,0,flat,0.00,,5.95,FBM,,9.99,pending_observation,H007_run_safe_mode_pilot,safe_mode_placeholder_response_window
probe_JB-RGB6-LZOJ_20260211T161331Z,2026-02-11,2026-02-11T17:13:31Z,60,UK,JB-RGB6-LZOJ,B0001P0DLU,0,flat,0.00,,6.35,FBM,,9.99,pending_observation,H006_seed_worker_probe_logs,seed_response_window
safe_mode_JB-RGB6-LZOJ_20260211,2026-02-11,2026-02-11T17:20:20Z,15,UK,JB-RGB6-LZOJ,B0001P0DLU,0,flat,0.00,,5.95,FBM,,9.99,pending_observation,H007_run_safe_mode_pilot,safe_mode_placeholder_response_window
h_cycle_JB-RGB6-LZOJ_20260211T172704Z,2026-02-11,2026-02-11T17:32:04Z,5,UK,JB-RGB6-LZOJ,B0001P0DLU,0,flat,0.00,,5.95,FBM,,9.99,pending_observation,run_H_pricing_cycle,executioner_placeholder_response_window
h_cycle_JB-RGB6-LZOJ_20260211T172704Z,2026-02-11,2026-02-11T17:42:04Z,15,UK,JB-RGB6-LZOJ,B0001P0DLU,0,flat,0.00,,5.95,FBM,,9.99,pending_observation,run_H_pricing_cycle,executioner_placeholder_response_window
safe_mode_JB-RGB6-LZOJ_20260211,2026-02-11,2026-02-11T18:05:20Z,60,UK,JB-RGB6-LZOJ,B0001P0DLU,0,flat,0.00,,5.95,FBM,,9.99,pending_observation,H007_run_safe_mode_pilot,safe_mode_placeholder_response_window
h_cycle_JB-RGB6-LZOJ_20260211T172704Z,2026-02-11,2026-02-11T18:27:04Z,60,UK,JB-RGB6-LZOJ,B0001P0DLU,0,flat,0.00,,5.95,FBM,,9.99,pending_observation,run_H_pricing_cycle,executioner_placeholder_response_window
probe_JB-RGB6-LZOJ_20260211T161331Z,2026-02-11,2026-02-11T20:13:31Z,240,UK,JB-RGB6-LZOJ,B0001P0DLU,0,flat,0.00,,6.35,FBM,,9.99,pending_observation,H006_seed_worker_probe_logs,seed_response_window
safe_mode_JB-RGB6-LZOJ_20260211,2026-02-11,2026-02-11T21:05:20Z,240,UK,JB-RGB6-LZOJ,B0001P0DLU,0,flat,0.00,,5.95,FBM,,9.99,pending_observation,H007_run_safe_mode_pilot,safe_mode_placeholder_response_window
h_cycle_JB-RGB6-LZOJ_20260211T172704Z,2026-02-11,2026-02-11T21:27:04Z,240,UK,JB-RGB6-LZOJ,B0001P0DLU,0,flat,0.00,,5.95,FBM,,9.99,pending_observation,run_H_pricing_cycle,executioner_placeholder_response_window
safe_mode_JB-RGB6-LZOJ_20260212,2026-02-12,2026-02-12T06:25:13Z,5,UK,JB-RGB6-LZOJ,B0001P0DLU,0,flat,0.00,,6.35,FBM,,9.99,pending_observation,H007_run_safe_mode_pilot,safe_mode_placeholder_response_window
safe_mode_JB-RGB6-LZOJ_20260212,2026-02-12,2026-02-12T06:35:13Z,15,UK,JB-RGB6-LZOJ,B0001P0DLU,0,flat,0.00,,6.35,FBM,,9.99,pending_observation,H007_run_safe_mode_pilot,safe_mode_placeholder_response_window
safe_mode_JB-RGB6-LZOJ_20260212,2026-02-12,2026-02-12T07:20:13Z,60,UK,JB-RGB6-LZOJ,B0001P0DLU,0,flat,0.00,,6.35,FBM,,9.99,pending_observation,H007_run_safe_mode_pilot,safe_mode_placeholder_response_window
h_cycle_JB-RGB6-LZOJ_20260212T085922Z,2026-02-12,2026-02-12T09:04:22Z,5,UK,JB-RGB6-LZOJ,B0001P0DLU,0,flat,0.00,,6.35,FBM,,9.99,pending_observation,run_H_pricing_cycle,executioner_placeholder_response_window
h_cycle_JB-RGB6-LZOJ_20260212T090640Z,2026-02-12,2026-02-12T09:11:40Z,5,UK,JB-RGB6-LZOJ,B0001P0DLU,0,flat,0.00,,6.35,FBM,,9.99,pending_observation,run_H_pricing_cycle,executioner_placeholder_response_window
h_cycle_JB-RGB6-LZOJ_20260212T085922Z,2026-02-12,2026-02-12T09:14:22Z,15,UK,JB-RGB6-LZOJ,B0001P0DLU,0,flat,0.00,,6.35,FBM,,9.99,pending_observation,run_H_pricing_cycle,executioner_placeholder_response_window
h_cycle_JB-RGB6-LZOJ_20260212T090640Z,2026-02-12,2026-02-12T09:21:40Z,15,UK,JB-RGB6-LZOJ,B0001P0DLU,0,flat,0.00,,6.35,FBM,,9.99,pending_observation,run_H_pricing_cycle,executioner_placeholder_response_window
h_cycle_JB-RGB6-LZOJ_20260212T093406Z,2026-02-12,2026-02-12T09:39:06Z,5,UK,JB-RGB6-LZOJ,B0001P0DLU,0,flat,0.00,,6.35,FBM,,9.99,pending_observation,run_H_pricing_cycle,executioner_placeholder_response_window
h_cycle_JB-RGB6-LZOJ_20260212T093513Z,2026-02-12,2026-02-12T09:40:13Z,5,UK,JB-RGB6-LZOJ,B0001P0DLU,0,flat,0.00,,6.35,FBM,,9.99,pending_observation,run_H_pricing_cycle,executioner_placeholder_response_window
h_cycle_JB-RGB6-LZOJ_20260212T094308Z,2026-02-12,2026-02-12T09:48:08Z,5,UK,JB-RGB6-LZOJ,B0001P0DLU,0,flat,0.00,,6.35,FBM,,9.99,pending_observation,run_H_pricing_cycle,executioner_placeholder_response_window
h_cycle_JB-RGB6-LZOJ_20260212T094355Z,2026-02-12,2026-02-12T09:48:55Z,5,UK,JB-RGB6-LZOJ,B0001P0DLU,0,flat,0.00,,6.35,FBM,,9.99,pending_observation,run_H_pricing_cycle,executioner_placeholder_response_window
h_cycle_JB-RGB6-LZOJ_20260212T093406Z,2026-02-12,2026-02-12T09:49:06Z,15,UK,JB-RGB6-LZOJ,B0001P0DLU,0,flat,0.00,,6.35,FBM,,9.99,pending_observation,run_H_pricing_cycle,executioner_placeholder_response_window
h_cycle_JB-RGB6-LZOJ_20260212T093513Z,2026-02-12,2026-02-12T09:50:13Z,15,UK,JB-RGB6-LZOJ,B0001P0DLU,0,flat,0.00,,6.35,FBM,,9.99,pending_observation,run_H_pricing_cycle,executioner_placeholder_response_window
h_cycle_JB-RGB6-LZOJ_20260212T094308Z,2026-02-12,2026-02-12T09:58:08Z,15,UK,JB-RGB6-LZOJ,B0001P0DLU,0,flat,0.00,,6.35,FBM,,9.99,pending_observation,run_H_pricing_cycle,executioner_placeholder_response_window
h_cycle_JB-RGB6-LZOJ_20260212T094355Z,2026-02-12,2026-02-12T09:58:55Z,15,UK,JB-RGB6-LZOJ,B0001P0DLU,0,flat,0.00,,6.35,FBM,,9.99,pending_observation,run_H_pricing_cycle,executioner_placeholder_response_window
h_cycle_JB-RGB6-LZOJ_20260212T085922Z,2026-02-12,2026-02-12T09:59:22Z,60,UK,JB-RGB6-LZOJ,B0001P0DLU,0,flat,0.00,,6.35,FBM,,9.99,pending_observation,run_H_pricing_cycle,executioner_placeholder_response_window
h_cycle_JB-RGB6-LZOJ_20260212T090640Z,2026-02-12,2026-02-12T10:06:40Z,60,UK,JB-RGB6-LZOJ,B0001P0DLU,0,flat,0.00,,6.35,FBM,,9.99,pending_observation,run_H_pricing_cycle,executioner_placeholder_response_window
safe_mode_JB-RGB6-LZOJ_20260212,2026-02-12,2026-02-12T10:20:13Z,240,UK,JB-RGB6-LZOJ,B0001P0DLU,0,flat,0.00,,6.35,FBM,,9.99,pending_observation,H007_run_safe_mode_pilot,safe_mode_placeholder_response_window
h_cycle_JB-RGB6-LZOJ_20260212T093406Z,2026-02-12,2026-02-12T10:34:06Z,60,UK,JB-RGB6-LZOJ,B0001P0DLU,0,flat,0.00,,6.35,FBM,,9.99,pending_observation,run_H_pricing_cycle,executioner_placeholder_response_window
h_cycle_JB-RGB6-LZOJ_20260212T093513Z,2026-02-12,2026-02-12T10:35:13Z,60,UK,JB-RGB6-LZOJ,B0001P0DLU,0,flat,0.00,,6.35,FBM,,9.99,pending_observation,run_H_pricing_cycle,executioner_placeholder_response_window
h_cycle_JB-RGB6-LZOJ_20260212T103353Z,2026-02-12,2026-02-12T10:38:53Z,5,UK,JB-RGB6-LZOJ,B0001P0DLU,0,flat,0.00,,6.35,FBM,,9.99,pending_observation,run_H_pricing_cycle,executioner_placeholder_response_window
h_cycle_JB-RGB6-LZOJ_20260212T103449Z,2026-02-12,2026-02-12T10:39:49Z,5,UK,JB-RGB6-LZOJ,B0001P0DLU,0,flat,0.00,,6.35,FBM,,9.99,pending_observation,run_H_pricing_cycle,executioner_placeholder_response_window
h_cycle_JB-RGB6-LZOJ_20260212T094308Z,2026-02-12,2026-02-12T10:43:08Z,60,UK,JB-RGB6-LZOJ,B0001P0DLU,0,flat,0.00,,6.35,FBM,,9.99,pending_observation,run_H_pricing_cycle,executioner_placeholder_response_window
h_cycle_JB-RGB6-LZOJ_20260212T094355Z,2026-02-12,2026-02-12T10:43:55Z,60,UK,JB-RGB6-LZOJ,B0001P0DLU,0,flat,0.00,,6.35,FBM,,9.99,pending_observation,run_H_pricing_cycle,executioner_placeholder_response_window
h_cycle_JB-RGB6-LZOJ_20260212T104324Z,2026-02-12,2026-02-12T10:48:24Z,5,UK,JB-RGB6-LZOJ,B0001P0DLU,0,flat,0.00,,6.35,FBM,,9.99,pending_observation,run_H_pricing_cycle,executioner_placeholder_response_window
h_cycle_JB-RGB6-LZOJ_20260212T103353Z,2026-02-12,2026-02-12T10:48:53Z,15,UK,JB-RGB6-LZOJ,B0001P0DLU,0,flat,0.00,,6.35,FBM,,9.99,pending_observation,run_H_pricing_cycle,executioner_placeholder_response_window
h_cycle_JB-RGB6-LZOJ_20260212T103449Z,2026-02-12,2026-02-12T10:49:49Z,15,UK,JB-RGB6-LZOJ,B0001P0DLU,0,flat,0.00,,6.35,FBM,,9.99,pending_observation,run_H_pricing_cycle,executioner_placeholder_response_window
h_cycle_JB-RGB6-LZOJ_20260212T104504Z,2026-02-12,2026-02-12T10:50:04Z,5,UK,JB-RGB6-LZOJ,B0001P0DLU,0,flat,0.00,,6.35,FBM,,9.99,pending_observation,run_H_pricing_cycle,executioner_placeholder_response_window
h_cycle_JB-RGB6-LZOJ_20260212T104609Z,2026-02-12,2026-02-12T10:51:09Z,5,UK,JB-RGB6-LZOJ,B0001P0DLU,0,flat,0.00,,6.35,FBM,,9.99,pending_observation,run_H_pricing_cycle,executioner_placeholder_response_window
h_cycle_JB-RGB6-LZOJ_20260212T105125Z,2026-02-12,2026-02-12T10:56:25Z,5,UK,JB-RGB6-LZOJ,B0001P0DLU,0,flat,0.00,,6.35,FBM,,9.99,pending_observation,run_H_pricing_cycle,executioner_placeholder_response_window
h_cycle_JB-RGB6-LZOJ_20260212T104324Z,2026-02-12,2026-02-12T10:58:24Z,15,UK,JB-RGB6-LZOJ,B0001P0DLU,0,flat,0.00,,6.35,FBM,,9.99,pending_observation,run_H_pricing_cycle,executioner_placeholder_response_window
h_cycle_JB-RGB6-LZOJ_20260212T104504Z,2026-02-12,2026-02-12T11:00:04Z,15,UK,JB-RGB6-LZOJ,B0001P0DLU,0,flat,0.00,,6.35,FBM,,9.99,pending_observation,run_H_pricing_cycle,executioner_placeholder_response_window
h_cycle_JB-RGB6-LZOJ_20260212T104609Z,2026-02-12,2026-02-12T11:01:09Z,15,UK,JB-RGB6-LZOJ,B0001P0DLU,0,flat,0.00,,6.35,FBM,,9.99,pending_observation,run_H_pricing_cycle,executioner_placeholder_response_window
h_cycle_JB-RGB6-LZOJ_20260212T105125Z,2026-02-12,2026-02-12T11:06:25Z,15,UK,JB-RGB6-LZOJ,B0001P0DLU,0,flat,0.00,,6.35,FBM,,9.99,pending_observation,run_H_pricing_cycle,executioner_placeholder_response_window
h_cycle_JB-RGB6-LZOJ_20260212T110324Z,2026-02-12,2026-02-12T11:08:24Z,5,UK,JB-RGB6-LZOJ,B0001P0DLU,0,flat,0.00,,6.35,FBM,,9.99,pending_observation,run_H_pricing_cycle,executioner_placeholder_response_window
h_cycle_JB-RGB6-LZOJ_20260212T111014Z,2026-02-12,2026-02-12T11:15:14Z,5,UK,JB-RGB6-LZOJ,B0001P0DLU,0,flat,0.00,,6.35,FBM,,9.99,pending_observation,run_H_pricing_cycle,executioner_placeholder_response_window
h_cycle_JB-RGB6-LZOJ_20260212T110324Z,2026-02-12,2026-02-12T11:18:24Z,15,UK,JB-RGB6-LZOJ,B0001P0DLU,0,flat,0.00,,6.35,FBM,,9.99,pending_observation,run_H_pricing_cycle,executioner_placeholder_response_window
h_cycle_JB-RGB6-LZOJ_20260212T111014Z,2026-02-12,2026-02-12T11:25:14Z,15,UK,JB-RGB6-LZOJ,B0001P0DLU,0,flat,0.00,,6.35,FBM,,9.99,pending_observation,run_H_pricing_cycle,executioner_placeholder_response_window
h_cycle_JB-RGB6-LZOJ_20260212T103353Z,2026-02-12,2026-02-12T11:33:53Z,60,UK,JB-RGB6-LZOJ,B0001P0DLU,0,flat,0.00,,6.35,FBM,,9.99,pending_observation,run_H_pricing_cycle,executioner_placeholder_response_window
h_cycle_JB-RGB6-LZOJ_20260212T103449Z,2026-02-12,2026-02-12T11:34:49Z,60,UK,JB-RGB6-LZOJ,B0001P0DLU,0,flat,0.00,,6.35,FBM,,9.99,pending_observation,run_H_pricing_cycle,executioner_placeholder_response_window
h_cycle_JB-RGB6-LZOJ_20260212T104324Z,2026-02-12,2026-02-12T11:43:24Z,60,UK,JB-RGB6-LZOJ,B0001P0DLU,0,flat,0.00,,6.35,FBM,,9.99,pending_observation,run_H_pricing_cycle,executioner_placeholder_response_window
h_cycle_JB-RGB6-LZOJ_20260212T104504Z,2026-02-12,2026-02-12T11:45:04Z,60,UK,JB-RGB6-LZOJ,B0001P0DLU,0,flat,0.00,,6.35,FBM,,9.99,pending_observation,run_H_pricing_cycle,executioner_placeholder_response_window
h_cycle_JB-RGB6-LZOJ_20260212T104609Z,2026-02-12,2026-02-12T11:46:09Z,60,UK,JB-RGB6-LZOJ,B0001P0DLU,0,flat,0.00,,6.35,FBM,,9.99,pending_observation,run_H_pricing_cycle,executioner_placeholder_response_window
h_cycle_JB-RGB6-LZOJ_20260212T105125Z,2026-02-12,2026-02-12T11:51:25Z,60,UK,JB-RGB6-LZOJ,B0001P0DLU,0,flat,0.00,,6.35,FBM,,9.99,pending_observation,run_H_pricing_cycle,executioner_placeholder_response_window
h_cycle_JB-RGB6-LZOJ_20260212T110324Z,2026-02-12,2026-02-12T12:03:24Z,60,UK,JB-RGB6-LZOJ,B0001P0DLU,0,flat,0.00,,6.35,FBM,,9.99,pending_observation,run_H_pricing_cycle,executioner_placeholder_response_window
h_cycle_JB-RGB6-LZOJ_20260212T111014Z,2026-02-12,2026-02-12T12:10:14Z,60,UK,JB-RGB6-LZOJ,B0001P0DLU,0,flat,0.00,,6.35,FBM,,9.99,pending_observation,run_H_pricing_cycle,executioner_placeholder_response_window
h_cycle_JB-RGB6-LZOJ_20260212T121359Z,2026-02-12,2026-02-12T12:18:59Z,5,UK,JB-RGB6-LZOJ,B0001P0DLU,0,flat,0.00,,6.35,FBM,,9.99,pending_observation,run_H_pricing_cycle,executioner_placeholder_response_window
h_cycle_JB-RGB6-LZOJ_20260212T121359Z,2026-02-12,2026-02-12T12:28:59Z,15,UK,JB-RGB6-LZOJ,B0001P0DLU,0,flat,0.00,,6.35,FBM,,9.99,pending_observation,run_H_pricing_cycle,executioner_placeholder_response_window
h_cycle_JB-RGB6-LZOJ_20260212T124309Z,2026-02-12,2026-02-12T12:48:09Z,5,UK,JB-RGB6-LZOJ,B0001P0DLU,0,flat,0.00,,6.35,FBM,,9.99,pending_observation,run_H_pricing_cycle,executioner_placeholder_response_window
h_cycle_JB-RGB6-LZOJ_20260212T124309Z,2026-02-12,2026-02-12T12:58:09Z,15,UK,JB-RGB6-LZOJ,B0001P0DLU,0,flat,0.00,,6.35,FBM,,9.99,pending_observation,run_H_pricing_cycle,executioner_placeholder_response_window
h_cycle_JB-RGB6-LZOJ_20260212T085922Z,2026-02-12,2026-02-12T12:59:22Z,240,UK,JB-RGB6-LZOJ,B0001P0DLU,0,flat,0.00,,6.35,FBM,,9.99,pending_observation,run_H_pricing_cycle,executioner_placeholder_response_window
h_cycle_JB-RGB6-LZOJ_20260212T090640Z,2026-02-12,2026-02-12T13:06:40Z,240,UK,JB-RGB6-LZOJ,B0001P0DLU,0,flat,0.00,,6.35,FBM,,9.99,pending_observation,run_H_pricing_cycle,executioner_placeholder_response_window
h_cycle_JB-RGB6-LZOJ_20260212T121359Z,2026-02-12,2026-02-12T13:13:59Z,60,UK,JB-RGB6-LZOJ,B0001P0DLU,0,flat,0.00,,6.35,FBM,,9.99,pending_observation,run_H_pricing_cycle,executioner_placeholder_response_window
h_cycle_JB-RGB6-LZOJ_20260212T093406Z,2026-02-12,2026-02-12T13:34:06Z,240,UK,JB-RGB6-LZOJ,B0001P0DLU,0,flat,0.00,,6.35,FBM,,9.99,pending_observation,run_H_pricing_cycle,executioner_placeholder_response_window
h_cycle_JB-RGB6-LZOJ_20260212T093513Z,2026-02-12,2026-02-12T13:35:13Z,240,UK,JB-RGB6-LZOJ,B0001P0DLU,0,flat,0.00,,6.35,FBM,,9.99,pending_observation,run_H_pricing_cycle,executioner_placeholder_response_window
h_cycle_JB-RGB6-LZOJ_20260212T094308Z,2026-02-12,2026-02-12T13:43:08Z,240,UK,JB-RGB6-LZOJ,B0001P0DLU,0,flat,0.00,,6.35,FBM,,9.99,pending_observation,run_H_pricing_cycle,executioner_placeholder_response_window
h_cycle_JB-RGB6-LZOJ_20260212T124309Z,2026-02-12,2026-02-12T13:43:09Z,60,UK,JB-RGB6-LZOJ,B0001P0DLU,0,flat,0.00,,6.35,FBM,,9.99,pending_observation,run_H_pricing_cycle,executioner_placeholder_response_window
h_cycle_JB-RGB6-LZOJ_20260212T094355Z,2026-02-12,2026-02-12T13:43:55Z,240,UK,JB-RGB6-LZOJ,B0001P0DLU,0,flat,0.00,,6.35,FBM,,9.99,pending_observation,run_H_pricing_cycle,executioner_placeholder_response_window
h_cycle_JB-RGB6-LZOJ_20260212T103353Z,2026-02-12,2026-02-12T14:33:53Z,240,UK,JB-RGB6-LZOJ,B0001P0DLU,0,flat,0.00,,6.35,FBM,,9.99,pending_observation,run_H_pricing_cycle,executioner_placeholder_response_window
h_cycle_JB-RGB6-LZOJ_20260212T103449Z,2026-02-12,2026-02-12T14:34:49Z,240,UK,JB-RGB6-LZOJ,B0001P0DLU,0,flat,0.00,,6.35,FBM,,9.99,pending_observation,run_H_pricing_cycle,executioner_placeholder_response_window
h_cycle_JB-RGB6-LZOJ_20260212T104324Z,2026-02-12,2026-02-12T14:43:24Z,240,UK,JB-RGB6-LZOJ,B0001P0DLU,0,flat,0.00,,6.35,FBM,,9.99,pending_observation,run_H_pricing_cycle,executioner_placeholder_response_window
h_cycle_JB-RGB6-LZOJ_20260212T104504Z,2026-02-12,2026-02-12T14:45:04Z,240,UK,JB-RGB6-LZOJ,B0001P0DLU,0,flat,0.00,,6.35,FBM,,9.99,pending_observation,run_H_pricing_cycle,executioner_placeholder_response_window
h_cycle_JB-RGB6-LZOJ_20260212T104609Z,2026-02-12,2026-02-12T14:46:09Z,240,UK,JB-RGB6-LZOJ,B0001P0DLU,0,flat,0.00,,6.35,FBM,,9.99,pending_observation,run_H_pricing_cycle,executioner_placeholder_response_window
h_cycle_JB-RGB6-LZOJ_20260212T105125Z,2026-02-12,2026-02-12T14:51:25Z,240,UK,JB-RGB6-LZOJ,B0001P0DLU,0,flat,0.00,,6.35,FBM,,9.99,pending_observation,run_H_pricing_cycle,executioner_placeholder_response_window
h_cycle_JB-RGB6-LZOJ_20260212T110324Z,2026-02-12,2026-02-12T15:03:24Z,240,UK,JB-RGB6-LZOJ,B0001P0DLU,0,flat,0.00,,6.35,FBM,,9.99,pending_observation,run_H_pricing_cycle,executioner_placeholder_response_window
h_cycle_JB-RGB6-LZOJ_20260212T111014Z,2026-02-12,2026-02-12T15:10:14Z,240,UK,JB-RGB6-LZOJ,B0001P0DLU,0,flat,0.00,,6.35,FBM,,9.99,pending_observation,run_H_pricing_cycle,executioner_placeholder_response_window
h_cycle_JB-RGB6-LZOJ_20260212T121359Z,2026-02-12,2026-02-12T16:13:59Z,240,UK,JB-RGB6-LZOJ,B0001P0DLU,0,flat,0.00,,6.35,FBM,,9.99,pending_observation,run_H_pricing_cycle,executioner_placeholder_response_window
h_cycle_JB-RGB6-LZOJ_20260212T124309Z,2026-02-12,2026-02-12T16:43:09Z,240,UK,JB-RGB6-LZOJ,B0001P0DLU,0,flat,0.00,,6.35,FBM,,9.99,pending_observation,run_H_pricing_cycle,executioner_placeholder_response_window
safe_mode_JB-RGB6-LZOJ_20260213,2026-02-13,2026-02-13T06:24:06Z,5,UK,JB-RGB6-LZOJ,B0001P0DLU,0,flat,0.00,,6.35,FBM,,9.99,pending_observation,H007_run_safe_mode_pilot,safe_mode_placeholder_response_window
safe_mode_JB-RGB6-LZOJ_20260213,2026-02-13,2026-02-13T06:34:06Z,15,UK,JB-RGB6-LZOJ,B0001P0DLU,0,flat,0.00,,6.35,FBM,,9.99,pending_observation,H007_run_safe_mode_pilot,safe_mode_placeholder_response_window
safe_mode_JB-RGB6-LZOJ_20260213,2026-02-13,2026-02-13T07:19:06Z,60,UK,JB-RGB6-LZOJ,B0001P0DLU,0,flat,0.00,,6.35,FBM,,9.99,pending_observation,H007_run_safe_mode_pilot,safe_mode_placeholder_response_window
safe_mode_JB-RGB6-LZOJ_20260213,2026-02-13,2026-02-13T10:19:06Z,240,UK,JB-RGB6-LZOJ,B0001P0DLU,0,flat,0.00,,6.35,FBM,,9.99,pending_observation,H007_run_safe_mode_pilot,safe_mode_placeholder_response_window
h_cycle_JB-RGB6-LZOJ_20260213T152242Z,2026-02-13,2026-02-13T15:27:42Z,5,UK,JB-RGB6-LZOJ,B0001P0DLU,0,flat,0.00,,6.35,FBM,,9.99,pending_observation,run_H_pricing_cycle,executioner_placeholder_response_window
h_cycle_JB-RGB6-LZOJ_20260213T152242Z,2026-02-13,2026-02-13T15:37:42Z,15,UK,JB-RGB6-LZOJ,B0001P0DLU,0,flat,0.00,,6.35,FBM,,9.99,pending_observation,run_H_pricing_cycle,executioner_placeholder_response_window
h_cycle_JB-RGB6-LZOJ_20260213T152242Z,2026-02-13,2026-02-13T16:22:42Z,60,UK,JB-RGB6-LZOJ,B0001P0DLU,0,flat,0.00,,6.35,FBM,,9.99,pending_observation,run_H_pricing_cycle,executioner_placeholder_response_window
h_cycle_JB-RGB6-LZOJ_20260213T152242Z,2026-02-13,2026-02-13T19:22:42Z,240,UK,JB-RGB6-LZOJ,B0001P0DLU,0,flat,0.00,,6.35,FBM,,9.99,pending_observation,run_H_pricing_cycle,executioner_placeholder_response_window
