check,status,value,notes,alert_first_seen_utc,alert_last_seen_utc,alert_consecutive_runs,alert_age_hours
h_health_alert_snooze_config,ok,expired,until=2026-02-14T23:59:00Z;reason=temporary suppression while focusing on H-cycle blocker gate,,,,
orders_all_rows,ok,6997,,,,,
order_items_all_rows,ok,7016,,,,,
orders_missing_items_window,ok,0,,,,,
order_master_rows,ok,6828,,,,,
order_master_row_drop,ok,0,"prev=6828, current=6828",,,,
order_master_blank_sku,ok,0,,,,,
order_master_blank_date,ok,0,,,,,
order_master_blank_qty,ok,0,,,,,
order_master_date_gap_hours,ok,0.00,orders_all max 2026-02-19 14:07:17+00:00; master max 2026-02-19 14:07:17+00:00,,,,
order_master_blank_cogs_lvl1plus,ok,0,,,,,
l1_keys_missing_in_master,ok,0,ignored_missing_fee_keys=1;held_back_missing_tokens=2;held_back_missing_tokens_dynamic=2,,,,
order_master_orphans_count,ok,0,,,,,
l3_orphans_count,ok,0,scope_start=2025-11-01; missing_dates=0; ignored_orders=635,,,,
level2_duplicate_keys,ok,0,,,,,
tokens_total,ok,9638,,,,,
tokens_available,ok,1824,,,,,
tokens_allocated,ok,7727,,,,,
tokens_stock_receipt_missing_order_key,ok,0,stock_receipt_rows=123,,,,
token_cogs_rows,ok,7800,,,,,
inventory_rows,ok,336,,,,,
token_shortages_by_sku,ok,0,,,,,
b_cycle_log_exists,ok,yes,mtime 2026-02-19T17:50:17.506882+00:00; path=out\systems\B\live\B_cycle.log,,,,
b_cycle_recent_fail_lines,ok,0,latest_cycle=2026-02-19T17:46:54Z; raw_fail_count=0; recovered_count=0; unresolved_count=0; ignored_non_actionable=0; path=out\systems\B\live\B_cycle.log,,,,
b_sheet_sync_external_health,ok,0,window_hours=6.0;path=out\b_sheet_sync_status.csv;latest_step=B007_allocate_tokens_live;latest_status=ok;latest_severity=ok,,,,
a_fees_failed_rows_today,ok,0,path=out\fees_failed.csv;total_rows=0,,,,
b_schema_orders_missing_items_window,ok,ok,,,,,
b_schema_unknown_fee_countries,ok,ok,,,,,
fee_rules_unknown_countries,ok,0,,,,,
c_schema_financial_events_shipments,ok,ok,,,,,
c_schema_financial_events_inbound_summary,ok,ok,,,,,
c_schema_inventory_ledger_raw,ok,ok,,,,,
c_schema_purchase_source,ok,ok,,,,,
b_schema_l3_orphans,ok,ok,,,,,
b_schema_token_allocation_skipped,ok,ok,,,,,
b_schema_orphan_recovery_alerts,ok,ok,,,,,
b_schema_orphan_order_items_recovered,ok,ok,,,,,
b_schema_orphan_order_items_failed,ok,ok,,,,,
c_schema_merchant_listings,ok,ok,,,,,
c_schema_storage_fee_monthly,ok,ok,,,,,
c_schema_long_term_storage_fee_monthly,ok,ok,,,,,
c_schema_inbound_delivery_status,ok,ok,,,,,
c_schema_inbound_missing_units,ok,ok,,,,,
c_schema_inbound_cost_events,ok,ok,,,,,
c_schema_inbound_costs_allocated,ok,ok,,,,,
c_schema_inbound_costs_unallocated,ok,ok,,,,,
c_schema_inbound_costs_allocated_sku,ok,ok,,,,,
c_schema_inbound_costs_unallocated_sku,ok,ok,,,,,
c_schema_inbound_costs_allocation_summary,ok,ok,,,,,
c_schema_vat_country_model,ok,ok,,,,,
c_schema_fee_country_model,ok,ok,,,,,
c_schema_token_maturity_window,ok,ok,,,,,
c_schema_token_maturity_window_sku,ok,ok,,,,,
e_schema_sales_velocity,ok,ok,,,,,
e_schema_roi_snapshot,ok,ok,,,,,
e_schema_roi_snapshot_uk,ok,ok,,,,,
e_schema_roi_snapshot_non_uk,ok,ok,,,,,
e_schema_roi_snapshot_by_country,ok,ok,,,,,
e_schema_restock_signals,ok,ok,,,,,
e_schema_performance_summary,ok,ok,,,,,
e_schema_study_report,ok,ok,,,,,
e_schema_run_log,ok,ok,,,,,
e_schema_decision_log,ok,ok,,,,,
h_e_inputs_fresh,warn,2,listing_offer_history=2026-02-19; inventory_history=2026-02-20; inbound_history=2026-02-20; refund_adjustment_history=2026-02-19,2026-02-20T06:16:44.619776+00:00,2026-02-20T06:16:44.619776+00:00,1,0.00
h_e_outputs_latest_asof,ok,0,expected_any=2026-02-19,,,,
z_schema_health_status,ok,ok,,,,,
f_schema_training_set,ok,ok,,,,,
h_schema_lab_cohort,ok,ok,,,,,
h_schema_head_boundaries,ok,ok,,,,,
h_schema_supervisor_tactical_rules,ok,ok,,,,,
h_lab_cohort_active_rows,ok,12,expected_at_least=1,,,,
h_head_boundaries_active_rows,ok,2,expected_at_least=1,,,,
h_head_boundary_pilot_present,ok,1,expected_active_sku=L1-54EX-56YC,,,,
h_head_boundaries_numeric_valid,ok,0,"rules=ceiling>=floor,max_move>0,max_daily_down>=max_move,cooldown>=1,max_probes>=0,max_active_probe_skus>=1",,,,
h_supervisor_tactical_active_rows,ok,8,expected_at_least=1,,,,
h_supervisor_tactical_pilot_coverage,ok,1,expected_active_sku=L1-54EX-56YC,,,,
h_supervisor_tactical_rules_valid,ok,0,"rules=state_enum,probe_enum,target_adjustment>=0,cooldown>=1,expiry>=1,priority>=1",,,,
h_schema_worker_probe_event_log,ok,ok,,,,,
h_schema_worker_probe_response_log,ok,ok,,,,,
h_schema_executioner_action_log,ok,ok,,,,,
h_schema_seller_profiles,ok,ok,,,,,
h_schema_seller_soi,ok,ok,,,,,
h_seller_soi_active_coverage,warn,11,"missing_skus=4W-VS57-BV6A,6V-EEC1-2S9Z,AX-NKNU-29C1,JB-RGB6-LZOJ,RZ-6ZL9-CZ7J,TJ-6LOP-OPEU,VF-3T0K-DR5O,XE-YPAI-HX9F,XH-0LAE-FQO5,XY-UM2X-TPS3,YC-3L3M-BV48",2026-02-20T06:16:44.619776+00:00,2026-02-20T06:16:44.619776+00:00,1,0.00
h_worker_probe_event_idempotent,ok,0,key=probe_event_id,,,,
h_worker_probe_event_numeric_valid,ok,0,"rules=target_in_floor_ceiling,move_within_max,cooldown>=1,state_enum,probe_enum,valid_timestamps",,,,
h_safe_mode_pilot_event_present,ok,0,no recent safe mode rows;window_hours=48.0,,,,
h_safe_mode_pilot_scope_pilot_only,ok,0,no recent safe mode rows;window_hours=48.0,,,,
h_safe_mode_pilot_actions_allowed,ok,0,no recent safe mode rows;window_hours=48.0,,,,
h_executioner_action_log_idempotent,ok,0,key=probe_event_id,,,,
h_executioner_live_write_guardrails,ok,0,"rules=bool_flags_valid,numeric_prices_present,attempt_scope_pilot_only,attempt_source=run_H_pricing_cycle",,,,
h_worker_probe_response_idempotent,ok,0,key=probe_event_id+response_window_minutes,,,,
h_worker_probe_response_types_valid,ok,0,"rules=window_enum,moved_flag_binary,direction_enum,move_size>=0,reaction_lag>=0,valid_timestamps",,,,
h_schema_listing_offer_history,ok,ok,,,,,
h_schema_listing_offer_seller_history,ok,ok,,,,,
h_schema_phase1_seller_history,ok,ok,,,,,
h_phase1_contract_types,ok,0,non_null=0;bad_date=0;bad_datetime=0;bad_numeric=0;bad_binary=0;bad_direction=0;bad_channel=0,,,,
h_phase1_history_idempotent,ok,0,global_key_check,,,,
h_schema_api_call_log,ok,ok,,,,,
h_schema_api_run_log,ok,ok,,,,,
h_api_recent_fail_runs,ok,0,window_hours=24.0,,,,
h_schema_api_rate_state,ok,ok,,,,,
h_spapi_lock_present,ok,0,,,,,
h_cycle_stale_lock,fail,2,stale=out\systems\H\live\H_pricing_cycle.lock|pid=13096;out\H_pricing_cycle.lock|pid=13096,2026-02-19T18:06:27.725337+00:00,2026-02-20T06:16:44.619776+00:00,2,12.17
e_cycle_stale_lock,ok,0,"searched=out\systems\E\live\E_cycle.lock,out\E_cycle.lock",,,,
h_schema_listing_offer_snapshot,ok,ok,,,,,
h_market_context_fill_nonzero,ok,0,buy_box_channel=1; lowest_fba_price=1; lowest_fbm_price=1; offer_count_fba=1; offer_count_fbm=1,,,,
h_schema_listing_offer_seller_snapshot,ok,ok,,,,,
h_seller_snapshot_landed_non_null_training,ok,0,training_rows=7,,,,
h_seller_snapshot_landed_ge_listing,ok,0,comparable_rows=7,,,,
h_seller_snapshot_shipping_non_negative,ok,0,shipping_rows=7,,,,
h_market_snapshot_exists,ok,yes,path out\hos_daily_market_snapshot_2026-02-13.csv,,,,
h_market_snapshot_rows_10,ok,10,expected=10,,,,
h_market_snapshot_required_columns,ok,0,,,,,
h_market_snapshot_no_null_core_fields,ok,0,buy_box_price_used_gross=0; offer_count_fba=0; offer_count_fbm=0,,,,
h_market_snapshot_delivery_parity_binary,ok,0,"allowed_values=0,1",,,,
h_market_snapshot_econ_anchors_filled,ok,0,training_rows=10; break_even_exvat_gbp=0; break_even_gross_gbp=0; token_cost_exvat_gbp=0; min_price_gross_10pct=0; max_price_gross_current=0,,,,
h_market_report_html_exists,ok,yes,path out\reports\hos_daily\hos_daily_report_2026-02-13.html,,,,
h_market_report_pdf_exists,ok,yes,path out\reports\hos_daily\hos_daily_report_2026-02-13.pdf,,,,
h_market_report_price_charts_count,ok,10,expected_at_least=10,,,,
h_market_report_seller_mix_charts_count,ok,10,expected_at_least=10,,,,
h_schema_inventory_history,ok,ok,,,,,
h_schema_inbound_history,ok,ok,,,,,
h_schema_refund_adjustment_history,ok,ok,,,,,
h_schema_inventory_snapshot,ok,ok,,,,,
h_schema_inbound_snapshot,ok,ok,,,,,
h_schema_refund_adjustment_snapshot,ok,ok,,,,,
h_listing_offer_history_idempotent_today,warn,0,no rows for 2026-02-20,2026-02-20T06:16:44.619776+00:00,2026-02-20T06:16:44.619776+00:00,1,0.00
h_listing_offer_seller_history_idempotent_today,warn,0,no rows for 2026-02-20,2026-02-20T06:16:44.619776+00:00,2026-02-20T06:16:44.619776+00:00,1,0.00
h_inventory_history_idempotent_today,ok,0,asof_date=2026-02-20,,,,
h_inbound_history_idempotent_today,ok,0,asof_date=2026-02-20,,,,
h_refund_adjustment_history_idempotent_today,warn,0,no rows for 2026-02-20,2026-02-20T06:16:44.619776+00:00,2026-02-20T06:16:44.619776+00:00,1,0.00
a_daily_intel_coverage_non_parked,ok,0,date=2026-02-20; non_parked=1; covered=1; missing_sample=,,,,
a_daily_intel_compliance_nonempty_non_parked,ok,0,date=2026-02-20; non_parked=1; missing_rows=0; blank_compliance=0,,,,
h_ceiling_rule_bbp_missing_trial,ok,0,sku=L1-54EX-56YC;date=2026-02-20;source=MIN_BBP_CPTX1_2,,,,
h_ceiling_rule_cpt_missing_trial,ok,0,sku=L1-54EX-56YC;date=2026-02-20;source=MIN_BBP_CPTX1_2,,,,
h_ceiling_rule_inputs_missing_trial,ok,0,sku=L1-54EX-56YC;date=2026-02-20;source=MIN_BBP_CPTX1_2,,,,
h_scope_non_parked_matches_targets,ok,0,processed=0; non_parked_scope=1; skipped_parked=0; invalid_processed_sample=; state_path=out/systems/H/live/h_pricing_cycle_state.json,,,,
h_parked_sku_write_attempts,ok,0,date=2026-02-20; parked_skus=605; parked_rows_today=0; attempt_statuses=,,,,
h_no_cpt_calls_in_h_cycle,ok,0,date=2026-02-20; endpoint=products_pricing_post_competitive_summary_batch; sample=,,,,
h_floor_vat_policy_config,ok,ok,vat_registered=1;recover_input_vat_on_cogs=1;recover_input_vat_on_fees=1;formula_version=vat_registered_exvat_basis_v1;note=Official H floor policy: remove output VAT from sale first; use ex-VAT COGS and fees for floor math.,,,,
h_floor_phase1_cogs_basis_drift,ok,0,date=2026-02-20;latest_asof=2026-02-20T06:15:59Z;rows_in_run=606;compared=147;missing_expected=459;sample=,,,,
h_floor_legacy_cogs_basis_drift,ok,0,date=2026-02-20;rows_today=0;compared=0;sample=,,,,
h_floor_no_order_inputs,ok,0,date=2026-02-20;rows_today=420564;sample=,,,,
h_floor_referral_band_integrity,ok,0,date=2026-02-20;rows_today=420564;sample=,,,,
h_floor_referral_source_coverage,ok,0,date=2026-02-20;rows_today=420564;rows_non_parked=694;rows_parked=419870;sample=,,,,
h_floor_referral_source_coverage_parked_observability,warn,124920,"date=2026-02-20;rows_parked=419870;sample=UC-D1G4-MTYN,RJ-OVDC-R9JF,9G-57PS-EN16,S2-RZ4R-15M6,UE-BZE5-I0WM",2026-02-19T13:49:38.652718+00:00,2026-02-20T06:16:44.619776+00:00,4,16.45
h_floor_formula_consistency,ok,0,date=2026-02-20;rows_today=420564;comparable=420564;sample=,,,,
