report_utc,supplier_name,supplier_code,rows_total,rows_action_candidate,rows_action_ready,rows_blocked,rows_missing_cost_truth,rows_missing_market_truth,rows_missing_demand_truth,rows_wait_suggested,rows_snoozed,rows_missing_qty_prefill,rows_missing_cost_prefill,rows_missing_image
2026-05-19T12:39:03Z,(Unknown supplier),,54,0,0,54,54,15,45,54,0,54,54,2
2026-05-19T12:39:03Z,ABGee,,27,0,0,27,26,27,27,27,0,27,26,0
2026-05-19T12:39:03Z,ABGee,198 3202,1,0,0,1,0,1,1,1,0,1,0,0
2026-05-19T12:39:03Z,ABGee,198 3209,1,0,0,1,0,1,1,1,0,1,0,0
2026-05-19T12:39:03Z,ABGee,231 6066104,1,0,0,1,0,1,1,1,0,1,0,0
2026-05-19T12:39:03Z,ABGee,285 F9988,1,0,0,1,1,1,1,1,0,1,1,0
2026-05-19T12:39:03Z,ABGee,290 EI-2978,1,0,0,1,1,0,1,1,0,1,1,0
2026-05-19T12:39:03Z,ABGee,333 SI5038,1,0,0,1,1,0,1,1,0,1,1,0
2026-05-19T12:39:03Z,ABGee,333 SI568,1,0,0,1,0,1,1,1,0,1,0,0
2026-05-19T12:39:03Z,ABGee,386 51025,1,0,0,1,1,0,1,1,0,1,1,0
2026-05-19T12:39:03Z,ABGee,413674,1,0,0,1,1,1,1,1,0,1,1,0
2026-05-19T12:39:03Z,ABGee,515 706404,1,0,0,1,1,0,1,1,0,1,1,0
2026-05-19T12:39:03Z,ABGee,520 02224,1,0,0,1,0,1,1,1,0,1,0,0
2026-05-19T12:39:03Z,ABGee,541 61176,1,0,0,1,1,0,1,1,0,1,1,0
2026-05-19T12:39:03Z,ABGee,542 12001074,1,0,0,1,1,1,1,1,0,1,1,0
2026-05-19T12:39:03Z,ABGee,542 16479,1,0,0,1,1,0,1,1,0,1,1,0
2026-05-19T12:39:03Z,ABGee,542 33344,1,0,0,1,1,0,0,1,0,1,1,0
2026-05-19T12:39:03Z,ABGee,542 5224,1,0,0,1,1,0,1,1,0,1,1,0
2026-05-19T12:39:03Z,ABGee,674 05288,2,0,0,2,0,2,2,2,0,2,0,0
2026-05-19T12:39:03Z,ABGee,777 77510GQ1-A,1,0,0,1,1,0,1,1,0,1,1,0
2026-05-19T12:39:03Z,ABGee,856 PSTSP414IN0,1,0,0,1,0,1,1,1,0,1,0,0
2026-05-19T12:39:03Z,ABGee,888 PKW0167,1,0,0,1,0,1,1,1,0,1,0,0
2026-05-19T12:39:03Z,ABGee,888 SQAL0033,1,0,0,1,1,0,1,1,0,1,1,0
2026-05-19T12:39:03Z,ABGee,930 1108,1,0,0,1,0,1,1,1,0,1,0,0
2026-05-19T12:39:03Z,ABGee,985 20117,1,0,0,1,1,0,1,1,0,1,1,0
2026-05-19T12:39:03Z,ABGee,985 2291,1,0,0,1,1,0,1,1,0,1,1,0
2026-05-19T12:39:03Z,ABGee,985 28806,1,0,0,1,0,1,1,1,0,1,0,0
2026-05-19T12:39:03Z,ABGee,985 36391,1,0,0,1,0,1,1,1,0,1,0,0
2026-05-19T12:39:03Z,ABGee,985 48186,1,0,0,1,0,1,1,1,0,1,0,0
2026-05-19T12:39:03Z,ABGee,985 49695,1,0,0,1,0,1,1,1,0,1,0,0
2026-05-19T12:39:03Z,ABGee,985 49830,1,0,0,1,0,1,1,1,0,1,0,0
2026-05-19T12:39:03Z,ABGee,985 5305,1,0,0,1,1,0,1,1,0,1,1,0
2026-05-19T12:39:03Z,ABGee,985 5862,1,0,0,1,0,1,1,1,0,1,0,0
2026-05-19T12:39:03Z,ABGee,985 59686,1,0,0,1,0,1,1,1,0,1,0,0
2026-05-19T12:39:03Z,ABGee,985 62221,1,0,0,1,0,1,1,1,0,1,0,0
2026-05-19T12:39:03Z,ABGee,985 72185,1,0,0,1,1,1,1,1,0,1,1,0
2026-05-19T12:39:03Z,ABGee,DC,1,0,0,1,1,1,1,1,0,1,1,0
2026-05-19T12:39:03Z,Aldridge Security,L27660,1,0,0,1,0,1,1,1,0,1,0,0
2026-05-19T12:39:03Z,Aldridge Security,L32299,1,0,0,1,1,0,1,1,0,1,1,0
2026-05-19T12:39:03Z,BEM,,4,0,0,4,4,4,4,4,0,4,4,0
2026-05-19T12:39:03Z,Bliss Distribution,,8,0,0,8,8,6,8,8,0,8,8,0
2026-05-19T12:39:03Z,Bliss Distribution,85683,1,0,0,1,1,0,0,1,0,1,1,0
2026-05-19T12:39:03Z,Bliss Distribution,A35790000,1,0,0,1,1,0,1,1,0,1,1,0
2026-05-19T12:39:03Z,Bliss Distribution,AT-11006,1,0,0,1,1,0,1,1,0,1,1,0
2026-05-19T12:39:03Z,Bliss Distribution,AT-11009,1,0,0,1,0,1,1,1,0,1,0,0
2026-05-19T12:39:03Z,Bliss Distribution,AT-11036,1,0,0,1,1,0,1,1,0,1,1,0
2026-05-19T12:39:03Z,Bliss Distribution,AT-11050,1,0,0,1,1,0,1,1,0,1,1,0
2026-05-19T12:39:03Z,Bliss Distribution,AT-11055,1,0,0,1,1,0,1,1,0,1,1,0
2026-05-19T12:39:03Z,Bliss Distribution,AT-11056,1,0,0,1,0,1,1,1,0,1,0,0
2026-05-19T12:39:03Z,Bliss Distribution,AT-11105,1,0,0,1,1,0,1,1,0,1,1,0
2026-05-19T12:39:03Z,Bliss Distribution,AT-13023,1,0,0,1,1,0,1,1,0,1,1,0
2026-05-19T12:39:03Z,Bliss Distribution,AT-15052,1,0,0,1,1,1,1,1,0,1,1,0
2026-05-19T12:39:03Z,Bliss Distribution,AT-15060,1,0,0,1,1,0,1,1,0,1,1,0
2026-05-19T12:39:03Z,Bliss Distribution,AT-15061,1,0,0,1,1,0,1,1,0,1,1,0
2026-05-19T12:39:03Z,Bliss Distribution,AT-15062,1,0,0,1,1,0,1,1,0,1,1,0
2026-05-19T12:39:03Z,Bliss Distribution,AT-15063,1,0,0,1,0,1,1,1,0,1,0,0
2026-05-19T12:39:03Z,Bliss Distribution,BF4232,1,0,0,1,1,0,1,1,0,1,1,0
2026-05-19T12:39:03Z,Bliss Distribution,CP3003,1,0,0,1,0,1,1,1,0,1,0,0
2026-05-19T12:39:03Z,Bliss Distribution,DHCS,1,0,0,1,0,1,1,1,0,1,0,0
2026-05-19T12:39:03Z,Bliss Distribution,E-15146,1,0,0,1,0,0,0,1,0,1,0,0
2026-05-19T12:39:03Z,Bliss Distribution,E-15219,1,0,0,1,0,0,1,1,0,1,0,0
2026-05-19T12:39:03Z,Bliss Distribution,E-15612,1,0,0,1,0,1,1,1,0,1,0,0
2026-05-19T12:39:03Z,Bliss Distribution,E-15613,1,0,0,1,1,0,1,1,0,1,1,0
2026-05-19T12:39:03Z,Bliss Distribution,E-81181,1,0,0,1,1,0,1,1,0,1,1,0
2026-05-19T12:39:03Z,Bliss Distribution,E-81367,1,0,0,1,1,0,1,1,0,1,1,0
2026-05-19T12:39:03Z,Bliss Distribution,E-82225,1,0,0,1,1,0,0,1,0,1,1,0
2026-05-19T12:39:03Z,Bliss Distribution,E-82689,1,0,0,1,1,0,1,1,0,1,1,0
2026-05-19T12:39:03Z,Bliss Distribution,E-82712,1,0,0,1,1,0,1,1,0,1,1,0
2026-05-19T12:39:03Z,Bliss Distribution,E-83648,1,0,0,1,1,0,1,1,0,1,1,0
2026-05-19T12:39:03Z,Bliss Distribution,E-84515,1,0,0,1,1,0,1,1,0,1,1,0
2026-05-19T12:39:03Z,Bliss Distribution,E-84516,1,0,0,1,0,1,1,1,0,1,0,0
2026-05-19T12:39:03Z,Bliss Distribution,E-84517,1,0,0,1,1,0,0,1,0,1,1,0
2026-05-19T12:39:03Z,Bliss Distribution,FLFALE002,1,0,0,1,1,0,1,1,0,1,1,0
2026-05-19T12:39:03Z,Bliss Distribution,FLFALE005,1,0,0,1,1,0,1,1,0,1,1,0
2026-05-19T12:39:03Z,Bliss Distribution,FLFALE013,1,0,0,1,1,0,1,1,0,1,1,0
2026-05-19T12:39:03Z,Bliss Distribution,FLFALE014,1,0,0,1,0,0,1,1,0,1,0,0
2026-05-19T12:39:03Z,Bliss Distribution,FLFFLW01,1,1,1,0,0,0,0,0,0,0,0,0
2026-05-19T12:39:03Z,Bliss Distribution,FLFFLW09,1,0,0,1,0,0,1,1,0,1,0,0
2026-05-19T12:39:03Z,Bliss Distribution,GL2013,1,0,0,1,1,0,1,1,0,1,1,0
2026-05-19T12:39:03Z,Bliss Distribution,GL2014,1,0,0,1,1,0,0,1,0,1,1,0
2026-05-19T12:39:03Z,Bliss Distribution,HAS-DUN52,1,0,0,1,0,1,1,1,0,1,0,0
2026-05-19T12:39:03Z,Bliss Distribution,LED01009,1,0,0,1,1,0,1,1,0,1,1,0
2026-05-19T12:39:03Z,Bliss Distribution,QUBO,1,0,0,1,0,1,1,1,0,1,0,0
2026-05-19T12:39:03Z,Bliss Distribution,SBC1,1,0,0,1,0,0,1,1,0,1,0,0
2026-05-19T12:39:03Z,Bliss Distribution,UGD010069,1,0,0,1,0,1,1,1,0,1,0,0
2026-05-19T12:39:03Z,Bliss Distribution,UGD010109,1,0,0,1,1,0,1,1,0,1,1,0
2026-05-19T12:39:03Z,Bliss Distribution,UGD010691,1,0,0,1,0,0,1,1,0,1,0,0
2026-05-19T12:39:03Z,Bliss Distribution,UGD010696,1,0,0,1,0,1,1,1,0,1,0,0
2026-05-19T12:39:03Z,Bliss Distribution,UGD010894,1,0,0,1,0,1,1,1,0,1,0,0
2026-05-19T12:39:03Z,Bliss Distribution,UGD010896,1,0,0,1,0,1,1,1,0,1,0,0
2026-05-19T12:39:03Z,Bliss Distribution,UGD010923,1,0,0,1,1,0,1,1,0,1,1,0
2026-05-19T12:39:03Z,Bliss Distribution,UGD011337,1,0,0,1,0,1,1,1,0,1,0,0
2026-05-19T12:39:03Z,Bliss Distribution,WP2000,1,0,0,1,1,0,1,1,0,1,1,0
2026-05-19T12:39:03Z,Bliss Distribution,WP2007,1,0,0,1,1,0,1,1,0,1,1,0
2026-05-19T12:39:03Z,Bliss Distribution,WP2012,1,0,0,1,1,0,1,1,0,1,1,0
2026-05-19T12:39:03Z,Bliss Distribution,WP2013,1,0,0,1,1,0,1,1,0,1,1,0
2026-05-19T12:39:03Z,Bliss Distribution,WP2020,1,0,0,1,1,0,1,1,0,1,1,0
2026-05-19T12:39:03Z,Bliss Distribution,WP2022,1,0,0,1,1,0,1,1,0,1,1,0
2026-05-19T12:39:03Z,Bliss Distribution,WZK90035,1,0,0,1,1,0,1,1,0,1,1,0
2026-05-19T12:39:03Z,CLF,,10,0,0,10,10,9,10,10,0,10,10,0
2026-05-19T12:39:03Z,CLF,ATE71,1,0,0,1,1,0,1,1,0,1,1,0
2026-05-19T12:39:03Z,CLF,ATE72,1,0,0,1,0,0,1,1,0,1,0,0
2026-05-19T12:39:03Z,CLF,ATE74,1,0,0,1,1,0,1,1,0,1,1,0
2026-05-19T12:39:03Z,CLF,AVA-9110,1,0,0,1,1,0,1,1,0,1,1,0
2026-05-19T12:39:03Z,CLF,BBW53,1,0,0,1,0,1,1,1,0,1,0,0
2026-05-19T12:39:03Z,CLF,BDG11,1,0,0,1,0,0,1,1,0,1,0,0
2026-05-19T12:39:03Z,CLF,BDH8,1,0,0,1,0,1,1,1,0,1,0,0
2026-05-19T12:39:03Z,CLF,BEAN10,1,0,0,1,1,0,1,1,0,1,1,0
2026-05-19T12:39:03Z,CLF,CGC39,1,0,0,1,0,0,1,1,0,1,0,0
2026-05-19T12:39:03Z,CLF,COE12,1,0,0,1,0,0,1,1,0,1,0,0
2026-05-19T12:39:03Z,CLF,CYA21,1,0,0,1,0,0,1,1,0,1,0,0
2026-05-19T12:39:03Z,CLF,EAN1,1,0,0,1,0,1,1,1,0,1,0,0
2026-05-19T12:39:03Z,CLF,FIN159,1,0,0,1,1,1,1,1,0,1,1,0
2026-05-19T12:39:03Z,CLF,FIN178,1,0,0,1,0,1,1,1,0,1,0,0
2026-05-19T12:39:03Z,CLF,FSP3,1,0,0,1,0,0,1,1,0,1,0,0
2026-05-19T12:39:03Z,CLF,HBH30,3,0,0,3,0,1,3,3,0,3,0,0
2026-05-19T12:39:03Z,CLF,HIM30,2,0,0,2,0,2,2,2,0,2,0,0
2026-05-19T12:39:03Z,CLF,HIM57,1,0,0,1,0,1,1,1,0,1,0,0
2026-05-19T12:39:03Z,CLF,HRI-GM,1,0,0,1,1,1,1,1,0,1,1,0
2026-05-19T12:39:03Z,CLF,HTP41,1,0,0,1,1,0,1,1,0,1,1,0
2026-05-19T12:39:03Z,CLF,JNJ35,1,0,0,1,0,1,1,1,0,1,0,0
2026-05-19T12:39:03Z,CLF,KIN2,1,1,1,0,0,0,0,0,0,0,0,0
2026-05-19T12:39:03Z,CLF,LAV78,1,0,0,1,0,0,1,1,0,1,0,0
2026-05-19T12:39:03Z,CLF,MAL4,1,0,0,1,0,1,1,1,0,1,0,0
2026-05-19T12:39:03Z,CLF,MAU2,1,0,0,1,0,1,1,1,0,1,0,0
2026-05-19T12:39:03Z,CLF,MER-15579050,1,0,0,1,0,1,1,1,0,1,0,0
2026-05-19T12:39:03Z,CLF,MOO55,1,0,0,1,0,0,1,1,0,1,0,0
2026-05-19T12:39:03Z,CLF,MOO62,1,0,0,1,0,0,1,1,0,1,0,0
2026-05-19T12:39:03Z,CLF,NOJ6,1,0,0,1,0,1,1,1,0,1,0,0
2026-05-19T12:39:03Z,CLF,OCN6,1,0,0,1,0,0,1,1,0,1,0,0
2026-05-19T12:39:03Z,CLF,OSP51,1,0,0,1,0,1,1,1,0,1,0,0
2026-05-19T12:39:03Z,CLF,OSP54,1,0,0,1,0,1,1,1,0,1,0,0
2026-05-19T12:39:03Z,CLF,OSP56,1,0,0,1,0,1,1,1,0,1,0,0
2026-05-19T12:39:03Z,CLF,PE4,1,0,0,1,1,0,1,1,0,1,1,0
2026-05-19T12:39:03Z,CLF,PUR6,1,0,0,1,1,1,1,1,0,1,1,0
2026-05-19T12:39:03Z,CLF,RO-0717,1,0,0,1,0,0,1,1,0,1,0,0
2026-05-19T12:39:03Z,CLF,RSC31,1,0,0,1,1,0,1,1,0,1,1,0
2026-05-19T12:39:03Z,CLF,SE66,1,0,0,1,0,0,1,1,0,1,0,0
2026-05-19T12:39:03Z,CLF,SPC16,1,0,0,1,0,1,1,1,0,1,0,0
2026-05-19T12:39:03Z,CLF,SPLT28,1,1,1,0,0,0,0,0,0,0,0,0
2026-05-19T12:39:03Z,CLF,TIP-05011,1,0,0,1,0,1,1,1,0,1,0,0
2026-05-19T12:39:03Z,CLF,TP-03,1,0,0,1,0,0,1,1,0,1,0,0
2026-05-19T12:39:03Z,CLF,TP77,1,0,0,1,1,0,1,1,0,1,1,0
2026-05-19T12:39:03Z,CLF,TSD84,1,0,0,1,0,0,1,1,0,1,0,0
2026-05-19T12:39:03Z,CLF,WID1,1,0,0,1,0,0,1,1,0,1,0,0
2026-05-19T12:39:03Z,Clearance King,,4,0,0,4,4,4,4,4,0,4,4,0
2026-05-19T12:39:03Z,Culpitt,,3,0,0,3,3,2,3,3,0,3,3,0
2026-05-19T12:39:03Z,Culpitt,552760,1,0,0,1,1,0,1,1,0,1,1,0
2026-05-19T12:39:03Z,Culpitt,825001,1,0,0,1,0,1,1,1,0,1,0,0
2026-05-19T12:39:03Z,DHB,,15,0,0,15,11,14,15,15,0,15,11,0
2026-05-19T12:39:03Z,DHB,BRU020,1,0,0,1,0,0,1,1,0,1,0,0
2026-05-19T12:39:03Z,DHB,CUR005,1,0,0,1,0,1,1,1,0,1,0,0
2026-05-19T12:39:03Z,DHB,CUR035X,1,0,0,1,0,0,1,1,0,1,0,0
2026-05-19T12:39:03Z,DHB,CUR120,1,1,1,0,0,0,0,0,0,0,0,0
2026-05-19T12:39:03Z,DHB,CUR141,1,0,0,1,0,0,0,1,0,1,0,0
2026-05-19T12:39:03Z,DHB,CUR142,1,0,0,1,0,0,1,1,0,1,0,0
2026-05-19T12:39:03Z,DHB,CUR143,1,0,0,1,0,0,1,1,0,1,0,0
2026-05-19T12:39:03Z,DHB,CUR144,1,0,0,1,0,0,1,1,0,1,0,0
2026-05-19T12:39:03Z,DHB,CUR164,1,0,0,1,0,0,1,1,0,1,0,0
2026-05-19T12:39:03Z,DHB,CUR204,1,0,0,1,0,0,1,1,0,1,0,0
2026-05-19T12:39:03Z,DHB,EN025X,1,0,0,1,0,1,1,1,0,1,0,0
2026-05-19T12:39:03Z,DHB,HUM028,1,0,0,1,0,1,1,1,0,1,0,0
2026-05-19T12:39:03Z,DHB,MIR018,1,0,0,1,1,0,1,1,0,1,1,0
2026-05-19T12:39:03Z,DHB,OB279,1,0,0,1,0,1,1,1,0,1,0,0
2026-05-19T12:39:03Z,DHB,OB292,1,0,0,1,0,1,1,1,0,1,0,0
2026-05-19T12:39:03Z,DHB,ORT012,1,0,0,1,0,0,1,1,0,1,0,0
2026-05-19T12:39:03Z,DHB,PIK021,1,0,0,1,0,0,1,1,0,1,0,0
2026-05-19T12:39:03Z,DHB,PIK054,1,0,0,1,1,0,1,1,0,1,1,0
2026-05-19T12:39:03Z,DHB,PIK065,1,0,0,1,0,0,1,1,0,1,0,0
2026-05-19T12:39:03Z,DHB,PIK077,1,0,0,1,0,0,1,1,0,1,0,0
2026-05-19T12:39:03Z,DHB,PIK200,1,0,0,1,0,0,1,1,0,1,0,0
2026-05-19T12:39:03Z,DHB,PRO035,1,0,0,1,0,1,1,1,0,1,0,0
2026-05-19T12:39:03Z,DHB,PRO048,1,0,0,1,0,1,1,1,0,1,0,0
2026-05-19T12:39:03Z,DHB,TEP068SP,1,1,1,0,0,0,0,0,0,0,0,0
2026-05-19T12:39:03Z,DHB,TEP084,1,0,0,1,0,1,1,1,0,1,0,0
2026-05-19T12:39:03Z,DHB,TEP418SP,1,0,0,1,1,0,1,1,0,1,1,0
2026-05-19T12:39:03Z,DHB,TEP484,1,0,0,1,1,0,0,1,0,1,1,0
2026-05-19T12:39:03Z,DHB,WIS105,1,0,0,1,0,0,1,1,0,1,0,0
2026-05-19T12:39:03Z,DHB,WIS112,1,0,0,1,0,0,1,1,0,1,0,0
2026-05-19T12:39:03Z,DK Tools,,3,0,0,3,3,3,3,3,0,3,3,0
2026-05-19T12:39:03Z,DK Tools,C3185,1,0,0,1,1,1,1,1,0,1,1,0
2026-05-19T12:39:03Z,DK Tools,F4010,1,0,0,1,1,0,1,1,0,1,1,0
2026-05-19T12:39:03Z,DK Tools,F4023,1,0,0,1,1,0,1,1,0,1,1,0
2026-05-19T12:39:03Z,DK Tools,G4480,1,0,0,1,1,1,1,1,0,1,1,0
2026-05-19T12:39:03Z,DK Tools,N2352,1,0,0,1,1,0,1,1,0,1,1,0
2026-05-19T12:39:03Z,DK Tools,N2377,1,0,0,1,1,1,1,1,0,1,1,0
2026-05-19T12:39:03Z,DK Tools,N2380,1,0,0,1,1,0,1,1,0,1,1,0
2026-05-19T12:39:03Z,DK Tools,N2381,1,0,0,1,1,0,1,1,0,1,1,0
2026-05-19T12:39:03Z,DK Tools,N2382,1,0,0,1,1,1,1,1,0,1,1,0
2026-05-19T12:39:03Z,DK Tools,P240,1,0,0,1,1,0,1,1,0,1,1,0
2026-05-19T12:39:03Z,DK Tools,V4045,1,0,0,1,1,0,1,1,0,1,1,0
2026-05-19T12:39:03Z,DK Tools,V4055,1,0,0,1,1,1,1,1,0,1,1,0
2026-05-19T12:39:03Z,Darlac,,3,0,0,3,2,3,3,3,0,3,2,0
2026-05-19T12:39:03Z,EE Distribution,,2,0,0,2,2,2,2,2,0,2,2,0
2026-05-19T12:39:03Z,Entertainment Trading,,2,0,0,2,2,2,2,2,0,2,2,0
2026-05-19T12:39:03Z,Heo,A35790000,1,0,0,1,1,0,1,1,0,1,1,0
2026-05-19T12:39:03Z,Heo,BOTI38687,1,0,0,1,0,1,1,1,0,1,0,0
2026-05-19T12:39:03Z,Heo,EXGMER-2927,1,0,0,1,0,1,1,1,0,1,0,0
2026-05-19T12:39:03Z,Heo,FK3143,1,0,0,1,1,0,0,1,0,1,1,0
2026-05-19T12:39:03Z,Heo,FK32837,1,0,0,1,1,0,1,1,0,1,1,0
2026-05-19T12:39:03Z,Heo,FK33248,1,0,0,1,0,1,1,1,0,1,0,0
2026-05-19T12:39:03Z,Heo,FK45540,1,0,0,1,1,0,1,1,0,1,1,0
2026-05-19T12:39:03Z,Heo,FK49154,1,0,0,1,0,1,1,1,0,1,0,0
2026-05-19T12:39:03Z,Heo,FK51965,1,0,0,1,0,1,1,1,0,1,0,0
2026-05-19T12:39:03Z,Heo,FK55621,1,0,0,1,0,0,1,1,0,1,0,0
2026-05-19T12:39:03Z,Heo,FK63981,1,0,0,1,0,1,1,1,0,1,0,0
2026-05-19T12:39:03Z,Heo,FK64036,1,0,0,1,1,0,1,1,0,1,1,0
2026-05-19T12:39:03Z,Heo,FK67424,1,0,0,1,0,1,1,1,0,1,0,0
2026-05-19T12:39:03Z,Heo,FK67426,1,0,0,1,1,0,1,1,0,1,1,0
2026-05-19T12:39:03Z,Heo,FK72333,1,0,0,1,1,0,1,1,0,1,1,0
2026-05-19T12:39:03Z,Heo,FK73022,1,0,0,1,0,1,1,1,0,1,0,0
2026-05-19T12:39:03Z,Heo,FK73090,1,0,0,1,1,0,1,1,0,1,1,0
2026-05-19T12:39:03Z,Heo,FK73415,1,0,0,1,0,1,1,1,0,1,0,0
2026-05-19T12:39:03Z,Heo,FK75274,1,0,0,1,1,0,1,1,0,1,1,0
2026-05-19T12:39:03Z,Heo,FK79749,1,0,0,1,1,0,1,1,0,1,1,0
2026-05-19T12:39:03Z,Heo,HASF9987,1,0,0,1,0,1,1,1,0,1,0,0
2026-05-19T12:39:03Z,Heo,HASF9991,1,0,0,1,0,1,1,1,0,1,0,0
2026-05-19T12:39:03Z,Heo,HPE560165,1,0,0,1,1,0,0,1,0,1,1,0
2026-05-19T12:39:03Z,Heo,MCF15193,1,0,0,1,1,0,1,1,0,1,1,0
2026-05-19T12:39:03Z,Heo,NMR52536,1,0,0,1,0,1,1,1,0,1,0,0
2026-05-19T12:39:03Z,Heo,NMR65370,1,0,0,1,1,0,1,1,0,1,1,0
2026-05-19T12:39:03Z,Heo,UGD010696,1,0,0,1,0,0,1,1,0,1,0,0
2026-05-19T12:39:03Z,Heo,UGD011356,1,0,0,1,0,1,1,1,0,1,0,0
2026-05-19T12:39:03Z,Heo,WST503,1,0,0,1,0,1,1,1,0,1,0,0
2026-05-19T12:39:03Z,Heo,WST568,1,0,0,1,0,1,1,1,0,1,0,0
2026-05-19T12:39:03Z,Infinity Foods,,2,0,0,2,2,2,2,2,0,2,2,0
2026-05-19T12:39:03Z,Jones Wholesale,,4,0,0,4,4,4,4,4,0,4,4,0
2026-05-19T12:39:03Z,Jones Wholesale,1000759,1,0,0,1,0,0,1,1,0,1,0,0
2026-05-19T12:39:03Z,Jones Wholesale,109754,1,0,0,1,1,0,1,1,0,1,1,0
2026-05-19T12:39:03Z,Jones Wholesale,216090,1,0,0,1,1,0,1,1,0,1,1,0
2026-05-19T12:39:03Z,Jones Wholesale,229237,1,0,0,1,0,1,1,1,0,1,0,0
2026-05-19T12:39:03Z,Jones Wholesale,416645,1,0,0,1,1,0,1,1,0,1,1,0
2026-05-19T12:39:03Z,Jones Wholesale,446271,1,0,0,1,1,0,1,1,0,1,1,0
2026-05-19T12:39:03Z,Jones Wholesale,449066,1,0,0,1,0,1,1,1,0,1,0,0
2026-05-19T12:39:03Z,Jones Wholesale,456390,1,0,0,1,1,0,1,1,0,1,1,0
2026-05-19T12:39:03Z,Jones Wholesale,479182,1,0,0,1,1,0,1,1,0,1,1,0
2026-05-19T12:39:03Z,Jones Wholesale,497891,1,0,0,1,1,0,1,1,0,1,1,0
2026-05-19T12:39:03Z,Jones Wholesale,505534,1,0,0,1,1,0,1,1,0,1,1,0
2026-05-19T12:39:03Z,Jones Wholesale,62104,1,0,0,1,1,0,1,1,0,1,1,0
2026-05-19T12:39:03Z,Knights Fragrances,,6,0,0,6,6,6,6,6,0,6,6,0
2026-05-19T12:39:03Z,Knights Fragrances,PAG93,1,0,0,1,0,1,1,1,0,1,0,0
2026-05-19T12:39:03Z,Mark Up Wholesale,,1,0,0,1,1,1,1,1,0,1,1,0
2026-05-19T12:39:03Z,Murrays Health and Beauty,,6,0,0,6,4,6,6,6,0,6,4,2
2026-05-19T12:39:03Z,Murrays Health and Beauty,MT411134,1,0,0,1,1,0,1,1,0,1,1,0
2026-05-19T12:39:03Z,Murrays Health and Beauty,NK701236SP,1,0,0,1,0,1,1,1,0,1,0,0
2026-05-19T12:39:03Z,Party Wholesale,,1,0,0,1,1,1,1,1,0,1,1,0
2026-05-19T12:39:03Z,Party Wholesalers,,4,0,0,4,4,0,4,4,0,4,4,0
2026-05-19T12:39:03Z,Peak Dale Products,,1,0,0,1,1,1,1,1,0,1,1,0
2026-05-19T12:39:03Z,Pulse Wholesale,,1,0,0,1,1,1,1,1,0,1,1,0
2026-05-19T12:39:03Z,Rashmian,6F22R-1BP,1,0,0,1,1,1,1,1,0,1,1,0
2026-05-19T12:39:03Z,Rashmian,A500WEA-1EF,1,0,0,1,1,0,1,1,0,1,1,0
2026-05-19T12:39:03Z,Rashmian,D660EN,1,0,0,1,1,0,1,1,0,1,1,0
2026-05-19T12:39:03Z,Rashmian,D850EN,1,0,0,1,1,0,1,1,0,1,1,0
2026-05-19T12:39:03Z,Rashmian,DC753EN,1,0,0,1,1,0,1,1,0,1,1,0
2026-05-19T12:39:03Z,Rashmian,F-91WC-4AEF,1,0,0,1,1,0,1,1,0,1,1,0
2026-05-19T12:39:03Z,Rashmian,F-91WC-9AEF,1,0,0,1,1,0,1,1,0,1,1,0
2026-05-19T12:39:03Z,Rashmian,F-91WM-3AEF,1,0,0,1,0,1,1,1,0,1,0,0
2026-05-19T12:39:03Z,Rashmian,F-91WM-7AEF,1,0,0,1,1,0,1,1,0,1,1,0
2026-05-19T12:39:03Z,Rashmian,GVDR08WD,1,0,0,1,1,0,1,1,0,1,1,0
2026-05-19T12:39:03Z,Rashmian,GVDR09BK,1,0,0,1,1,0,0,1,0,1,1,0
2026-05-19T12:39:03Z,Rashmian,HPBT010D,1,0,0,1,1,0,1,1,0,1,1,0
2026-05-19T12:39:03Z,Rashmian,JC598BBI1,1,0,0,1,1,0,1,1,0,1,1,0
2026-05-19T12:39:03Z,Rashmian,JC598PAI2,1,0,0,1,1,0,1,1,0,1,1,0
2026-05-19T12:39:03Z,Rashmian,JC598UNII1,1,0,0,1,1,0,1,1,0,1,1,0
2026-05-19T12:39:03Z,Rashmian,LA680WEA-7EF,1,0,0,1,1,0,1,1,0,1,1,0
2026-05-19T12:39:03Z,Rashmian,LV195370,1,0,0,1,0,1,1,1,0,1,0,0
2026-05-19T12:39:03Z,Rashmian,MLT10NI,1,0,0,1,1,0,0,1,0,1,1,0
2026-05-19T12:39:03Z,Rashmian,MLT10PA,1,0,0,1,1,0,0,1,0,1,1,0
2026-05-19T12:39:03Z,Rashmian,MRW-200H-1BVES,1,0,0,1,1,0,0,1,0,1,1,0
2026-05-19T12:39:03Z,Rashmian,NLJ001PA1,1,0,0,1,1,0,1,1,0,1,1,0
2026-05-19T12:39:03Z,Rashmian,NS01D,1,0,0,1,1,0,1,1,0,1,1,0
2026-05-19T12:39:03Z,Rashmian,RL800D,1,0,0,1,1,0,1,1,0,1,1,0
2026-05-19T12:39:03Z,Rashmian,RL800NI,1,0,0,1,0,1,1,1,0,1,0,0
2026-05-19T12:39:03Z,Rashmian,T2N747,1,0,0,1,1,0,1,1,0,1,1,0
2026-05-19T12:39:03Z,Rashmian,VN541PC,1,0,0,1,1,0,1,1,0,1,1,0
2026-05-19T12:39:03Z,Reydon,,1,0,0,1,1,1,1,1,0,1,1,0
2026-05-19T12:39:03Z,Shure Cosmetics,,32,0,0,32,31,32,32,32,0,32,31,0
2026-05-19T12:39:03Z,Shure Cosmetics,SCS06536,1,0,0,1,0,0,1,1,0,1,0,0
2026-05-19T12:39:03Z,Shure Cosmetics,SCS13160,1,0,0,1,1,0,1,1,0,1,1,0
2026-05-19T12:39:03Z,Shure Cosmetics,SCS16923,1,0,0,1,0,1,1,1,0,1,0,0
2026-05-19T12:39:03Z,Shure Cosmetics,SCS18973,1,0,0,1,0,1,1,1,0,1,0,1
2026-05-19T12:39:03Z,Shure Cosmetics,SCS19763,1,0,0,1,1,0,1,1,0,1,1,0
2026-05-19T12:39:03Z,Shure Cosmetics,SCS19803,1,0,0,1,0,1,1,1,0,1,0,0
2026-05-19T12:39:03Z,Shure Cosmetics,SCS20085,1,0,0,1,0,1,1,1,0,1,0,0
2026-05-19T12:39:03Z,Shure Cosmetics,SCS20397,1,0,0,1,0,1,1,1,0,1,0,0
2026-05-19T12:39:03Z,Shure Cosmetics,SCS21275,1,0,0,1,0,1,1,1,0,1,0,0
2026-05-19T12:39:03Z,Shure Cosmetics,SCS22096,1,0,0,1,0,0,1,1,0,1,0,0
2026-05-19T12:39:03Z,Shure Cosmetics,SCS22441,1,0,0,1,0,1,1,1,0,1,0,0
2026-05-19T12:39:03Z,Shure Cosmetics,SCS23103,1,0,0,1,0,0,1,1,0,1,0,0
2026-05-19T12:39:03Z,Shure Cosmetics,SCS23252,1,0,0,1,1,0,1,1,0,1,1,0
2026-05-19T12:39:03Z,Shure Cosmetics,SCS24049,1,0,0,1,1,0,1,1,0,1,1,0
2026-05-19T12:39:03Z,Sika,484651,4,1,1,3,0,3,3,3,0,3,0,0
2026-05-19T12:39:03Z,Sika,484652,3,0,0,3,2,1,2,3,0,3,2,0
2026-05-19T12:39:03Z,Sika,484654,1,0,0,1,1,0,1,1,0,1,1,0
2026-05-19T12:39:03Z,Stax,,1,0,0,1,0,1,1,1,0,1,0,0
2026-05-19T12:39:03Z,Stax,1000758,1,0,0,1,0,1,1,1,0,1,0,0
2026-05-19T12:39:03Z,Stax,101798,1,0,0,1,1,0,1,1,0,1,1,0
2026-05-19T12:39:03Z,Stax,102272,1,0,0,1,0,1,1,1,0,1,0,0
2026-05-19T12:39:03Z,Stax,103073,1,0,0,1,1,0,1,1,0,1,1,0
2026-05-19T12:39:03Z,Stax,103987,1,0,0,1,1,0,0,1,0,1,1,0
2026-05-19T12:39:03Z,Stax,108447,1,0,0,1,1,0,1,1,0,1,1,0
2026-05-19T12:39:03Z,Stax,109696,1,0,0,1,1,0,1,1,0,1,1,0
2026-05-19T12:39:03Z,Stax,112387,1,0,0,1,1,0,1,1,0,1,1,0
2026-05-19T12:39:03Z,Stax,113299,1,0,0,1,0,1,1,1,0,1,0,0
2026-05-19T12:39:03Z,Stax,116500,1,0,0,1,0,0,1,1,0,1,0,0
2026-05-19T12:39:03Z,Stax,118744,1,0,0,1,0,1,1,1,0,1,0,0
2026-05-19T12:39:03Z,Stax,119408,1,0,0,1,0,1,1,1,0,1,0,0
2026-05-19T12:39:03Z,Stax,121782,1,0,0,1,0,1,1,1,0,1,0,0
2026-05-19T12:39:03Z,Stax,124720,1,0,0,1,1,0,1,1,0,1,1,0
2026-05-19T12:39:03Z,Stax,300641,1,0,0,1,0,1,1,1,0,1,0,0
2026-05-19T12:39:03Z,Stax,300653,1,0,0,1,0,1,1,1,0,1,0,0
2026-05-19T12:39:03Z,Stax,312457,1,0,0,1,1,0,1,1,0,1,1,0
2026-05-19T12:39:03Z,Stax,312494,1,0,0,1,1,0,1,1,0,1,1,0
2026-05-19T12:39:03Z,Stax,312496,1,0,0,1,1,0,1,1,0,1,1,0
2026-05-19T12:39:03Z,Stax,312497,1,0,0,1,1,0,0,1,0,1,1,0
2026-05-19T12:39:03Z,Stax,319378,1,0,0,1,1,0,0,1,0,1,1,0
2026-05-19T12:39:03Z,Stax,319880,1,0,0,1,1,0,1,1,0,1,1,0
2026-05-19T12:39:03Z,Stax,333644,1,0,0,1,1,0,1,1,0,1,1,0
2026-05-19T12:39:03Z,Stax,334657,1,0,0,1,1,0,1,1,0,1,1,0
2026-05-19T12:39:03Z,Stax,343398,1,0,0,1,1,0,1,1,0,1,1,0
2026-05-19T12:39:03Z,Stax,348926,1,0,0,1,1,0,0,1,0,1,1,0
2026-05-19T12:39:03Z,Stax,356204,1,0,0,1,1,0,0,1,0,1,1,0
2026-05-19T12:39:03Z,Stax,356869,1,0,0,1,0,1,1,1,0,1,0,0
2026-05-19T12:39:03Z,Stax,358690,1,0,0,1,0,0,1,1,0,1,0,0
2026-05-19T12:39:03Z,Stax,366045,1,0,0,1,1,0,1,1,0,1,1,0
2026-05-19T12:39:03Z,Stax,367853,1,0,0,1,1,0,1,1,0,1,1,0
2026-05-19T12:39:03Z,Stax,368831,1,0,0,1,1,0,1,1,0,1,1,0
2026-05-19T12:39:03Z,Stax,369621,1,0,0,1,1,0,1,1,0,1,1,0
2026-05-19T12:39:03Z,Stax,377564,1,0,0,1,1,0,1,1,0,1,1,0
2026-05-19T12:39:03Z,Stax,4005240136836,1,0,0,1,1,0,1,1,0,1,1,0
2026-05-19T12:39:03Z,Stax,4008033424400,1,0,0,1,1,0,0,1,0,1,1,0
2026-05-19T12:39:03Z,Stax,407720,1,0,0,1,1,0,1,1,0,1,1,0
2026-05-19T12:39:03Z,Stax,417440,1,0,0,1,1,0,1,1,0,1,1,0
2026-05-19T12:39:03Z,Stax,424668,1,0,0,1,1,0,1,1,0,1,1,0
2026-05-19T12:39:03Z,Stax,5010266168227,1,0,0,1,1,0,0,1,0,1,1,0
2026-05-19T12:39:03Z,Stax,5010624437194,1,0,0,1,1,0,0,1,0,1,1,0
2026-05-19T12:39:03Z,Stax,5010624437200,1,0,0,1,1,0,1,1,0,1,1,0
2026-05-19T12:39:03Z,Stax,5010624437262,1,0,0,1,1,1,1,1,0,1,1,0
2026-05-19T12:39:03Z,Stax,5010624437422,1,0,0,1,1,1,1,1,0,1,1,0
2026-05-19T12:39:03Z,Stax,5010624437545,1,0,0,1,0,1,1,1,0,1,0,0
2026-05-19T12:39:03Z,Stax,5010853203508,1,0,0,1,1,1,1,1,0,1,1,0
2026-05-19T12:39:03Z,Stax,5010853265179,1,0,0,1,1,1,1,1,0,1,1,0
2026-05-19T12:39:03Z,Stax,5010853268477,1,0,0,1,0,1,1,1,0,1,0,0
2026-05-19T12:39:03Z,Stax,5011309026917,1,0,0,1,1,1,1,1,0,1,1,0
2026-05-19T12:39:03Z,Stax,5011802251854,1,0,0,1,1,0,0,1,0,1,1,0
2026-05-19T12:39:03Z,Stax,5013174036855,1,0,0,1,1,0,1,1,0,1,1,0
2026-05-19T12:39:03Z,Stax,5015056356044,1,0,0,1,0,1,1,1,0,1,0,1
2026-05-19T12:39:03Z,Stax,5015056394459,1,0,0,1,1,1,1,1,0,1,1,0
2026-05-19T12:39:03Z,Stax,5016318100283,1,0,0,1,0,1,1,1,0,1,0,0
2026-05-19T12:39:03Z,Stax,5017193064707,1,0,0,1,1,0,1,1,0,1,1,0
2026-05-19T12:39:03Z,Stax,5023778070223,1,0,0,1,0,1,1,1,0,1,0,0
2026-05-19T12:39:03Z,Stax,5028250441898,1,0,0,1,1,1,1,1,0,1,1,0
2026-05-19T12:39:03Z,Stax,5060494310363,1,0,0,1,1,0,1,1,0,1,1,0
2026-05-19T12:39:03Z,Stax,51141346939,1,0,0,1,1,1,1,1,0,1,1,0
2026-05-19T12:39:03Z,Stax,568080,1,0,0,1,0,1,1,1,0,1,0,0
2026-05-19T12:39:03Z,Stax,590856,1,0,0,1,1,0,1,1,0,1,1,0
2026-05-19T12:39:03Z,Stax,657732,1,0,0,1,1,0,1,1,0,1,1,0
2026-05-19T12:39:03Z,Stax,658717,1,0,0,1,1,0,1,1,0,1,1,0
2026-05-19T12:39:03Z,Stax,6949509209344,1,0,0,1,1,0,0,1,0,1,1,0
2026-05-19T12:39:03Z,Stax,6949509209504,1,0,0,1,1,0,1,1,0,1,1,0
2026-05-19T12:39:03Z,Stax,714760,1,0,0,1,1,0,0,1,0,1,1,0
2026-05-19T12:39:03Z,Stax,743941,1,0,0,1,0,1,1,1,0,1,0,0
2026-05-19T12:39:03Z,Stax,757126,1,0,0,1,1,0,1,1,0,1,1,0
2026-05-19T12:39:03Z,Stax,782519,1,0,0,1,1,0,1,1,0,1,1,0
2026-05-19T12:39:03Z,Stax,786757,1,0,0,1,1,0,1,1,0,1,1,0
2026-05-19T12:39:03Z,Stax,838917,1,0,0,1,0,1,1,1,0,1,0,0
2026-05-19T12:39:03Z,Stax,862225,1,0,0,1,1,0,1,1,0,1,1,0
2026-05-19T12:39:03Z,Stax,87298406,2,0,0,2,2,1,1,2,0,2,2,0
2026-05-19T12:39:03Z,Stax,889142,1,0,0,1,1,0,1,1,0,1,1,0
2026-05-19T12:39:03Z,Stax,9310346414302,1,0,0,1,0,1,1,1,0,1,0,0
2026-05-19T12:39:03Z,TD Synnex,,1,0,0,1,1,1,1,1,0,1,1,0
2026-05-19T12:39:03Z,TD Synnex,10290397,1,0,0,1,0,1,1,1,0,1,0,0
2026-05-19T12:39:03Z,TD Synnex,10290403,1,0,0,1,1,0,1,1,0,1,1,0
2026-05-19T12:39:03Z,TD Synnex,10290405,1,0,0,1,1,0,1,1,0,1,1,0
2026-05-19T12:39:03Z,TD Synnex,10290415,1,0,0,1,1,0,1,1,0,1,1,0
2026-05-19T12:39:03Z,TD Synnex,10290417,1,0,0,1,1,0,1,1,0,1,1,0
2026-05-19T12:39:03Z,TD Synnex,2046517,1,0,0,1,1,0,0,1,0,1,1,0
2026-05-19T12:39:03Z,TD Synnex,3988458,1,0,0,1,0,1,1,1,0,1,0,0
2026-05-19T12:39:03Z,TD Synnex,4428167,1,0,0,1,1,0,1,1,0,1,1,0
2026-05-19T12:39:03Z,TD Synnex,4P4F4AA,1,0,0,1,0,1,1,1,0,1,0,0
2026-05-19T12:39:03Z,TD Synnex,4X90U90618,1,0,0,1,0,1,1,1,0,1,0,0
2026-05-19T12:39:03Z,TD Synnex,5647107,1,0,0,1,0,1,1,1,0,1,0,0
2026-05-19T12:39:03Z,TD Synnex,5647144,1,0,0,1,0,1,1,1,0,1,0,0
2026-05-19T12:39:03Z,TD Synnex,6302977,1,0,0,1,1,0,1,1,0,1,1,0
2026-05-19T12:39:03Z,TD Synnex,77-82261,1,0,0,1,1,0,1,1,0,1,1,0
2026-05-19T12:39:03Z,TD Synnex,77-87476,1,0,0,1,0,0,0,1,0,1,0,0
2026-05-19T12:39:03Z,TD Synnex,77-89955,1,0,0,1,1,0,1,1,0,1,1,0
2026-05-19T12:39:03Z,TD Synnex,77-89965,1,0,0,1,1,0,1,1,0,1,1,0
2026-05-19T12:39:03Z,TD Synnex,77-89975,1,0,0,1,1,0,1,1,0,1,1,0
2026-05-19T12:39:03Z,TD Synnex,77-92188,1,0,0,1,0,0,1,1,0,1,0,0
2026-05-19T12:39:03Z,TD Synnex,77-92189,1,0,0,1,0,0,1,1,0,1,0,0
2026-05-19T12:39:03Z,TD Synnex,77-95220,1,0,0,1,0,0,1,1,0,1,0,0
2026-05-19T12:39:03Z,TD Synnex,77-95232,1,0,0,1,0,0,1,1,0,1,0,0
2026-05-19T12:39:03Z,TD Synnex,77-95261,1,0,0,1,0,0,1,1,0,1,0,0
2026-05-19T12:39:03Z,TD Synnex,77-95357,1,0,0,1,1,0,1,1,0,1,1,0
2026-05-19T12:39:03Z,TD Synnex,77-95360,1,0,0,1,0,1,1,1,0,1,0,0
2026-05-19T12:39:03Z,TD Synnex,77-95379,1,0,0,1,0,1,1,1,0,1,0,0
2026-05-19T12:39:03Z,TD Synnex,77-95790,1,0,0,1,0,0,0,1,0,1,0,0
2026-05-19T12:39:03Z,TD Synnex,7890808,1,0,0,1,1,0,1,1,0,1,1,0
2026-05-19T12:39:03Z,TD Synnex,942-000031,1,0,0,1,1,0,1,1,0,1,1,0
2026-05-19T12:39:03Z,TD Synnex,CT2K8G4DFS824A,1,0,0,1,1,1,1,1,0,1,1,0
2026-05-19T12:39:03Z,TD Synnex,CT2K8G4SFS824A,1,0,0,1,1,1,1,1,0,1,1,0
2026-05-19T12:39:03Z,TD Synnex,SDSQXAF-032G-GN6AA,1,0,0,1,0,0,1,1,0,1,0,0
2026-05-19T12:39:03Z,TD Synnex,SNV2S/250G,1,0,0,1,0,0,1,1,0,1,0,0
2026-05-19T12:39:03Z,TD Synnex,TAPO L510B(4-PACK),1,0,0,1,0,1,1,1,0,1,0,0
2026-05-19T12:39:03Z,TD Synnex,TZE242,1,0,0,1,0,0,1,1,0,1,0,0
2026-05-19T12:39:03Z,Tool Chimp,MGB692KIT,1,0,0,1,1,0,0,1,0,1,1,0
2026-05-19T12:39:03Z,Trilanco,COA1031,1,0,0,1,0,1,1,1,0,1,0,0
2026-05-19T12:39:03Z,Trilanco,GDB0101,1,0,0,1,1,0,1,1,0,1,1,0
2026-05-19T12:39:03Z,Trilanco,VIC0221,1,0,0,1,0,1,1,1,0,1,0,0
2026-05-19T12:39:03Z,Tropicana,HIG029,1,0,0,1,1,1,1,1,0,1,1,0
2026-05-19T12:39:03Z,Tropicana Wholesale,MIX024,1,0,0,1,1,0,0,1,0,1,1,0
2026-05-19T12:39:03Z,Tropicana Wholesale,MIX025,1,0,0,1,1,0,0,1,0,1,1,0
2026-05-19T12:39:03Z,Tropicana Wholesale,MUT157,1,0,0,1,1,0,1,1,0,1,1,0
2026-05-19T12:39:03Z,Tropicana Wholesale,MYP044,1,0,0,1,1,0,1,1,0,1,1,0
2026-05-19T12:39:03Z,Tropicana Wholesale,QUE034,1,0,0,1,0,1,1,1,0,1,0,0
2026-05-19T12:39:03Z,Tropicana Wholesale,SKI002,1,0,0,1,1,0,0,1,0,1,1,0
2026-05-19T12:39:03Z,Tropicana Wholesale,SKI004,1,0,0,1,1,0,0,1,0,1,1,0
2026-05-19T12:39:03Z,Tropicana Wholesale,SKI006,1,0,0,1,1,0,0,1,0,1,1,0
2026-05-19T12:39:03Z,Tropicana Wholesale,SKI032,1,0,0,1,1,0,1,1,0,1,1,0
2026-05-19T12:39:03Z,Tropicana Wholesale,SKI037,1,0,0,1,0,0,1,1,0,1,0,0
2026-05-19T12:39:03Z,Tropicana Wholesale,SKI072,1,0,0,1,1,0,1,1,0,1,1,0
2026-05-19T12:39:03Z,Tropicana Wholesale,USN026,1,0,0,1,1,0,1,1,0,1,1,0
2026-05-19T12:39:03Z,Vital Pet,,1,0,0,1,1,1,1,1,0,1,1,0
2026-05-19T12:39:03Z,We Stock Lots,,2,0,0,2,2,2,2,2,0,2,2,0
2026-05-19T12:39:03Z,We Stock Lots,MOQ - 36,1,0,0,1,1,0,1,1,0,1,1,0
